# Blender 4.5.2 LTS
# www.blender.org
o anchor_01
v 0.000000 0.950624 -0.000000
v 0.000000 0.818965 -0.000000
v 0.000000 0.000000 0.000000
v 0.000000 1.057951 -0.000000
v 0.000000 1.143017 -0.000000
v 0.000000 1.012461 -0.000000
v 0.000000 1.200161 -0.000000
v 0.000000 0.955317 -0.000000
v 0.000000 0.945613 -0.025192
v 0.000000 0.931343 -0.046549
v 0.000000 0.909987 -0.060819
v 0.000000 0.884795 -0.065830
v 0.000000 0.859603 -0.060819
v 0.000000 0.838246 -0.046549
v 0.000000 0.823976 -0.025192
v 0.000000 0.065847 -0.039613
v 0.000000 0.383145 -0.043816
v 0.000000 0.265325 -0.048756
v 0.000000 1.052078 -0.030672
v 0.000000 1.047108 -0.039966
v 0.000000 1.039085 -0.043815
v 0.000000 0.144820 -0.051915
v 0.000000 1.145213 -0.010985
v 0.000000 1.010264 -0.010985
v 0.000000 1.151458 -0.020275
v 0.000000 1.004020 -0.020275
v 0.000000 1.160777 -0.026446
v 0.000000 0.994700 -0.026446
v 0.000000 1.171730 -0.028571
v 0.000000 0.983748 -0.028571
v 0.000000 1.182641 -0.026347
v 0.000000 0.972836 -0.026347
v 0.000000 1.191861 -0.020134
v 0.000000 0.963617 -0.020134
v 0.000000 1.198006 -0.010885
v 0.000000 0.957472 -0.010885
v -0.227448 0.928888 -0.000000
v -0.227448 0.840701 -0.000000
v -0.227448 0.884795 -0.000000
v -0.141332 0.826210 -0.000000
v -0.141332 0.943379 -0.000000
v -0.099557 0.946723 -0.000000
v -0.099557 0.822866 -0.000000
v -0.102554 0.813458 -0.000000
v -0.138855 0.816364 -0.000000
v -0.102554 0.956131 -0.000000
v -0.138855 0.953225 -0.000000
v -0.043816 0.383145 -0.000000
v -0.047377 0.056373 -0.000000
v -0.056215 0.274190 -0.000000
v -0.289608 0.309847 -0.000000
v -0.263702 0.282548 -0.000000
v -0.148247 0.222203 -0.000000
v -0.093511 0.228931 -0.000000
v -0.030672 1.052078 -0.000000
v -0.039966 1.047108 -0.000000
v -0.043816 1.039085 -0.000000
v -0.337787 0.281333 -0.000000
v -0.206742 0.240621 -0.000000
v -0.302669 0.233918 -0.000000
v -0.231715 0.167741 -0.000000
v -0.166820 0.127188 -0.000000
v -0.105124 0.095505 -0.000000
v -0.368584 0.496537 -0.000000
v -0.075814 0.078706 -0.000000
v -0.071501 0.246490 -0.000000
v -0.389883 0.440787 -0.000000
v -0.373972 0.260335 -0.000000
v -0.351374 0.446471 -0.000000
v -0.239573 0.335043 -0.000000
v -0.401172 0.381159 -0.000000
v -0.325728 0.403575 -0.000000
v -0.394089 0.322904 -0.000000
v -0.293905 0.367126 -0.000000
v -0.339145 0.423265 -0.000000
v -0.397459 0.409506 -0.000000
v -0.311204 0.384620 -0.000000
v -0.399702 0.351752 -0.000000
v -0.384700 0.293985 -0.000000
v -0.269461 0.350374 -0.000000
v -0.234349 0.257298 -0.000000
v -0.267153 0.195781 -0.000000
v -0.177648 0.229089 -0.000000
v -0.197895 0.145916 -0.000000
v -0.119254 0.221405 -0.000000
v -0.135325 0.109851 -0.000000
v -0.062083 1.097911 -0.000000
v -0.052811 1.116108 -0.000000
v -0.038369 1.130550 -0.000000
v -0.020172 1.139822 -0.000000
v -0.020172 1.015656 -0.000000
v -0.038369 1.024928 -0.000000
v -0.052811 1.039369 -0.000000
v -0.062083 1.057567 -0.000000
v -0.065278 1.077739 -0.000000
v -0.116430 1.115569 -0.000000
v -0.099042 1.149697 -0.000000
v -0.071958 1.176780 -0.000000
v -0.037830 1.194169 -0.000000
v -0.037830 0.961308 -0.000000
v -0.071958 0.978697 -0.000000
v -0.099041 1.005781 -0.000000
v -0.116430 1.039908 -0.000000
v -0.122422 1.077739 -0.000000
v -0.227448 0.925531 -0.016874
v -0.227448 0.915973 -0.031178
v -0.227448 0.901668 -0.040737
v -0.227448 0.884795 -0.044093
v -0.227448 0.867921 -0.040737
v -0.227448 0.853616 -0.031178
v -0.227448 0.844058 -0.016874
v -0.141332 0.830670 -0.022419
v -0.141332 0.843369 -0.041425
v -0.141332 0.862375 -0.054125
v -0.141332 0.884795 -0.058584
v -0.141332 0.907214 -0.054125
v -0.141332 0.926220 -0.041425
v -0.141332 0.938919 -0.022419
v -0.099557 0.942009 -0.023699
v -0.099557 0.928585 -0.043790
v -0.099557 0.908494 -0.057214
v -0.099557 0.884795 -0.061928
v -0.099557 0.861096 -0.057214
v -0.099557 0.841005 -0.043790
v -0.099557 0.827580 -0.023699
v -0.102554 0.818889 -0.027299
v -0.138855 0.821573 -0.026187
v -0.102554 0.834352 -0.050442
v -0.138855 0.836407 -0.048388
v -0.102554 0.857495 -0.065906
v -0.138855 0.858607 -0.063221
v -0.102554 0.884795 -0.071336
v -0.138855 0.884795 -0.068430
v -0.102554 0.912094 -0.065906
v -0.138855 0.910982 -0.063221
v -0.102554 0.935237 -0.050442
v -0.138855 0.933182 -0.048387
v -0.102554 0.950701 -0.027299
v -0.138855 0.948016 -0.026187
v -0.041009 0.067275 -0.018763
v -0.019523 0.082113 -0.031847
v -0.037945 0.383145 -0.021908
v -0.021908 0.383145 -0.037945
v -0.044177 0.268032 -0.028484
v -0.021530 0.265868 -0.036332
v -0.342348 0.308003 -0.020292
v -0.316161 0.319881 -0.026254
v -0.225600 0.184631 -0.019915
v -0.211777 0.221516 -0.025647
v -0.278296 0.274104 -0.027217
v -0.297258 0.250570 -0.020708
v -0.162109 0.144975 -0.017628
v -0.152701 0.199900 -0.023772
v -0.099514 0.112323 -0.016386
v -0.089167 0.211416 -0.023299
v -0.026563 1.052078 -0.015336
v -0.034612 1.047108 -0.019983
v -0.037945 1.039085 -0.021908
v -0.015336 1.052078 -0.026563
v -0.019983 1.047108 -0.034611
v -0.021908 1.039085 -0.037945
v -0.020543 0.146392 -0.040844
v -0.043675 0.149366 -0.031911
v -0.070406 0.093399 -0.017171
v -0.064842 0.233702 -0.024958
v -0.368604 0.292527 -0.017007
v -0.277953 0.336948 -0.017814
v -0.370296 0.442037 -0.008378
v -0.363257 0.392923 -0.015959
v -0.394996 0.384196 -0.009368
v -0.336707 0.400958 -0.012734
v -0.347995 0.348272 -0.022177
v -0.387605 0.329844 -0.014972
v -0.308182 0.363732 -0.016651
v -0.356172 0.443736 -0.006965
v -0.385977 0.441095 -0.003904
v -0.347422 0.421042 -0.010258
v 0.000000 0.323514 -0.046326
v -0.368225 0.416626 -0.012354
v -0.392856 0.410407 -0.006594
v -0.323812 0.381792 -0.014827
v 0.000000 0.449653 -0.043816
v -0.357625 0.370397 -0.019163
v -0.394017 0.358052 -0.012275
v 0.000000 0.017355 -0.021351
v -0.378287 0.309349 -0.016467
v -0.337835 0.328620 -0.024883
v -0.290904 0.347930 -0.017863
v -0.260034 0.211405 -0.020363
v -0.243194 0.242998 -0.026578
v -0.193637 0.164018 -0.018739
v -0.181724 0.207895 -0.024258
v -0.130055 0.128322 -0.016984
v 0.227448 0.928888 -0.000000
v 0.227448 0.840701 -0.000000
v 0.227448 0.884795 -0.000000
v 0.141332 0.826210 -0.000000
v 0.141332 0.943379 -0.000000
v 0.099557 0.946723 -0.000000
v 0.099557 0.822866 -0.000000
v 0.102554 0.813458 -0.000000
v 0.138855 0.816364 -0.000000
v 0.102554 0.956131 -0.000000
v 0.138855 0.953225 -0.000000
v 0.043816 0.383145 -0.000000
v 0.047377 0.056373 -0.000000
v -0.119042 0.200296 -0.022725
v -0.064172 1.098589 -0.010985
v -0.054588 1.117399 -0.010985
v 0.056215 0.274190 -0.000000
v 0.289608 0.309847 -0.000000
v 0.263702 0.282548 -0.000000
v 0.148247 0.222203 -0.000000
v 0.093511 0.228931 -0.000000
v 0.030672 1.052078 -0.000000
v 0.039966 1.047108 -0.000000
v 0.043816 1.039085 -0.000000
v 0.337787 0.281333 -0.000000
v 0.206742 0.240621 -0.000000
v 0.302669 0.233918 -0.000000
v 0.231715 0.167741 -0.000000
v 0.166820 0.127188 -0.000000
v 0.105124 0.095505 -0.000000
v 0.368584 0.496537 -0.000000
v 0.075814 0.078706 -0.000000
v 0.071501 0.246490 -0.000000
v 0.389883 0.440787 -0.000000
v 0.373972 0.260335 -0.000000
v 0.351374 0.446471 -0.000000
v 0.239573 0.335043 -0.000000
v 0.401172 0.381159 -0.000000
v 0.325728 0.403575 -0.000000
v 0.394089 0.322904 -0.000000
v 0.293905 0.367126 -0.000000
v 0.339145 0.423265 -0.000000
v 0.397459 0.409506 -0.000000
v 0.311204 0.384620 -0.000000
v 0.399702 0.351752 -0.000000
v 0.384700 0.293985 -0.000000
v 0.269461 0.350374 -0.000000
v 0.234349 0.257298 -0.000000
v 0.267153 0.195781 -0.000000
v -0.039660 1.132326 -0.010985
v -0.020851 1.141911 -0.010985
v -0.020851 1.013567 -0.010985
v -0.039660 1.023151 -0.010985
v -0.054588 1.038078 -0.010985
v -0.064172 1.056888 -0.010985
v -0.067474 1.077739 -0.010985
v -0.070111 1.100519 -0.020275
v -0.059640 1.121070 -0.020275
v -0.043331 1.137379 -0.020275
v -0.022780 1.147849 -0.020275
v -0.022780 1.007628 -0.020275
v -0.043331 1.018099 -0.020275
v -0.059640 1.034408 -0.020275
v -0.070111 1.054958 -0.020275
v -0.073719 1.077739 -0.020275
v -0.078974 1.103399 -0.026446
v -0.067179 1.126547 -0.026446
v -0.048809 1.144918 -0.026446
v -0.025660 1.156713 -0.026446
v -0.025660 0.998765 -0.026446
v -0.048809 1.010559 -0.026446
v -0.067179 1.028930 -0.026446
v -0.078974 1.052078 -0.026446
v -0.083038 1.077739 -0.026446
v -0.089391 1.106784 -0.028571
v -0.076040 1.132985 -0.028571
v -0.055247 1.153779 -0.028571
v -0.029045 1.167130 -0.028571
v -0.029045 0.988348 -0.028571
v -0.055247 1.001698 -0.028571
v -0.076040 1.022492 -0.028571
v -0.089391 1.048694 -0.028571
v -0.093991 1.077739 -0.028571
v -0.099768 1.110155 -0.026347
v -0.084868 1.139399 -0.026347
v -0.061660 1.162607 -0.026347
v -0.032417 1.177507 -0.026347
v -0.032417 0.977970 -0.026347
v -0.061660 0.992871 -0.026347
v -0.084868 1.016078 -0.026347
v -0.099768 1.045322 -0.026347
v -0.104903 1.077739 -0.026347
v -0.108537 1.113004 -0.020134
v -0.092327 1.144818 -0.020134
v -0.067079 1.170065 -0.020134
v -0.035266 1.186275 -0.020134
v -0.035266 0.969202 -0.020134
v -0.067079 0.985412 -0.020134
v -0.092327 1.010659 -0.020134
v -0.108537 1.042473 -0.020134
v -0.114122 1.077739 -0.020134
v -0.114381 1.114903 -0.010885
v -0.097298 1.148430 -0.010885
v -0.070691 1.175037 -0.010885
v -0.037165 1.192119 -0.010885
v -0.037165 0.963358 -0.010885
v -0.070691 0.980441 -0.010885
v -0.097298 1.007048 -0.010885
v -0.114381 1.040574 -0.010885
v -0.120267 1.077739 -0.010885
v -0.046225 0.323514 -0.000000
v -0.022097 0.323514 -0.038273
v -0.038273 0.323514 -0.022097
v -0.043816 0.449653 -0.000000
v -0.037945 0.449653 -0.021908
v -0.021908 0.449653 -0.037945
v -0.218626 0.202916 -0.029319
v -0.251626 0.227043 -0.030271
v -0.287980 0.262213 -0.029676
v -0.187572 0.185835 -0.028118
v -0.156644 0.173094 -0.026921
v -0.124252 0.165501 -0.026675
v -0.094341 0.159731 -0.026365
v -0.065217 0.153833 -0.028128
v 0.000000 0.945613 0.025192
v 0.000000 0.931343 0.046549
v 0.000000 0.909987 0.060819
v 0.000000 0.884795 0.065830
v 0.000000 0.859603 0.060819
v 0.000000 0.838246 0.046549
v 0.000000 0.823976 0.025192
v 0.000000 0.065847 0.039613
v 0.000000 0.383145 0.043816
v 0.000000 0.265325 0.048756
v 0.000000 1.052078 0.030672
v 0.000000 1.047108 0.039966
v 0.000000 1.039085 0.043815
v 0.000000 0.144820 0.051915
v 0.000000 1.145213 0.010985
v 0.000000 1.010264 0.010985
v 0.000000 1.151458 0.020275
v 0.000000 1.004020 0.020275
v 0.000000 1.160777 0.026446
v 0.000000 0.994700 0.026446
v 0.177648 0.229089 -0.000000
v 0.197895 0.145916 -0.000000
v 0.119254 0.221405 -0.000000
v 0.135325 0.109851 -0.000000
v 0.062083 1.097911 -0.000000
v 0.052811 1.116108 -0.000000
v 0.038369 1.130550 -0.000000
v 0.020172 1.139822 -0.000000
v 0.020172 1.015656 -0.000000
v 0.038369 1.024928 -0.000000
v 0.052811 1.039369 -0.000000
v 0.062083 1.057567 -0.000000
v 0.065278 1.077739 -0.000000
v 0.116430 1.115569 -0.000000
v 0.099042 1.149697 -0.000000
v 0.071958 1.176780 -0.000000
v 0.037830 1.194169 -0.000000
v 0.037830 0.961308 -0.000000
v 0.071958 0.978697 -0.000000
v 0.099041 1.005781 -0.000000
v 0.116430 1.039908 -0.000000
v 0.122422 1.077739 -0.000000
v 0.227448 0.925531 -0.016874
v 0.227448 0.915973 -0.031178
v 0.227448 0.901668 -0.040737
v 0.227448 0.884795 -0.044093
v 0.227448 0.867921 -0.040737
v 0.227448 0.853616 -0.031178
v 0.227448 0.844058 -0.016874
v 0.141332 0.830670 -0.022419
v 0.141332 0.843369 -0.041425
v 0.141332 0.862375 -0.054125
v 0.141332 0.884795 -0.058584
v 0.141332 0.907214 -0.054125
v 0.141332 0.926220 -0.041425
v 0.141332 0.938919 -0.022419
v 0.000000 1.171730 0.028571
v 0.000000 0.983748 0.028571
v 0.000000 1.182641 0.026347
v 0.000000 0.972836 0.026347
v 0.000000 1.191861 0.020134
v 0.000000 0.963617 0.020134
v 0.000000 1.198006 0.010885
v 0.000000 0.957472 0.010885
v 0.099557 0.942009 -0.023699
v 0.099557 0.928585 -0.043790
v 0.099557 0.908494 -0.057214
v 0.099557 0.884795 -0.061928
v 0.099557 0.861096 -0.057214
v 0.099557 0.841005 -0.043790
v 0.099557 0.827580 -0.023699
v 0.102554 0.818889 -0.027299
v 0.138855 0.821573 -0.026187
v 0.102554 0.834352 -0.050442
v 0.138855 0.836407 -0.048388
v 0.102554 0.857495 -0.065906
v 0.138855 0.858607 -0.063221
v 0.102554 0.884795 -0.071336
v 0.138855 0.884795 -0.068430
v 0.102554 0.912094 -0.065906
v 0.138855 0.910982 -0.063221
v 0.102554 0.935237 -0.050442
v 0.138855 0.933182 -0.048387
v 0.102554 0.950701 -0.027299
v 0.138855 0.948016 -0.026187
v 0.041009 0.067275 -0.018763
v 0.019523 0.082113 -0.031847
v 0.037945 0.383145 -0.021908
v 0.021908 0.383145 -0.037945
v 0.044177 0.268032 -0.028484
v 0.021530 0.265868 -0.036332
v 0.342348 0.308003 -0.020292
v 0.316161 0.319881 -0.026254
v 0.225600 0.184631 -0.019915
v 0.211777 0.221516 -0.025647
v 0.278296 0.274104 -0.027217
v 0.297258 0.250570 -0.020708
v 0.162109 0.144975 -0.017628
v 0.152701 0.199900 -0.023772
v 0.099514 0.112323 -0.016386
v 0.089167 0.211416 -0.023299
v 0.026563 1.052078 -0.015336
v 0.034612 1.047108 -0.019983
v 0.037945 1.039085 -0.021908
v 0.015336 1.052078 -0.026563
v 0.019983 1.047108 -0.034611
v 0.021908 1.039085 -0.037945
v 0.020543 0.146392 -0.040844
v 0.043675 0.149366 -0.031911
v 0.070406 0.093399 -0.017171
v 0.064842 0.233702 -0.024958
v 0.368604 0.292527 -0.017007
v 0.277953 0.336948 -0.017814
v 0.370296 0.442037 -0.008378
v 0.363257 0.392923 -0.015959
v 0.394996 0.384196 -0.009368
v 0.336707 0.400958 -0.012734
v 0.347995 0.348272 -0.022177
v 0.387605 0.329844 -0.014972
v 0.308182 0.363732 -0.016651
v 0.356172 0.443736 -0.006965
v 0.385977 0.441095 -0.003904
v 0.347422 0.421042 -0.010258
v 0.368225 0.416626 -0.012354
v 0.392856 0.410407 -0.006594
v 0.323812 0.381792 -0.014827
v 0.357625 0.370397 -0.019163
v 0.394017 0.358052 -0.012275
v 0.378287 0.309349 -0.016467
v 0.337835 0.328620 -0.024883
v 0.290904 0.347930 -0.017863
v 0.260034 0.211405 -0.020363
v 0.243194 0.242998 -0.026578
v 0.193637 0.164018 -0.018739
v 0.181724 0.207895 -0.024258
v 0.130055 0.128322 -0.016984
v -0.227448 0.925531 0.016874
v -0.227448 0.915973 0.031178
v -0.227448 0.901668 0.040737
v -0.227448 0.884795 0.044093
v -0.227448 0.867921 0.040737
v -0.227448 0.853616 0.031178
v -0.227448 0.844058 0.016874
v -0.141332 0.830670 0.022419
v -0.141332 0.843369 0.041425
v -0.141332 0.862375 0.054125
v -0.141332 0.884795 0.058584
v -0.141332 0.907214 0.054125
v -0.141332 0.926220 0.041425
v -0.141332 0.938919 0.022419
v -0.099557 0.942009 0.023699
v -0.099557 0.928585 0.043790
v -0.099557 0.908494 0.057214
v -0.099557 0.884795 0.061928
v -0.099557 0.861096 0.057214
v -0.099557 0.841005 0.043790
v -0.099557 0.827580 0.023699
v -0.102554 0.818889 0.027299
v -0.138855 0.821573 0.026187
v -0.102554 0.834352 0.050442
v -0.138855 0.836407 0.048388
v -0.102554 0.857495 0.065906
v -0.138855 0.858607 0.063221
v -0.102554 0.884795 0.071336
v -0.138855 0.884795 0.068430
v -0.102554 0.912094 0.065906
v -0.138855 0.910982 0.063221
v -0.102554 0.935237 0.050442
v -0.138855 0.933182 0.048387
v -0.102554 0.950701 0.027299
v -0.138855 0.948016 0.026187
v -0.041009 0.067275 0.018763
v -0.019523 0.082113 0.031847
v -0.037945 0.383145 0.021908
v -0.021908 0.383145 0.037945
v -0.044177 0.268032 0.028484
v -0.021530 0.265868 0.036332
v -0.342348 0.308003 0.020292
v -0.316161 0.319881 0.026254
v -0.225600 0.184631 0.019915
v -0.211777 0.221516 0.025647
v -0.278296 0.274104 0.027217
v -0.297258 0.250570 0.020708
v -0.162109 0.144975 0.017628
v -0.152701 0.199900 0.023772
v -0.099514 0.112323 0.016386
v -0.089167 0.211416 0.023299
v -0.026563 1.052078 0.015336
v -0.034612 1.047108 0.019983
v -0.037945 1.039085 0.021908
v -0.015336 1.052078 0.026563
v -0.019983 1.047108 0.034611
v -0.021908 1.039085 0.037945
v -0.020543 0.146392 0.040844
v -0.043675 0.149366 0.031911
v -0.070406 0.093399 0.017171
v -0.064842 0.233702 0.024958
v -0.368604 0.292527 0.017007
v -0.277953 0.336948 0.017814
v -0.370296 0.442037 0.008378
v -0.363257 0.392923 0.015959
v -0.394996 0.384196 0.009368
v -0.336707 0.400958 0.012734
v -0.347995 0.348272 0.022177
v -0.387605 0.329844 0.014972
v -0.308182 0.363732 0.016651
v -0.356172 0.443736 0.006965
v -0.385977 0.441095 0.003904
v -0.347422 0.421042 0.010258
v 0.000000 0.323514 0.046326
v -0.368225 0.416626 0.012354
v -0.392856 0.410407 0.006594
v -0.323812 0.381792 0.014827
v 0.000000 0.449653 0.043816
v -0.357625 0.370397 0.019163
v -0.394017 0.358052 0.012275
v 0.000000 0.017355 0.021351
v -0.378287 0.309349 0.016467
v -0.337835 0.328620 0.024883
v -0.290904 0.347930 0.017863
v -0.260034 0.211405 0.020363
v -0.243194 0.242998 0.026578
v -0.193637 0.164018 0.018739
v -0.181724 0.207895 0.024258
v -0.130055 0.128322 0.016984
v 0.119042 0.200296 -0.022725
v 0.064172 1.098589 -0.010985
v 0.054588 1.117399 -0.010985
v 0.039660 1.132326 -0.010985
v 0.020851 1.141911 -0.010985
v 0.020851 1.013567 -0.010985
v 0.039660 1.023151 -0.010985
v 0.054588 1.038078 -0.010985
v 0.064172 1.056888 -0.010985
v 0.067474 1.077739 -0.010985
v 0.070111 1.100519 -0.020275
v 0.059640 1.121070 -0.020275
v 0.043331 1.137379 -0.020275
v 0.022780 1.147849 -0.020275
v 0.022780 1.007628 -0.020275
v 0.043331 1.018099 -0.020275
v 0.059640 1.034408 -0.020275
v -0.119042 0.200296 0.022725
v -0.064172 1.098589 0.010985
v -0.054588 1.117399 0.010985
v 0.070111 1.054958 -0.020275
v 0.073719 1.077739 -0.020275
v 0.078974 1.103399 -0.026446
v 0.067179 1.126547 -0.026446
v 0.048809 1.144918 -0.026446
v 0.025660 1.156713 -0.026446
v 0.025660 0.998765 -0.026446
v 0.048809 1.010559 -0.026446
v 0.067179 1.028930 -0.026446
v 0.078974 1.052078 -0.026446
v 0.083038 1.077739 -0.026446
v 0.089391 1.106784 -0.028571
v 0.076040 1.132985 -0.028571
v 0.055247 1.153779 -0.028571
v 0.029045 1.167130 -0.028571
v 0.029045 0.988348 -0.028571
v 0.055247 1.001698 -0.028571
v 0.076040 1.022492 -0.028571
v 0.089391 1.048694 -0.028571
v 0.093991 1.077739 -0.028571
v 0.099768 1.110155 -0.026347
v 0.084868 1.139399 -0.026347
v -0.039660 1.132326 0.010985
v -0.020851 1.141911 0.010985
v -0.020851 1.013567 0.010985
v -0.039660 1.023151 0.010985
v -0.054588 1.038078 0.010985
v -0.064172 1.056888 0.010985
v -0.067474 1.077739 0.010985
v -0.070111 1.100519 0.020275
v -0.059640 1.121070 0.020275
v -0.043331 1.137379 0.020275
v -0.022780 1.147849 0.020275
v -0.022780 1.007628 0.020275
v -0.043331 1.018099 0.020275
v -0.059640 1.034408 0.020275
v -0.070111 1.054958 0.020275
v -0.073719 1.077739 0.020275
v -0.078974 1.103399 0.026446
v -0.067179 1.126547 0.026446
v -0.048809 1.144918 0.026446
v -0.025660 1.156713 0.026446
v -0.025660 0.998765 0.026446
v -0.048809 1.010559 0.026446
v -0.067179 1.028930 0.026446
v -0.078974 1.052078 0.026446
v -0.083038 1.077739 0.026446
v -0.089391 1.106784 0.028571
v -0.076040 1.132985 0.028571
v -0.055247 1.153779 0.028571
v -0.029045 1.167130 0.028571
v -0.029045 0.988348 0.028571
v -0.055247 1.001698 0.028571
v -0.076040 1.022492 0.028571
v -0.089391 1.048694 0.028571
v -0.093991 1.077739 0.028571
v -0.099768 1.110155 0.026347
v -0.084868 1.139399 0.026347
v -0.061660 1.162607 0.026347
v -0.032417 1.177507 0.026347
v -0.032417 0.977970 0.026347
v -0.061660 0.992871 0.026347
v -0.084868 1.016078 0.026347
v -0.099768 1.045322 0.026347
v -0.104903 1.077739 0.026347
v -0.108537 1.113004 0.020134
v -0.092327 1.144818 0.020134
v -0.067079 1.170065 0.020134
v -0.035266 1.186275 0.020134
v -0.035266 0.969202 0.020134
v -0.067079 0.985412 0.020134
v -0.092327 1.010659 0.020134
v -0.108537 1.042473 0.020134
v -0.114122 1.077739 0.020134
v -0.114381 1.114903 0.010885
v -0.097298 1.148430 0.010885
v -0.070691 1.175037 0.010885
v -0.037165 1.192119 0.010885
v -0.037165 0.963358 0.010885
v -0.070691 0.980441 0.010885
v -0.097298 1.007048 0.010885
v -0.114381 1.040574 0.010885
v -0.120267 1.077739 0.010885
v -0.022097 0.323514 0.038273
v -0.038273 0.323514 0.022097
v -0.037945 0.449653 0.021908
v -0.021908 0.449653 0.037945
v -0.218626 0.202916 0.029319
v -0.251626 0.227043 0.030271
v -0.287901 0.262273 0.029986
v -0.187572 0.185835 0.028118
v -0.156644 0.173094 0.026921
v -0.124252 0.165501 0.026675
v -0.094341 0.159731 0.026365
v -0.065217 0.153833 0.028128
v 0.061660 1.162607 -0.026347
v 0.032417 1.177507 -0.026347
v 0.032417 0.977970 -0.026347
v 0.061660 0.992871 -0.026347
v 0.084868 1.016078 -0.026347
v 0.099768 1.045322 -0.026347
v 0.104903 1.077739 -0.026347
v 0.108537 1.113004 -0.020134
v 0.092327 1.144818 -0.020134
v 0.067079 1.170065 -0.020134
v 0.035266 1.186275 -0.020134
v 0.035266 0.969202 -0.020134
v 0.067079 0.985412 -0.020134
v 0.092327 1.010659 -0.020134
v 0.108537 1.042473 -0.020134
v 0.114122 1.077739 -0.020134
v 0.114381 1.114903 -0.010885
v 0.097298 1.148430 -0.010885
v 0.070691 1.175037 -0.010885
v 0.037165 1.192119 -0.010885
v 0.037165 0.963358 -0.010885
v 0.070691 0.980441 -0.010885
v 0.097298 1.007048 -0.010885
v 0.114381 1.040574 -0.010885
v 0.120267 1.077739 -0.010885
v 0.046225 0.323514 -0.000000
v 0.022097 0.323514 -0.038273
v 0.038273 0.323514 -0.022097
v 0.043816 0.449653 -0.000000
v 0.037945 0.449653 -0.021908
v 0.021908 0.449653 -0.037945
v 0.218626 0.202916 -0.029319
v 0.251626 0.227043 -0.030271
v 0.287901 0.262273 -0.029198
v 0.187572 0.185835 -0.028118
v 0.156644 0.173094 -0.026921
v 0.124252 0.165501 -0.026675
v 0.094341 0.159731 -0.026365
v 0.065217 0.153833 -0.028128
v 0.227448 0.925531 0.016874
v 0.227448 0.915973 0.031178
v 0.227448 0.901668 0.040737
v 0.227448 0.884795 0.044093
v 0.227448 0.867921 0.040737
v 0.227448 0.853616 0.031178
v 0.227448 0.844058 0.016874
v 0.141332 0.830670 0.022419
v 0.141332 0.843369 0.041425
v 0.141332 0.862375 0.054125
v 0.141332 0.884795 0.058584
v 0.141332 0.907214 0.054125
v 0.141332 0.926220 0.041425
v 0.141332 0.938919 0.022419
v 0.099557 0.942009 0.023699
v 0.099557 0.928585 0.043790
v 0.099557 0.908494 0.057214
v 0.099557 0.884795 0.061928
v 0.099557 0.861096 0.057214
v 0.099557 0.841005 0.043790
v 0.099557 0.827580 0.023699
v 0.102554 0.818889 0.027299
v 0.138855 0.821573 0.026187
v 0.102554 0.834352 0.050442
v 0.138855 0.836407 0.048388
v 0.102554 0.857495 0.065906
v 0.138855 0.858607 0.063221
v 0.102554 0.884795 0.071336
v 0.138855 0.884795 0.068430
v 0.102554 0.912094 0.065906
v 0.138855 0.910982 0.063221
v 0.102554 0.935237 0.050442
v 0.138855 0.933182 0.048387
v 0.102554 0.950701 0.027299
v 0.138855 0.948016 0.026187
v 0.041009 0.067275 0.018763
v 0.019523 0.082113 0.031847
v 0.037945 0.383145 0.021908
v 0.021908 0.383145 0.037945
v 0.044177 0.268032 0.028484
v 0.021530 0.265868 0.036332
v 0.342348 0.308003 0.020292
v 0.316161 0.319881 0.025402
v 0.225600 0.184631 0.019915
v 0.211777 0.221516 0.025647
v 0.278296 0.274104 0.027217
v 0.297258 0.250570 0.020708
v 0.162109 0.144975 0.017628
v 0.152701 0.199900 0.023772
v 0.099514 0.112323 0.016386
v 0.089167 0.211416 0.023299
v 0.026563 1.052078 0.015336
v 0.034612 1.047108 0.019983
v 0.037945 1.039085 0.021908
v 0.015336 1.052078 0.026563
v 0.019983 1.047108 0.034611
v 0.021908 1.039085 0.037945
v 0.020543 0.146392 0.040844
v 0.043675 0.149366 0.031911
v 0.070406 0.093399 0.017171
v 0.064842 0.233702 0.024958
v 0.368604 0.292527 0.017007
v 0.277953 0.336948 0.017814
v 0.370296 0.442037 0.008378
v 0.363257 0.392923 0.015959
v 0.394996 0.384196 0.009368
v 0.336707 0.400958 0.012734
v 0.347995 0.348272 0.022177
v 0.387605 0.329844 0.014972
v 0.308182 0.363732 0.016651
v 0.356172 0.443736 0.006965
v 0.385977 0.441095 0.003904
v 0.347422 0.421042 0.010258
v 0.368225 0.416626 0.012354
v 0.392856 0.410407 0.006594
v 0.323812 0.381792 0.014827
v 0.357625 0.370397 0.019163
v 0.394017 0.358052 0.012275
v 0.378287 0.309349 0.016467
v 0.337835 0.328620 0.024883
v 0.290904 0.347930 0.017863
v 0.260034 0.211405 0.020363
v 0.243194 0.242998 0.026578
v 0.193637 0.164018 0.018739
v 0.181724 0.207895 0.024258
v 0.130055 0.128322 0.016984
v 0.119042 0.200296 0.022725
v 0.064172 1.098589 0.010985
v 0.054588 1.117399 0.010985
v 0.039660 1.132326 0.010985
v 0.020851 1.141911 0.010985
v 0.020851 1.013567 0.010985
v 0.039660 1.023151 0.010985
v 0.054588 1.038078 0.010985
v 0.064172 1.056888 0.010985
v 0.067474 1.077739 0.010985
v 0.070111 1.100519 0.020275
v 0.059640 1.121070 0.020275
v 0.043331 1.137379 0.020275
v 0.022780 1.147849 0.020275
v 0.022780 1.007628 0.020275
v 0.043331 1.018099 0.020275
v 0.059640 1.034408 0.020275
v 0.070111 1.054958 0.020275
v 0.073719 1.077739 0.020275
v 0.078974 1.103399 0.026446
v 0.067179 1.126547 0.026446
v 0.048809 1.144918 0.026446
v 0.025660 1.156713 0.026446
v 0.025660 0.998765 0.026446
v 0.048809 1.010559 0.026446
v 0.067179 1.028930 0.026446
v 0.078974 1.052078 0.026446
v 0.083038 1.077739 0.026446
v 0.089391 1.106784 0.028571
v 0.076040 1.132985 0.028571
v 0.055247 1.153779 0.028571
v 0.029045 1.167130 0.028571
v 0.029045 0.988348 0.028571
v 0.055247 1.001698 0.028571
v 0.076040 1.022492 0.028571
v 0.089391 1.048694 0.028571
v 0.093991 1.077739 0.028571
v 0.099768 1.110155 0.026347
v 0.084868 1.139399 0.026347
v 0.061660 1.162607 0.026347
v 0.032417 1.177507 0.026347
v 0.032417 0.977970 0.026347
v 0.061660 0.992871 0.026347
v 0.084868 1.016078 0.026347
v 0.099768 1.045322 0.026347
v 0.104903 1.077739 0.026347
v 0.108537 1.113004 0.020134
v 0.092327 1.144818 0.020134
v 0.067079 1.170065 0.020134
v 0.035266 1.186275 0.020134
v 0.035266 0.969202 0.020134
v 0.067079 0.985412 0.020134
v 0.092327 1.010659 0.020134
v 0.108537 1.042473 0.020134
v 0.114122 1.077739 0.020134
v 0.114381 1.114903 0.010885
v 0.097298 1.148430 0.010885
v 0.070691 1.175037 0.010885
v 0.037165 1.192119 0.010885
v 0.037165 0.963358 0.010885
v 0.070691 0.980441 0.010885
v 0.097298 1.007048 0.010885
v 0.114381 1.040574 0.010885
v 0.120267 1.077739 0.010885
v 0.022097 0.323514 0.038273
v 0.038273 0.323514 0.022097
v 0.037945 0.449653 0.021908
v 0.021908 0.449653 0.037945
v 0.218626 0.202916 0.029319
v 0.251626 0.227043 0.030271
v 0.287901 0.262273 0.029989
v 0.187572 0.185835 0.028118
v 0.156644 0.173094 0.026921
v 0.124252 0.165501 0.026675
v 0.094341 0.159731 0.026365
v 0.065217 0.153833 0.028128
vn -0.1659 -0.6973 0.6973
vn -0.1659 -0.9111 0.3774
vn -0.3471 -0.1064 -0.9318
vn 0.0161 -0.0000 -0.9999
vn -0.3674 -0.0000 -0.9301
vn -0.3846 -0.1164 0.9157
vn -0.5777 -0.4197 0.7001
vn -0.3198 -0.2324 0.9185
vn -0.0798 0.7049 0.7049
vn -0.0798 0.3815 0.9209
vn 0.0798 -0.9209 -0.3815
vn 0.0798 -0.9968 -0.0000
vn 0.1242 0.1491 0.9810
vn -0.1184 -0.1452 0.9823
vn -0.0666 -0.1426 0.9875
vn 0.3090 -0.9511 -0.0000
vn -0.0000 -0.9258 -0.3779
vn 0.2861 -0.8805 -0.3780
vn -0.2858 -0.8749 -0.3909
vn -0.4098 -0.5641 -0.7168
vn -0.5412 -0.7449 -0.3902
vn 0.2189 -0.6799 0.6999
vn -0.0000 -0.9258 0.3779
vn 0.2861 -0.8805 0.3779
vn 0.5767 -0.4214 0.6999
vn 0.5442 -0.7490 0.3780
vn 0.7490 -0.5442 0.3779
vn 0.8759 -0.2838 0.3903
vn 1.0000 -0.0000 -0.0000
vn 0.9511 -0.3090 -0.0000
vn 0.6975 0.5319 0.4801
vn 0.4015 0.7081 0.5809
vn 0.6904 0.5530 0.4665
vn -0.0000 0.9239 -0.3827
vn 0.0392 0.7066 -0.7066
vn -0.0000 0.7071 -0.7071
vn -0.0014 -0.9204 -0.3910
vn -0.2183 -0.6597 -0.7191
vn -0.0837 0.1151 -0.9898
vn 0.0722 0.1582 -0.9848
vn 0.0729 0.1608 -0.9843
vn 0.4344 -0.6138 0.6592
vn 0.3761 -0.6260 0.6831
vn 0.3783 -0.6188 0.6885
vn 0.4325 0.6088 -0.6650
vn 0.4192 0.6432 -0.6407
vn 0.3412 0.6653 -0.6641
vn 0.8804 0.2900 -0.3752
vn 0.9258 -0.0000 -0.3779
vn -0.5442 -0.7490 0.3779
vn -0.4197 -0.5777 0.7001
vn 0.3371 -0.6194 0.7090
vn 0.3403 -0.6097 0.7159
vn 0.4274 -0.5768 -0.6961
vn 0.2207 -0.6791 -0.7001
vn 0.6662 -0.5141 0.5403
vn 0.6252 -0.5234 0.5789
vn 0.6251 -0.5217 0.5807
vn 0.7251 0.6884 0.0166
vn 0.2269 0.9651 -0.1309
vn 0.3150 0.9491 -0.0000
vn -0.8679 0.2782 0.4115
vn -0.8439 0.0946 0.5280
vn -0.9925 0.1219 -0.0000
vn -0.6971 0.0017 -0.7170
vn -0.8757 0.2845 -0.3901
vn -0.9208 -0.0000 -0.3901
vn 0.2182 0.2900 -0.9318
vn -0.0132 -0.0096 -0.9999
vn 0.2973 0.2160 -0.9300
vn -0.2182 0.2900 0.9318
vn 0.0132 -0.0096 0.9999
vn -0.2973 0.2160 0.9300
vn 0.0146 -0.0192 -0.9997
vn -0.0000 -0.3953 -0.9185
vn -0.0000 -0.0161 -0.9999
vn 0.0761 0.1569 0.9847
vn -0.1145 0.1545 0.9813
vn -0.1202 0.1488 0.9815
vn 0.0544 -0.0652 0.9964
vn -0.0031 0.0917 0.9958
vn 0.0697 0.0541 0.9961
vn -0.2381 0.9393 -0.2469
vn -0.7222 0.6916 -0.0000
vn -0.3150 0.9491 -0.0000
vn -0.0119 -0.0120 -0.9999
vn -0.3199 -0.2324 -0.9185
vn -0.2177 -0.2954 -0.9302
vn -0.5641 -0.4099 -0.7168
vn 0.1164 -0.3846 0.9157
vn 0.4253 -0.5854 0.6903
vn 0.2324 -0.3198 0.9185
vn -0.2460 0.7202 0.6486
vn -0.3961 0.6885 0.6075
vn -0.3789 0.7151 0.5873
vn -0.1659 0.3774 0.9111
vn -0.1659 -0.0000 0.9861
vn -0.0000 1.0000 -0.0000
vn 0.1574 0.9491 -0.2727
vn -0.0000 0.9649 -0.2626
vn 0.1659 -0.9111 0.3774
vn 0.1659 -0.6973 0.6973
vn 0.0709 0.1009 0.9924
vn 0.1562 -0.0286 0.9873
vn 0.1875 0.0205 0.9821
vn 0.0798 -0.0000 -0.9968
vn 0.0798 -0.3815 -0.9209
vn -0.1199 -0.3771 -0.9184
vn -0.0000 -0.7141 -0.7001
vn -0.2207 -0.6791 -0.7001
vn -0.0392 -0.9232 0.3824
vn -0.0000 -1.0000 -0.0000
vn -0.0000 -0.9239 0.3827
vn -0.4888 0.0948 0.8672
vn -0.6904 0.5530 0.4665
vn -0.6975 0.5319 0.4802
vn -0.9528 0.2804 -0.1162
vn -0.9528 0.2146 -0.2146
vn -0.2188 0.6800 0.6999
vn -0.2324 0.3199 0.9185
vn -0.1222 0.3760 0.9185
vn -0.1437 -0.0615 0.9877
vn -0.1049 -0.1854 0.9770
vn -0.1653 -0.1649 0.9724
vn 0.5071 0.0275 0.8614
vn -0.0000 0.0067 1.0000
vn 0.3634 0.0111 0.9316
vn 0.0241 -0.0005 0.9997
vn 0.3199 0.2324 0.9185
vn 0.0131 0.0095 0.9999
vn 0.2081 0.0705 -0.9756
vn 0.0719 0.0981 -0.9926
vn 0.0833 0.1102 -0.9904
vn -0.6787 -0.2226 -0.6999
vn -0.7490 -0.5442 -0.3779
vn -0.8805 -0.2861 -0.3779
vn 0.2460 0.7202 -0.6486
vn 0.3961 0.6885 -0.6075
vn 0.3789 0.7151 -0.5873
vn -0.5000 -0.0000 0.8660
vn -0.4988 0.0028 0.8667
vn 0.1659 0.3774 -0.9111
vn 0.1659 -0.0000 -0.9861
vn -0.1064 0.3471 -0.9318
vn -0.0000 0.3675 -0.9300
vn -0.4330 -0.6200 0.6543
vn -0.5291 -0.5724 0.6264
vn -0.4344 -0.6138 0.6592
vn 0.1808 -0.1017 0.9782
vn -0.1369 0.1509 0.9790
vn 0.1184 -0.1452 0.9823
vn -0.6662 -0.5141 0.5403
vn -0.6252 -0.5234 0.5789
vn -0.6672 -0.5199 0.5334
vn -0.1854 -0.1382 -0.9729
vn 0.0077 0.1306 -0.9914
vn 0.1132 0.1115 -0.9873
vn 0.7455 -0.5398 0.3910
vn 0.6631 -0.2155 0.7168
vn -0.9698 -0.0934 0.2254
vn -0.9698 -0.0000 0.2440
vn -0.7477 0.5478 0.3752
vn -0.9511 0.3090 -0.0000
vn -0.8805 0.2861 0.3779
vn 0.6624 0.2115 -0.7186
vn 0.3674 -0.0000 -0.9301
vn 0.6974 -0.0000 -0.7167
vn -0.3958 0.0027 0.9183
vn -0.0154 -0.0050 0.9999
vn -0.0161 -0.0000 0.9999
vn -0.8090 -0.5878 -0.0000
vn -0.7480 -0.5482 0.3741
vn -0.9528 0.2804 0.1162
vn -0.9528 0.2146 0.2146
vn 0.8090 -0.5878 -0.0000
vn -0.5418 -0.7521 -0.3752
vn -0.2081 0.0705 -0.9756
vn -0.0719 0.0981 -0.9926
vn -0.1875 0.0205 -0.9821
vn 0.0798 -0.9209 0.3815
vn -0.7184 0.3161 0.6196
vn -0.7178 0.3152 0.6208
vn -0.7460 0.2564 0.6146
vn 0.6791 -0.2207 -0.7001
vn 0.7141 -0.0000 -0.7001
vn 0.0007 -0.9207 0.3903
vn -0.2155 -0.6632 0.7167
vn -0.0000 -0.6972 0.7169
vn -0.8665 0.0025 0.4991
vn -1.0000 -0.0000 -0.0000
vn -1.0000 0.0065 -0.0000
vn -0.9528 0.1162 -0.2804
vn -0.9528 -0.0000 -0.3035
vn -0.5148 0.6666 0.5391
vn -0.5985 0.6140 0.5146
vn -0.5016 0.6822 0.5320
vn -0.9528 0.1162 0.2804
vn 0.2838 -0.8759 -0.3902
vn 0.4099 -0.5641 -0.7168
vn 0.2155 -0.6632 -0.7167
vn 0.8660 -0.0000 -0.5000
vn 1.0000 0.0044 -0.0000
vn 0.5291 -0.5724 0.6264
vn 0.4330 -0.6200 0.6543
vn 0.1168 0.1448 0.9825
vn -0.0761 0.1569 0.9847
vn -0.0662 0.1639 0.9843
vn 0.1659 -0.9861 -0.0000
vn -0.3482 0.1158 -0.9302
vn -0.5642 0.4099 -0.7167
vn -0.6579 0.2138 -0.7221
vn 0.1659 -0.0000 0.9861
vn 0.1659 -0.3774 0.9111
vn -0.0000 0.6972 -0.7168
vn -0.2155 0.6632 -0.7168
vn 0.3958 0.0027 -0.9183
vn 0.0154 -0.0050 -0.9999
vn -0.2083 0.9378 0.2776
vn -0.0000 0.6916 0.7222
vn -0.0001 0.9649 0.2626
vn -0.5878 0.8090 -0.0000
vn -0.2845 0.8757 -0.3901
vn -0.3090 0.9511 -0.0000
vn -0.4182 -0.5790 -0.6999
vn -0.2861 -0.8805 -0.3779
vn -0.0000 -0.3827 -0.9239
vn -0.0392 -0.0000 -0.9992
vn -0.0000 -0.0000 -1.0000
vn -0.3090 -0.9511 -0.0000
vn 0.1574 0.9491 0.2727
vn 0.2269 0.9651 0.1310
vn 0.4046 0.0200 -0.9143
vn 0.2850 -0.0439 -0.9575
vn 0.4181 -0.0309 -0.9079
vn -0.1562 -0.0286 -0.9873
vn 0.9698 -0.0934 -0.2254
vn 0.9698 -0.0000 -0.2440
vn -0.2084 -0.2972 0.9318
vn 0.0050 0.0154 0.9999
vn -0.1136 -0.3494 0.9301
vn -0.4284 0.5783 0.6943
vn -0.5777 0.4197 0.7001
vn 0.2188 0.6800 -0.6999
vn 0.2324 0.3199 -0.9185
vn 0.1222 0.3760 -0.9185
vn 0.8440 0.0925 -0.5284
vn 1.0000 0.0065 -0.0000
vn 0.9925 0.1219 -0.0000
vn -0.5291 -0.5724 -0.6264
vn -0.4330 -0.6200 -0.6543
vn -0.4344 -0.6138 -0.6592
vn 0.1064 -0.3470 -0.9318
vn -0.0000 0.0161 -0.9999
vn -0.0000 -0.3675 -0.9300
vn -0.5990 0.6138 -0.5142
vn -0.5148 0.6666 -0.5391
vn -0.5016 0.6822 -0.5320
vn 0.3957 -0.0025 0.9184
vn 0.6791 -0.2207 0.7001
vn 0.7141 -0.0000 0.7001
vn 0.0829 -0.2259 0.9706
vn 0.1049 -0.1854 0.9770
vn -0.3943 -0.3352 0.8557
vn -0.3200 -0.3738 0.8706
vn 0.0050 -0.0154 0.9999
vn 0.0071 -0.0232 0.9997
vn 0.6671 0.3984 0.6294
vn 0.7177 0.3153 0.6209
vn 0.6700 0.3961 0.6279
vn -0.1170 0.1381 0.9835
vn 0.0662 0.1639 0.9843
vn -0.4222 0.6756 -0.6045
vn -0.1073 0.7386 -0.6656
vn -0.4015 0.7081 -0.5809
vn -0.0027 0.3957 -0.9184
vn 0.0050 0.0154 -0.9999
vn -0.0798 -0.0000 0.9968
vn -0.0798 -0.3815 0.9209
vn 0.3298 -0.2295 -0.9157
vn 0.2324 -0.3199 -0.9185
vn -0.0798 0.7049 -0.7049
vn -0.0798 0.9209 -0.3815
vn 0.9205 -0.0013 0.3908
vn 0.9511 0.3090 -0.0000
vn -0.8679 0.2782 -0.4115
vn -0.8439 0.0946 -0.5280
vn -0.4888 0.0948 -0.8672
vn 0.0988 0.1249 0.9872
vn 0.8755 -0.2852 -0.3902
vn 0.6631 -0.2155 -0.7168
vn 0.1290 -0.3894 -0.9120
vn -0.7455 -0.5398 -0.3910
vn -0.6631 -0.2155 -0.7168
vn -0.8757 -0.2845 -0.3901
vn -0.1659 -0.9111 -0.3774
vn -0.1659 -0.6973 -0.6973
vn 0.1064 0.3471 0.9318
vn -0.0000 -0.0161 0.9999
vn -0.0000 0.3675 0.9300
vn 0.7521 0.5418 0.3752
vn 0.5878 0.8090 -0.0000
vn 0.5442 0.7490 0.3779
vn -0.1158 -0.3482 -0.9303
vn -0.0119 0.0120 -0.9999
vn -0.3198 0.2324 -0.9185
vn -0.2324 0.3199 -0.9185
vn 0.1547 -0.3387 0.9281
vn 0.0260 -0.1149 0.9930
vn 0.1086 -0.2771 0.9547
vn -0.5831 -0.4515 -0.6754
vn -0.6189 -0.5850 -0.5242
vn -0.4553 -0.3182 -0.8315
vn -0.9698 -0.0934 -0.2254
vn -0.9698 -0.1725 -0.1725
vn 0.1659 0.9111 -0.3774
vn 0.1659 0.6973 -0.6973
vn 0.5604 -0.4116 -0.7187
vn 0.2160 -0.2972 -0.9301
vn -0.1659 0.6973 -0.6973
vn -0.1659 0.3774 -0.9111
vn 0.9528 -0.2804 -0.1162
vn 0.9528 -0.2146 -0.2146
vn -0.0067 0.7179 -0.6961
vn 0.2861 0.8805 -0.3779
vn -0.1653 -0.1649 -0.9724
vn -0.2850 -0.0439 -0.9575
vn 0.0869 0.1496 0.9849
vn -0.0391 -0.1333 0.9903
vn 0.2264 0.1058 0.9683
vn 0.0833 0.1102 0.9904
vn 0.2081 0.0705 0.9756
vn 0.9698 -0.0934 0.2254
vn 0.9698 -0.0000 0.2440
vn -0.1064 0.3471 0.9318
vn -0.6270 0.4584 -0.6298
vn -0.6671 0.3984 -0.6294
vn -0.6700 0.3961 -0.6279
vn -0.2861 -0.8805 0.3780
vn -0.2207 -0.6791 0.7001
vn 0.0550 -0.0701 -0.9960
vn -0.0031 0.0917 -0.9958
vn 0.0177 -0.0821 -0.9965
vn -0.1210 0.7256 -0.6774
vn 0.1010 0.7240 -0.6824
vn 0.6582 0.6707 -0.3418
vn 0.7445 -0.5418 -0.3902
vn -0.2489 0.1240 0.9606
vn -0.0988 0.1249 0.9872
vn 0.5000 -0.0000 0.8660
vn 0.4997 0.0044 0.8662
vn 0.8809 0.2851 0.3778
vn -0.5289 -0.5764 -0.6230
vn -0.6251 -0.5217 -0.5807
vn -0.6252 -0.5234 -0.5789
vn 0.3510 0.6898 0.6333
vn -0.0000 0.0033 1.0000
vn 0.5000 0.0066 0.8660
vn 0.8372 -0.2366 -0.4930
vn 0.7444 -0.3169 -0.5878
vn 0.8381 -0.2477 -0.4860
vn 0.0067 0.7179 0.6961
vn -0.2861 0.8805 0.3779
vn 0.9698 0.2440 -0.0000
vn 0.9698 0.2254 0.0934
vn 0.1659 -0.3774 -0.9111
vn 0.2896 -0.2181 -0.9320
vn -0.9698 -0.1725 0.1725
vn -0.0722 0.1582 0.9848
vn -0.0729 0.1608 0.9843
vn 0.0392 0.9232 -0.3824
vn 0.3783 -0.6188 -0.6885
vn 0.3370 -0.6195 -0.7090
vn 0.3761 -0.6260 -0.6831
vn 0.8679 0.2782 0.4115
vn 0.8439 0.0946 0.5280
vn 0.4888 0.0948 0.8672
vn -0.0000 0.7071 0.7071
vn 0.0392 0.3824 0.9232
vn 0.0392 0.7066 0.7066
vn -0.4110 0.5630 0.7171
vn 0.3943 -0.3354 0.8556
vn 0.3200 -0.3737 0.8706
vn -0.8090 0.5878 -0.0000
vn -0.2465 -0.1793 -0.9524
vn -0.3882 -0.3281 -0.8612
vn -0.3687 -0.6161 0.6961
vn -0.3475 -0.6148 0.7080
vn -0.3079 -0.6115 0.7288
vn 0.1089 0.1376 0.9845
vn 0.1145 0.1545 0.9813
vn 0.8532 0.0524 0.5190
vn 0.8781 -0.1014 0.4677
vn 0.8810 -0.1063 0.4610
vn -0.2081 0.0705 0.9756
vn -0.0719 0.0981 0.9926
vn -0.0833 0.1102 0.9904
vn -0.0011 0.9259 0.3778
vn 0.4457 -0.1380 0.8845
vn 0.4777 -0.0318 0.8780
vn 0.4563 -0.1930 0.8686
vn -0.8660 -0.0000 0.5000
vn -0.0546 -0.0654 0.9964
vn -0.0829 -0.2259 0.9706
vn 0.6921 0.2644 0.6716
vn 0.7063 0.2357 0.6676
vn 0.7058 0.2358 0.6680
vn 0.7477 0.5478 -0.3752
vn 0.3199 -0.2324 0.9185
vn -0.9698 0.0934 0.2254
vn -0.0042 0.1245 -0.9922
vn -0.1038 0.1658 -0.9807
vn 0.1094 0.0101 -0.9939
vn 0.4888 0.0948 -0.8672
vn 0.5068 0.0280 -0.8616
vn 0.4568 -0.5920 -0.6640
vn 0.3378 -0.6077 -0.7188
vn 0.4519 -0.6167 -0.6446
vn 0.0068 -0.7193 0.6947
vn -0.4679 0.6154 0.6343
vn -0.5243 0.6025 0.6018
vn -0.4192 0.6432 0.6407
vn 0.6921 0.2644 -0.6716
vn 0.7058 0.2358 -0.6680
vn 0.7063 0.2357 -0.6676
vn 0.9528 -0.0000 -0.3035
vn 0.9528 0.1162 -0.2804
vn 0.0798 -0.3815 0.9209
vn 0.0798 -0.0000 0.9968
vn 0.0188 0.0261 0.9995
vn 0.2324 0.3199 0.9185
vn -0.7521 0.5418 -0.3752
vn -0.5442 0.7490 -0.3779
vn 0.9698 0.0934 -0.2254
vn 0.9698 0.1725 -0.1725
vn -0.2742 0.1426 0.9510
vn 0.3972 0.0103 0.9177
vn -0.1659 -0.3774 0.9111
vn 0.4553 -0.3182 0.8315
vn 0.4679 0.6154 -0.6343
vn 0.5243 0.6025 -0.6018
vn 0.1659 -0.6973 -0.6973
vn 0.1659 -0.9111 -0.3774
vn 0.4563 -0.1930 -0.8686
vn 0.4553 -0.3182 -0.8315
vn 0.5830 -0.4516 -0.6754
vn 0.4264 0.5763 -0.6972
vn 0.3198 0.2324 -0.9185
vn -0.1069 -0.0296 -0.9938
vn 0.3094 -0.6010 0.7369
vn 0.3103 -0.5977 0.7392
vn 0.6972 -0.0000 0.7168
vn -0.5604 -0.4116 0.7187
vn -0.4099 -0.5641 0.7168
vn 0.8666 0.0028 0.4989
vn 0.2489 0.1238 0.9606
vn 0.2264 0.1058 -0.9683
vn 0.0988 0.1247 -0.9873
vn 0.0392 -0.0000 -0.9992
vn 0.0095 -0.0132 -0.9999
vn 0.0132 -0.0095 -0.9999
vn -0.5878 -0.8090 -0.0000
vn 0.5771 0.4277 -0.6957
vn 0.8090 0.5878 -0.0000
vn 0.5412 0.7449 -0.3901
vn 0.7449 0.5412 -0.3900
vn -0.1659 0.9111 -0.3774
vn -0.1659 0.9861 -0.0000
vn 0.5405 -0.7440 -0.3929
vn 0.5878 -0.8090 -0.0000
vn -0.6852 -0.2155 0.6958
vn 0.1659 0.3774 0.9111
vn 0.3422 -0.5929 0.7289
vn 0.3378 -0.6077 0.7188
vn -0.0869 0.1496 -0.9849
vn 0.0666 -0.1426 -0.9875
vn 0.0391 -0.1333 -0.9903
vn 0.0392 -0.9232 0.3824
vn -0.3483 -0.1156 0.9302
vn 0.0161 -0.0000 0.9999
vn -0.0050 -0.0154 -0.9999
vn -0.0119 0.0122 0.9999
vn 0.3494 -0.1136 0.9301
vn 0.2973 -0.2160 0.9300
vn -0.3197 -0.3733 -0.8709
vn -0.0666 -0.1426 -0.9875
vn -0.2269 -0.3699 -0.9009
vn -0.0000 -0.3827 0.9239
vn 0.0392 -0.0000 0.9992
vn -0.0000 -0.0000 1.0000
vn -0.9511 -0.3090 -0.0000
vn -0.2084 0.2972 -0.9318
vn -0.8755 -0.2852 0.3902
vn -0.6974 -0.0000 0.7167
vn -0.6631 -0.2155 0.7168
vn -0.1574 0.9491 -0.2727
vn -0.0154 -0.0050 -0.9999
vn -0.0161 -0.0000 -0.9999
vn -0.0208 -0.0793 0.9966
vn -0.1086 -0.2771 0.9547
vn -0.8805 -0.2861 0.3779
vn -0.9258 -0.0000 0.3779
vn -0.5069 0.0280 -0.8615
vn -0.3972 0.0103 -0.9177
vn 0.0798 -0.7049 0.7048
vn 0.0798 -0.7048 0.7049
vn -0.0798 -0.3815 -0.9209
vn -0.0798 -0.7048 -0.7049
vn -0.0000 0.9239 0.3827
vn 0.0392 0.9232 0.3824
vn -0.4325 0.6088 0.6650
vn -0.3412 0.6653 0.6641
vn -0.9528 -0.1161 -0.2804
vn 0.9698 0.0934 0.2254
vn 0.0798 0.7049 0.7049
vn 0.0798 0.3815 0.9209
vn -0.0271 -0.1151 0.9930
vn -0.1547 -0.3387 0.9281
vn -0.3957 -0.0025 -0.9184
vn -0.7141 -0.0000 -0.7001
vn 0.6257 0.6914 0.3612
vn -0.1659 0.9111 0.3774
vn -0.0798 0.9968 -0.0000
vn -0.0798 0.9209 0.3815
vn -0.4084 0.5648 -0.7171
vn -0.5421 0.7435 -0.3916
vn 0.3090 0.9511 -0.0000
vn -0.1202 0.1487 -0.9815
vn -0.2741 0.1425 -0.9511
vn -0.1145 0.1545 -0.9813
vn 0.3192 -0.3723 -0.8715
vn 0.2269 -0.3699 -0.9009
vn 0.0027 0.3957 0.9184
vn -0.0050 0.0154 0.9999
vn -0.0000 0.0161 0.9999
vn 0.0495 0.1163 0.9920
vn -0.3510 0.6898 -0.6333
vn -0.0000 0.0033 -1.0000
vn -0.5000 0.0066 -0.8660
vn -0.3198 0.2324 0.9185
vn -0.2461 0.7202 -0.6486
vn -0.3960 0.6885 -0.6075
vn -0.2649 0.6980 -0.6653
vn -0.0000 0.3827 0.9239
vn -0.0722 0.1582 -0.9848
vn -0.0729 0.1608 -0.9843
vn 0.4344 -0.6138 -0.6592
vn 0.4330 -0.6200 -0.6543
vn -0.0761 0.1569 -0.9847
vn 0.1145 0.1545 -0.9813
vn 0.1202 0.1488 -0.9815
vn 0.8758 0.2830 -0.3910
vn 0.9201 0.0016 -0.3916
vn -0.0392 -0.0000 0.9992
vn -0.9528 -0.2146 -0.2146
vn -0.9528 -0.2804 -0.1162
vn 0.2461 0.7202 0.6486
vn 0.3960 0.6885 0.6075
vn 0.2649 0.6980 0.6653
vn 0.1562 -0.0286 -0.9873
vn -0.0495 0.1163 -0.9920
vn 0.0260 -0.1149 -0.9930
vn -0.3608 -0.0062 0.9326
vn -0.0757 0.1640 -0.9836
vn -0.6624 0.2115 0.7186
vn -0.4222 0.6756 0.6045
vn -0.1073 0.7386 0.6656
vn -0.1209 0.7256 0.6774
vn -0.7450 -0.5412 0.3900
vn -0.4015 0.7081 0.5809
vn 0.6189 -0.5850 -0.5242
vn 0.4222 0.6756 -0.6045
vn 0.1073 0.7386 -0.6656
vn 0.1209 0.7256 -0.6774
vn -0.8223 0.0211 0.5687
vn -0.3932 0.6426 0.6576
vn -0.6256 0.6914 0.3613
vn 0.8223 0.1563 0.5472
vn 0.8467 0.0592 0.5288
vn -0.9258 -0.0000 -0.3780
vn 0.3846 -0.1164 0.9157
vn 0.1210 0.7256 0.6774
vn -0.1010 0.7240 0.6824
vn 0.1073 0.7386 0.6656
vn 0.7489 -0.2799 -0.6006
vn 0.7051 -0.3022 -0.6414
vn -0.1659 -0.9861 -0.0000
vn 0.8223 0.1562 -0.5472
vn 0.8467 0.0592 -0.5288
vn 0.8192 0.1576 -0.5513
vn 0.2226 0.6787 0.6999
vn 0.2870 0.8832 0.3709
vn -0.1125 -0.1462 -0.9828
vn 0.1242 0.1491 -0.9810
vn -0.8223 0.1562 0.5472
vn -0.8467 0.0592 0.5288
vn -0.8192 0.1576 0.5513
vn -0.3760 0.1222 0.9185
vn 0.0798 -0.7049 -0.7048
vn 0.1547 -0.3387 -0.9281
vn 0.1086 -0.2771 -0.9547
vn 0.2177 -0.2954 0.9302
vn 0.5603 -0.4060 0.7220
vn 0.4099 -0.5641 0.7168
vn 0.1319 0.3796 0.9157
vn -0.9528 -0.2804 0.1162
vn -0.9528 -0.2146 0.2146
vn 0.3765 -0.6165 0.6915
vn 0.3531 -0.6152 0.7049
vn 0.4224 -0.6177 0.6633
vn -0.5962 0.5223 0.6098
vn -0.6263 0.4586 0.6304
vn -0.5962 0.5222 0.6098
vn 0.0095 0.0131 -0.9999
vn -0.5068 0.0280 0.8616
vn 0.0011 0.9259 -0.3778
vn 0.8810 -0.1063 -0.4610
vn 0.8781 -0.1014 -0.4677
vn -0.2878 0.2091 -0.9346
vn -0.1009 0.7239 -0.6824
vn -0.1083 0.7145 -0.6912
vn -0.0000 0.9208 -0.3900
vn -0.0000 0.3827 -0.9239
vn 0.2682 -0.0511 0.9620
vn -0.1659 -0.3774 -0.9111
vn 0.0392 -0.9232 -0.3824
vn -0.0000 -0.9239 -0.3827
vn 0.3819 -0.1327 -0.9146
vn 0.5851 -0.4167 -0.6957
vn -0.4554 0.4127 0.7888
vn 0.0296 0.0122 -0.9995
vn 0.0131 0.0095 -0.9999
vn -0.0662 0.1639 -0.9843
vn 0.1170 0.1381 -0.9835
vn -0.8660 -0.0000 -0.5000
vn -0.4989 0.0028 -0.8666
vn -0.8666 0.0028 -0.4989
vn -0.5412 0.7449 0.3901
vn -0.7449 0.5412 0.3900
vn -0.0000 -0.7071 0.7071
vn 0.0392 -0.3824 0.9232
vn 0.9698 0.1725 0.1725
vn -0.8810 -0.1063 0.4610
vn -0.8381 -0.2477 0.4860
vn -0.8781 -0.1014 0.4677
vn 0.8658 0.0020 -0.5003
vn -0.1319 -0.3796 0.9157
vn -0.0000 -0.3953 0.9185
vn 0.0154 -0.0050 0.9999
vn 0.1659 0.9111 0.3774
vn 0.1659 0.9861 -0.0000
vn -0.0095 0.0132 0.9999
vn 0.0774 0.0641 0.9949
vn -0.0757 0.1640 0.9836
vn -0.0986 0.1584 0.9824
vn 0.6904 0.5530 -0.4665
vn 0.6975 0.5319 -0.4802
vn -0.9698 0.1725 0.1725
vn 0.8830 -0.2829 -0.3746
vn -0.0037 -0.6948 -0.7192
vn 0.4166 0.5848 0.6961
vn -0.1659 0.6973 0.6973
vn -0.5641 0.4099 0.7168
vn -0.9528 -0.3035 -0.0000
vn 0.0148 -0.0731 0.9972
vn 0.4315 -0.0763 0.8989
vn -0.0495 0.1163 0.9920
vn 0.5289 -0.5764 -0.6230
vn 0.6251 -0.5217 -0.5807
vn 0.5291 -0.5724 -0.6264
vn -0.4214 0.5767 -0.6999
vn -0.4553 -0.3182 0.8315
vn -0.4519 -0.6167 0.6446
vn -0.6189 -0.5850 0.5242
vn 0.1653 -0.1649 0.9724
vn -0.0392 0.9232 0.3824
vn -0.0153 -0.0075 0.9999
vn 0.2160 0.2972 0.9301
vn 0.2973 0.2160 0.9300
vn 0.5420 -0.7524 -0.3742
vn 0.8805 -0.2861 0.3779
vn -0.7435 0.5422 -0.3914
vn 0.1437 -0.0616 -0.9877
vn 0.1049 -0.1854 -0.9770
vn 0.1653 -0.1649 -0.9724
vn 0.3765 -0.6165 -0.6915
vn 0.3531 -0.6152 -0.7049
vn 0.3079 -0.6115 -0.7288
vn 0.8753 0.2829 0.3921
vn 0.5642 0.4099 0.7167
vn 0.7449 0.5412 0.3901
vn -0.2649 0.6980 0.6653
vn -0.1084 0.7146 0.6911
vn -0.5412 -0.7449 0.3902
vn -0.0697 0.0541 0.9961
vn 0.4473 -0.1388 -0.8836
vn -0.2130 0.9606 0.1786
vn 0.4568 -0.5920 0.6640
vn -0.0036 0.6954 0.7187
vn -0.2109 0.6614 0.7197
vn 0.6662 -0.5141 -0.5403
vn 0.6252 -0.5234 -0.5789
vn 0.6672 -0.5199 -0.5334
vn 0.4099 0.5641 0.7168
vn 0.5455 0.7516 -0.3708
vn 0.0798 0.9968 -0.0000
vn 0.0798 0.9209 -0.3815
vn -0.2324 -0.3199 0.9185
vn 0.2503 -0.1802 0.9512
vn 0.1069 -0.0296 0.9938
vn -0.0392 0.3824 0.9232
vn -0.2858 -0.8749 0.3909
vn 0.5243 0.6025 0.6018
vn 0.4679 0.6154 0.6343
vn 0.4192 0.6432 0.6407
vn -0.3382 0.1104 0.9346
vn 0.3104 -0.5977 -0.7392
vn 0.3422 -0.5929 -0.7290
vn 0.3093 -0.6010 -0.7370
vn -0.9195 -0.0000 0.3930
vn -0.5289 -0.5764 0.6230
vn -0.6251 -0.5217 0.5807
vn -0.7193 -0.0067 0.6947
vn 0.0340 -0.1324 0.9906
vn 0.4015 0.7081 -0.5809
vn -0.9698 0.2254 0.0934
vn -0.9698 0.2440 -0.0000
vn -0.1242 0.1491 -0.9810
vn 0.0998 -0.1398 -0.9851
vn -0.3104 -0.5977 0.7392
vn -0.3422 -0.5929 0.7290
vn -0.3093 -0.6010 0.7370
vn 0.9528 -0.2804 0.1162
vn 0.9528 -0.3035 -0.0000
vn -0.5455 0.7516 0.3708
vn 0.2489 0.1240 -0.9606
vn 0.1776 -0.1452 -0.9733
vn 0.2398 -0.1781 -0.9543
vn 0.3749 -0.3124 -0.8729
vn 0.0392 -0.3824 -0.9232
vn -0.0000 -0.7071 -0.7071
vn -0.5962 0.5223 -0.6097
vn -0.5413 0.5966 -0.5925
vn -0.5243 0.6025 -0.6018
vn 0.8532 0.0524 -0.5190
vn -0.0798 0.3815 -0.9209
vn 0.9273 0.0038 0.3742
vn 0.5647 0.4058 -0.7186
vn 0.3467 0.1061 -0.9320
vn 0.1659 0.6973 0.6973
vn -0.0000 0.6410 -0.7675
vn 0.3756 0.1247 0.9184
vn 0.5853 0.4253 0.6903
vn -0.4472 -0.1358 0.8840
vn -0.4777 -0.0318 0.8780
vn -0.4182 -0.0309 0.9078
vn 0.5412 0.7449 0.3901
vn -0.2850 -0.0439 0.9575
vn -0.9528 0.3035 -0.0000
vn 0.3797 0.1320 -0.9157
vn 0.3432 0.1179 0.9318
vn -0.5413 0.5966 0.5925
vn -0.2919 -0.2187 -0.9311
vn 0.4222 0.6756 0.6045
vn -0.2896 -0.2181 0.9320
vn 0.6671 0.3984 -0.6294
vn 0.7178 0.3152 -0.6208
vn 0.7184 0.3161 -0.6196
vn 0.2155 0.6632 -0.7168
vn 0.2845 0.8757 -0.3901
vn -0.0392 -0.9232 -0.3824
vn -0.0829 -0.2259 -0.9706
vn -0.0557 -0.0679 -0.9961
vn -0.1049 -0.1854 -0.9770
vn -0.3783 -0.6188 0.6885
vn -0.3370 -0.6195 0.7090
vn -0.3761 -0.6260 0.6831
vn -0.7489 -0.2799 0.6006
vn -0.7051 -0.3022 0.6414
vn -0.7444 -0.3169 0.5878
vn -0.3761 -0.6260 -0.6831
vn -0.3783 -0.6188 -0.6885
vn -0.7058 0.2358 -0.6680
vn -0.8192 0.1576 -0.5513
vn -0.8223 0.1563 -0.5472
vn 0.0697 0.0541 -0.9961
vn -0.9528 -0.1161 0.2804
vn -0.9528 -0.0000 0.3035
vn 0.2269 -0.3699 0.9009
vn 0.1064 0.3471 -0.9318
vn -0.9528 -0.1162 0.2804
vn 0.0031 0.0917 -0.9958
vn -0.0697 0.0541 -0.9961
vn -0.2829 0.8827 -0.3752
vn -0.0000 0.9208 0.3900
vn 0.9528 0.2146 0.2146
vn 0.9528 0.1162 0.2804
vn 0.3428 -0.1179 -0.9320
vn -0.3403 -0.6097 0.7159
vn 0.5148 0.6666 -0.5391
vn -0.1592 0.0351 -0.9866
vn -0.1433 -0.0652 -0.9875
vn -0.6904 0.5530 -0.4665
vn -0.8532 0.0524 0.5190
vn -0.0392 -0.7066 -0.7066
vn 0.9698 -0.1725 0.1725
vn -0.6921 0.2644 -0.6716
vn -0.7063 0.2357 -0.6676
vn -0.5769 0.4274 -0.6961
vn -0.8831 0.2830 -0.3742
vn 0.7184 0.3161 0.6196
vn 0.7460 0.2564 0.6146
vn -0.6921 0.2644 0.6716
vn -0.7058 0.2358 0.6680
vn -0.7063 0.2357 0.6676
vn 0.9528 0.3035 -0.0000
vn 0.9528 0.2804 -0.1162
vn -0.2592 -0.5215 -0.8129
vn -0.2583 -0.5230 -0.8122
vn -0.2329 -0.5633 -0.7927
vn -0.2845 0.8757 0.3901
vn 0.0761 0.1569 -0.9847
vn -0.0798 -0.7049 -0.7048
vn -0.0798 -0.9209 -0.3815
vn 0.9698 -0.2254 -0.0934
vn 0.9698 -0.1725 -0.1725
vn -0.9965 0.0205 0.0816
vn -0.0392 -0.7066 0.7066
vn -0.2392 -0.3332 -0.9120
vn 0.0721 -0.1330 0.9885
vn -0.1592 0.0351 0.9866
vn -0.4519 -0.6167 -0.6446
vn -0.0798 -0.9209 0.3815
vn -0.0798 -0.9968 -0.0000
vn -0.0252 0.0086 -0.9996
vn -0.6671 0.3984 0.6294
vn 0.3790 0.7151 0.5873
vn 0.5148 0.6666 0.5391
vn 0.6132 0.6100 0.5019
vn 0.6589 0.5765 0.4833
vn 0.6766 0.5695 0.4667
vn -0.4679 0.6154 -0.6343
vn -0.4192 0.6432 -0.6407
vn 0.1009 0.7239 0.6824
vn 0.1083 0.7145 0.6912
vn -0.1562 -0.0286 0.9873
vn -0.1109 0.0126 0.9937
vn 0.0798 0.3815 -0.9209
vn -0.9698 0.2254 -0.0934
vn -0.0154 0.0050 -0.9999
vn 0.0798 -0.7048 -0.7049
vn 0.6880 0.2240 0.6903
vn -0.3846 0.1164 -0.9157
vn 0.2592 -0.5215 0.8129
vn 0.2583 -0.5230 0.8122
vn 0.2329 -0.5633 0.7927
vn 0.3403 -0.6097 -0.7159
vn 0.3510 0.6898 -0.6333
vn 0.3629 0.0061 0.9318
vn 0.7490 -0.5442 -0.3779
vn 0.4999 0.0018 -0.8661
vn 0.9698 -0.2440 -0.0000
vn 0.5289 -0.5764 0.6230
vn -0.0391 -0.1333 -0.9903
vn -0.1547 -0.3387 -0.9281
vn -0.0392 -0.3824 0.9232
vn -0.4182 -0.0309 -0.9078
vn 0.9698 0.2254 -0.0934
vn -0.7177 0.3153 -0.6209
vn 0.6614 0.2109 0.7197
vn -0.6810 0.2284 0.6957
vn -0.0307 0.0100 0.9995
vn 0.2832 -0.8758 0.3908
vn 0.5068 0.0358 0.8613
vn 0.0798 0.9209 0.3815
vn -0.3103 -0.5977 -0.7392
vn -0.3422 -0.5929 -0.7289
vn -0.3378 -0.6077 -0.7188
vn -0.5853 -0.4253 -0.6903
vn 0.5831 -0.4515 0.6754
vn 0.6189 -0.5850 0.5242
vn -0.1319 0.3796 -0.9157
vn 0.2742 0.1426 -0.9510
vn -0.1649 -0.0941 0.9818
vn 0.0100 0.1347 0.9908
vn 0.1135 -0.3494 0.9301
vn 0.2155 -0.6631 0.7168
vn -0.2503 -0.1803 0.9512
vn -0.0437 0.1379 0.9895
vn -0.1226 0.1310 0.9838
vn 0.2840 0.8746 0.3929
vn 0.9528 -0.0000 0.3035
vn 0.9528 -0.1161 0.2804
vn 0.9528 -0.1162 0.2804
vn 0.9528 -0.2146 0.2146
vn -0.2583 -0.5230 0.8122
vn -0.2592 -0.5215 0.8129
vn -0.2329 -0.5633 0.7927
vn -0.3790 0.7151 -0.5873
vn -0.5068 0.0358 0.8613
vn 0.1592 0.0351 0.9866
vn 0.1433 -0.0652 0.9875
vn 0.2741 0.1425 0.9511
vn -0.0392 0.9232 -0.3824
vn -0.0392 0.9992 -0.0000
vn 0.9528 0.2804 0.1162
vn -0.9698 -0.2254 0.0934
vn -0.6112 0.6107 0.5035
vn -0.6539 0.5783 0.4877
vn -0.3765 -0.6165 -0.6915
vn -0.3531 -0.6152 -0.7049
vn -0.4224 -0.6177 -0.6633
vn -0.6270 0.4584 0.6298
vn 0.0392 -0.7066 0.7066
vn 0.8448 0.3876 -0.3689
vn 0.6810 0.2284 -0.6957
vn 0.5397 -0.7450 0.3921
vn -0.0063 -0.3607 0.9326
vn -0.2231 0.6883 -0.6903
vn -0.2264 0.1058 -0.9683
vn 0.8679 0.2782 -0.4115
vn -0.2264 0.1058 0.9683
vn -0.3905 -0.1268 -0.9118
vn -0.4325 0.6088 -0.6650
vn -0.3412 0.6653 -0.6641
vn -0.0026 -0.0166 0.9999
vn -0.4456 -0.1375 -0.8846
vn -0.6132 0.6100 -0.5019
vn -0.6589 0.5765 -0.4833
vn -0.6766 0.5695 -0.4667
vn -0.8532 0.0524 -0.5190
vn -0.8781 -0.1014 -0.4677
vn -0.8810 -0.1063 -0.4610
vn 0.0722 0.1582 0.9848
vn 0.0729 0.1608 0.9843
vn 0.0869 0.1496 -0.9849
vn 0.7489 -0.2799 0.6006
vn 0.7051 -0.3022 0.6414
vn 0.7168 -0.2285 0.6588
vn 0.4519 -0.6167 0.6446
vn -0.0392 0.3824 -0.9232
vn -0.0392 0.7066 -0.7066
vn 0.8660 -0.0000 0.5000
vn -0.0869 0.1496 0.9849
vn -0.2269 -0.3699 0.9009
vn -0.8744 0.2847 0.3929
vn -0.9698 -0.2440 -0.0000
vn -0.0798 -0.7049 0.7048
vn -0.0098 0.0307 -0.9995
vn 0.2181 0.6610 0.7180
vn 0.9528 -0.1162 -0.2804
vn 0.9528 -0.1161 -0.2804
vn 0.9698 -0.2254 0.0934
vn 0.0392 0.9992 -0.0000
vn 0.5413 0.5966 -0.5925
vn 0.5962 0.5222 -0.6098
vn -0.1086 -0.2771 -0.9547
vn -0.0209 -0.0763 -0.9969
vn -0.9698 -0.2254 -0.0934
vn 0.9528 0.2146 -0.2146
vn -0.9698 -0.0000 -0.2440
vn -0.4142 0.0126 0.9101
vn 0.7192 0.2290 0.6559
vn -0.0274 -0.1149 -0.9930
vn -0.0000 0.0067 -1.0000
vn 0.5000 -0.0000 -0.8660
vn 0.6270 0.4584 -0.6298
vn 0.6263 0.4586 -0.6304
vn 0.6562 0.2213 -0.7214
vn 0.8372 -0.2366 0.4930
vn 0.7444 -0.3169 0.5878
vn -0.5830 -0.4516 0.6754
vn 0.0392 0.3824 -0.9232
vn -0.1659 -0.0000 -0.9861
vn -0.6808 0.2282 -0.6961
vn 0.2649 0.6980 -0.6653
vn 0.1083 0.7145 -0.6912
vn 0.0495 0.1163 -0.9920
vn 0.6263 0.4586 0.6304
vn 0.5962 0.5223 0.6098
vn 0.5962 0.5223 0.6097
vn 0.4777 -0.0318 -0.8780
vn 0.3634 0.0111 -0.9316
vn -0.1281 0.1515 -0.9801
vn -0.4568 -0.5920 -0.6640
vn -0.5000 -0.0000 -0.8660
vn -0.4563 -0.1930 0.8686
vn -0.9698 0.0934 -0.2254
vn -0.0392 -0.3824 -0.9232
vn -0.3403 -0.6097 -0.7159
vn -0.3094 -0.6010 -0.7369
vn -0.9311 0.2135 -0.2959
vn 0.7460 0.2564 -0.6146
vn -0.8372 -0.2366 0.4930
vn 0.5413 0.5966 0.5925
vn 0.5990 0.6138 -0.5142
vn 0.5016 0.6822 -0.5320
vn -0.8381 -0.2477 -0.4860
vn -0.8372 -0.2366 -0.4930
vn 0.4110 0.5630 -0.7171
vn 0.0031 0.0917 0.9958
vn 0.1368 0.1509 0.9790
vn 0.1038 0.1658 -0.9807
vn -0.0866 0.0053 -0.9962
vn -0.6251 0.6707 -0.3992
vn -0.4563 -0.1930 -0.8686
vn 0.8381 -0.2477 0.4860
vn -0.0189 -0.0260 0.9995
vn -0.2489 0.1238 -0.9606
vn -0.0696 0.1308 -0.9890
vn 0.4325 0.6088 0.6650
vn 0.3412 0.6653 0.6641
vn -0.9698 0.1725 -0.1725
vn 0.6270 0.4584 0.6298
vn 0.1329 0.1508 -0.9796
vn -0.1063 0.1549 -0.9822
vn 0.0662 0.1639 -0.9843
vn -0.5068 0.0358 -0.8613
vn -0.4777 -0.0318 -0.8780
vn -0.0798 -0.0000 -0.9968
vn 0.0392 -0.7066 -0.7066
vn -0.1242 0.1491 0.9810
vn 0.2583 -0.5230 -0.8122
vn 0.2592 -0.5215 -0.8129
vn 0.2329 -0.5633 -0.7927
vn -0.7444 -0.3169 -0.5878
vn -0.7489 -0.2799 -0.6006
vn 0.0757 0.1640 -0.9836
vn 0.8192 0.1576 0.5513
vn -0.0392 0.7066 0.7066
vn 0.0829 -0.2259 -0.9706
vn 0.1592 0.0351 -0.9866
vn -0.6662 -0.5141 -0.5403
vn -0.8467 0.0592 -0.5288
vn 0.5068 0.0358 -0.8613
vn -0.0798 -0.7048 0.7049
vn -0.4568 -0.5920 0.6640
vn -0.3378 -0.6077 0.7188
vn 0.5962 0.5223 -0.6098
vn 0.0798 0.7049 -0.7049
vn -0.3634 0.0111 -0.9316
vn -0.6263 0.4586 -0.6305
vn -0.5962 0.5223 -0.6098
vn -0.3371 -0.6194 -0.7090
vn -0.9528 -0.1162 -0.2804
vn 0.6132 0.6100 -0.5019
vn 0.6589 0.5765 -0.4833
vn -0.3634 0.0111 0.9316
vn 0.1038 0.1658 0.9807
vn -0.7184 0.3161 -0.6196
vn -0.7460 0.2564 -0.6146
vn 0.5990 0.6138 0.5142
vn 0.5016 0.6822 0.5320
vn -0.7051 -0.3022 -0.6414
vn -0.7168 -0.2285 -0.6588
vn -0.6975 0.5319 -0.4801
vn 0.0757 0.1640 0.9836
vn 0.6672 -0.5199 0.5334
vn -0.0392 -0.9992 -0.0000
vn 0.1875 0.0204 -0.9821
vn -0.6784 -0.5701 -0.4634
vn -0.4092 -0.6175 0.6717
vn -0.1875 0.0204 0.9821
vn -0.1425 0.1637 -0.9762
vn 0.0392 -0.9992 -0.0000
vn 0.7168 -0.2285 -0.6588
vn 0.3079 -0.6115 0.7288
vn 0.4224 -0.6177 -0.6633
vn 0.6700 0.3961 -0.6279
vn -0.7168 -0.2285 0.6588
vn -0.2812 -0.4845 -0.8284
vn 0.6784 -0.5701 -0.4634
vn -0.6700 0.3961 0.6279
vn -0.0920 0.0913 -0.9916
vn 0.2812 -0.4845 0.8284
vn 0.6784 -0.5701 0.4634
vn 0.1284 0.1260 0.9837
vn -0.1069 -0.0296 0.9938
vn -0.2812 -0.4845 0.8284
vn -0.6694 0.5724 0.4736
vn -0.3079 -0.6115 -0.7288
vn -0.1288 0.1476 0.9806
vn -0.6784 -0.5701 0.4634
vn 0.1425 0.1637 -0.9762
vn 0.2812 -0.4845 -0.8284
vn -0.6672 -0.5199 -0.5334
vn 0.1069 -0.0296 -0.9938
vn 0.6766 0.5695 -0.4667
vn 0.1425 0.1637 0.9762
s 1
f 462//1 460//2 461//2
f 565//3 582//4 573//5
f 626//6 634//7 625//8
f 485//9 484//10 483//10
f 390//11 201//12 389//11
f 498//13 651//14 650//15
f 355//16 36//17 678//18
f 547//19 555//20 546//21
f 833//22 381//23 842//24
f 835//25 843//26 844//27
f 561//28 95//29 87//30
f 757//31 214//32 226//33
f 9//34 383//35 10//36
f 23//37 556//38 547//19
f 183//39 171//40 181//41
f 221//42 780//43 339//44
f 167//45 80//46 70//47
f 674//48 359//29 682//49
f 634//7 642//50 633//51
f 339//44 744//52 222//53
f 670//54 678//18 669//55
f 218//56 743//57 220//58
f 216//59 419//60 215//61
f 50//62 647//63 304//64
f 564//65 551//66 552//67
f 264//68 274//69 265//70
f 807//71 817//72 808//73
f 578//74 32//75 30//76
f 524//77 64//78 517//79
f 857//80 783//81 747//82
f 156//83 56//84 55//85
f 273//86 283//87 274//69
f 567//88 554//89 555//20
f 824//90 834//91 825//92
f 338//93 741//94 219//95
f 456//96 464//97 465//96
f 4//98 422//99 19//100
f 704//101 702//102 705//102
f 764//103 775//104 765//105
f 396//106 393//107 395//106
f 281//108 34//109 290//110
f 474//111 2//112 324//113
f 493//114 66//115 514//116
f 382//117 399//118 383//118
f 631//119 621//120 622//121
f 657//122 503//123 513//124
f 847//125 326//126 527//127
f 811//128 821//129 812//130
f 445//131 435//132 444//133
f 293//134 301//135 302//136
f 83//137 149//138 59//139
f 326//126 649//140 492//141
f 362//142 370//143 371//142
f 569//144 30//76 28//145
f 497//146 82//147 61//148
f 853//149 779//150 852//151
f 58//152 500//153 495//154
f 312//155 147//156 150//157
f 562//158 592//159 561//28
f 463//160 482//161 464//161
f 638//162 96//163 637//164
f 257//165 267//166 258//167
f 627//168 617//169 618//170
f 102//171 642//50 643//172
f 711//173 728//174 730//173
f 562//158 87//30 88//175
f 300//176 102//171 301//135
f 184//177 172//178 173//179
f 718//180 202//12 719//180
f 229//181 767//182 224//183
f 682//49 672//184 673//185
f 332//186 796//187 334//188
f 491//189 307//190 48//191
f 397//192 385//193 384//192
f 779//194 212//195 241//196
f 713//197 728//174 712//174
f 244//198 252//199 253//200
f 687//201 217//202 686//29
f 242//203 740//204 221//42
f 770//205 767//206 769//207
f 704//101 195//208 703//101
f 572//209 559//210 563//211
f 707//212 701//213 700//212
f 569//144 26//214 557//215
f 664//216 581//217 582//4
f 508//218 329//219 328//220
f 347//221 548//222 346//223
f 291//224 299//225 300//176
f 669//55 36//17 34//109
f 13//226 122//227 12//228
f 345//229 332//186 5//112
f 4//98 751//230 748//231
f 408//232 426//233 425//234
f 172//178 186//235 173//179
f 381//23 355//16 842//24
f 369//236 396//237 370//237
f 804//238 814//239 805//240
f 630//241 638//162 629//242
f 332//186 90//16 5//112
f 668//243 658//244 659//245
f 685//246 205//247 683//248
f 82//249 148//250 61//251
f 262//252 29//253 27//254
f 212//255 450//256 241//257
f 828//258 836//259 837//260
f 782//261 857//80 746//262
f 651//14 500//263 538//264
f 807//71 815//265 816//266
f 75//267 524//268 526//269
f 524//77 528//270 526//271
f 155//272 85//273 54//274
f 31//275 577//276 29//253
f 482//277 479//278 481//277
f 662//279 670//54 661//280
f 136//281 139//282 138//282
f 591//283 94//284 95//29
f 50//285 306//286 144//287
f 769//207 761//288 770//205
f 779//194 219//95 741//94
f 208//289 258//167 250//290
f 670//54 660//291 661//280
f 545//292 553//293 544//294
f 112//295 110//296 113//296
f 605//297 375//298 337//299
f 90//16 23//37 5//112
f 839//300 353//301 840//302
f 568//303 555//20 556//38
f 270//304 278//305 279//306
f 780//307 855//308 744//309
f 185//310 49//311 140//312
f 114//313 129//314 113//314
f 360//315 372//316 373//315
f 251//317 261//318 252//199
f 458//190 39//190 459//190
f 117//319 107//320 106//319
f 125//321 128//322 124//322
f 33//323 677//324 668//243
f 164//325 163//326 140//312
f 541//327 650//15 653//328
f 762//329 773//330 774//331
f 706//332 725//333 723//332
f 806//334 375//298 815//265
f 434//335 235//336 440//337
f 633//51 641//338 632//339
f 695//340 543//341 694//342
f 361//316 371//142 372//316
f 207//343 53//344 85//273
f 217//202 420//345 216//59
f 209//346 250//290 251//317
f 529//347 518//348 528//270
f 850//349 326//126 735//350
f 838//351 359//29 351//284
f 189//352 60//353 151//354
f 752//355 330//356 753//357
f 233//358 446//359 436//360
f 378//361 640//362 631//119
f 198//363 731//364 710//364
f 370//143 364//365 369//365
f 250//290 260//366 251//317
f 478//367 463//160 462//367
f 773//330 763//368 772//369
f 1//98 382//370 9//34
f 339//371 415//372 451//373
f 456//190 39//190 457//190
f 210//374 848//375 736//376
f 319//377 713//378 712//379
f 798//380 806//334 807//71
f 743//381 852//151 778//382
f 551//66 348//383 349//163
f 146//384 312//155 151//385
f 211//386 759//387 230//388
f 767//206 760//389 224//390
f 231//391 774//392 238//393
f 533//394 521//395 532//396
f 380//397 99//223 640//362
f 460//190 39//190 38//190
f 733//398 331//399 325//400
f 703//29 195//29 196//29
f 492//141 648//401 491//189
f 656//402 542//403 503//123
f 224//404 768//405 227//406
f 675//407 351//284 674//48
f 553//293 573//5 564//65
f 816//266 826//408 817//72
f 482//161 465//409 464//161
f 410//410 448//411 447//412
f 407//413 684//414 685//246
f 427//415 223//416 225//417
f 632//339 381//23 379//418
f 777//419 234//420 240//421
f 224//422 227//423 439//424
f 122//425 134//426 121//426
f 365//29 196//29 366//29
f 722//427 725//428 724//428
f 813//429 821//129 822//430
f 296//431 98//221 297//432
f 371//433 400//434 372//434
f 525//435 528//270 517//79
f 736//376 847//125 737//436
f 464//97 458//437 463//437
f 325//400 732//438 733//398
f 188//439 74//440 80//46
f 774//331 764//103 765//105
f 368//441 366//442 367//442
f 16//443 403//444 185//445
f 111//190 38//190 39//190
f 667//446 584//447 658//244
f 186//235 146//384 166//448
f 222//53 782//449 341//450
f 561//28 600//451 591//283
f 794//452 804//238 795//453
f 686//29 734//454 205//247
f 772//369 764//103 773//330
f 771//455 761//288 762//329
f 433//456 444//133 432//457
f 385//458 13//226 12//228
f 662//279 579//459 580//460
f 101//461 641//338 642//50
f 454//190 39//190 455//190
f 667//446 675//407 666//462
f 93//463 246//464 247//465
f 118//466 37//467 41//467
f 88//175 243//468 89//469
f 627//168 635//470 626//6
f 707//212 699//471 708//471
f 341//450 746//472 223//473
f 452//474 689//475 692//476
f 2//112 717//477 324//113
f 802//478 819//479 811//128
f 264//68 272//480 273//86
f 611//481 601//482 602//483
f 189//484 310//485 148//486
f 322//487 714//488 321//489
f 301//135 103//490 302//136
f 459//190 39//190 460//190
f 570//491 578//74 569//144
f 784//492 801//493 793//494
f 4//98 159//495 156//83
f 267//166 275//496 276//497
f 655//498 501//499 542//403
f 104//190 644//500 645//501
f 144//287 305//502 145//503
f 720//504 719//180 721//505
f 130//506 129//507 131//506
f 318//508 712//379 711//509
f 759//510 240//421 230//511
f 395//193 386//512 385//193
f 708//513 725//333 707//333
f 728//514 727//515 729//514
f 654//516 540//517 501//499
f 573//5 563//211 564//65
f 285//518 293//134 294//519
f 748//231 752//355 749//520
f 37//467 467//521 41//467
f 47//522 487//523 46//522
f 558//524 548//222 549//525
f 380//397 354//526 7//98
f 647//63 48//191 304//64
f 168//527 176//528 64//529
f 689//475 449//530 411//531
f 37//190 39//190 454//190
f 376//532 613//533 374//534
f 655//498 502//535 654//516
f 795//453 805//240 796//187
f 160//536 21//537 161//538
f 364//365 368//441 369//365
f 630//241 620//539 621//120
f 338//540 412//541 452//542
f 320//543 714//488 713//378
f 753//357 531//489 850//349
f 434//544 444//133 443//545
f 221//546 451//373 411//547
f 438//548 224//549 431//550
f 248//551 258//167 249//552
f 320//543 471//553 321//489
f 103//490 643//172 644//500
f 391//554 388//555 387//554
f 83//556 498//557 541//558
f 435//132 446//559 447//412
f 694//342 416//560 693//561
f 793//494 810//562 802//478
f 205//247 848//375 683//248
f 437//563 447//412 448//411
f 800//564 810//562 801//493
f 504//565 85//566 560//567
f 342//490 785//568 343//171
f 54//569 514//116 66//115
f 403//444 225//417 206//570
f 544//294 564//65 552//67
f 418//571 340//572 543//573
f 507//574 509//575 506//576
f 236//577 762//578 231//391
f 416//560 692//476 693//561
f 293//134 303//579 294//519
f 827//580 835//25 836//259
f 783//581 213//582 340//583
f 661//280 578//74 579//459
f 239//584 429//585 446//359
f 461//2 38//586 40//586
f 236//587 433//588 442//589
f 832//590 840//302 841//591
f 311//592 149//593 310//485
f 76//594 519//595 529//596
f 629//242 619//597 620//539
f 509//575 330//356 329//219
f 391//598 390//11 389//11
f 693//561 451//599 415//600
f 603//601 593//602 594//603
f 823//604 378//361 376//532
f 717//605 720//606 716//606
f 51//607 516//608 496//609
f 772//610 232//611 237//612
f 577//276 658//244 576//613
f 493//114 646//614 647//63
f 35//615 354//526 677//324
f 238//616 436//360 445//617
f 580//460 570//491 571//618
f 213//619 452//542 416//620
f 302//136 104//190 303//579
f 804//238 812//130 813//429
f 557//215 24//621 548//222
f 848//375 735//350 847//125
f 11//622 385//458 12//228
f 755//623 733//398 732//438
f 113//296 109//624 114//624
f 705//102 701//213 706//213
f 388//625 2//112 15//626
f 663//627 671//628 662//279
f 378//361 622//121 376//532
f 531//489 510//629 649//140
f 227//423 442//589 439//424
f 584//447 574//630 575//631
f 517//79 64//78 525//435
f 432//457 440//632 441//633
f 308//634 143//635 142//636
f 348//383 789//637 790//638
f 841//591 353//301 354//526
f 323//639 715//640 322//487
f 708//513 729//641 727//513
f 78//642 522//643 533//644
f 684//414 405//645 685//246
f 623//646 379//418 377//647
f 810//562 818//648 819//479
f 438//548 441//633 440//632
f 710//649 194//650 198//650
f 613//533 621//120 612//651
f 776//652 766//653 777//654
f 457//190 39//190 458//190
f 407//413 226//655 428//656
f 465//409 486//657 466//657
f 359//29 681//658 682//49
f 23//37 253//200 25//659
f 831//660 839//300 840//302
f 454//521 466//661 467//521
f 798//380 808//73 799//662
f 360//29 196//29 361//29
f 389//555 200//663 388//555
f 744//309 856//664 782//261
f 755//623 737//436 754//665
f 856//664 745//666 783//81
f 449//667 220//668 242//669
f 458//437 462//1 463//437
f 288//670 296//431 297//432
f 489//671 65//672 49//673
f 756//674 755//623 732//438
f 1//98 468//675 318//508
f 616//676 606//677 607//678
f 356//469 678//18 679//679
f 488//523 485//9 487//523
f 836//259 844//27 845//680
f 364//29 196//29 365//29
f 551//66 559//210 550//681
f 4//98 508//218 328//220
f 821//129 831//660 822//430
f 411//547 242//669 221//546
f 696//682 417//683 427//684
f 51//685 167//686 70//687
f 572//209 580//460 571//618
f 590//688 598//689 589//690
f 781//691 213//582 745//692
f 367//442 195//208 197//208
f 343//171 786//693 344//461
f 814//239 822//430 823//604
f 657//122 504//694 656//402
f 200//663 718//605 717//605
f 404//695 426//233 403//444
f 505//696 509//575 508//218
f 756//697 223//473 746//472
f 335//698 806//334 797//699
f 218//700 414//701 409//702
f 814//239 376//532 374//534
f 607//678 597//703 598//689
f 677//324 353//301 676//704
f 100//229 381//23 641//338
f 204//705 401//706 203//705
f 625//8 633//51 624//707
f 775//104 738//708 758//709
f 319//377 470//710 320//543
f 787//711 795//453 796//187
f 74//712 537//713 80//714
f 809//715 817//72 818//648
f 341//716 417//717 453//718
f 349//163 792//719 350//190
f 538//720 60//721 82//147
f 637//164 104//190 645//501
f 645//501 635//470 636//722
f 854//723 745//666 855//308
f 56//84 505//696 55//85
f 366//29 196//29 195//29
f 214//724 428//656 226//655
f 834//91 842//24 843//26
f 488//725 41//726 467//725
f 412//727 690//728 689//475
f 86//729 503//730 542//731
f 471//553 322//487 321//489
f 475//732 43//733 474//732
f 640//362 98//221 639//734
f 213//619 543//573 340//572
f 442//735 432//457 441//633
f 691//736 409//737 414//738
f 427//684 426//233 696//682
f 386//739 14//740 13//226
f 237//741 437//742 234//743
f 799//662 809//715 800//564
f 362//29 196//29 363//29
f 231//744 445//617 433//588
f 136//281 135//745 137//281
f 48//191 306//286 304//64
f 845//680 359//29 846//746
f 35//615 99//223 7//98
f 256//747 266//748 257//165
f 709//749 697//649 710//649
f 296//431 96//163 97//383
f 422//99 20//750 19//100
f 820//751 830//752 821//129
f 278//305 288//670 279//306
f 490//753 331//754 511//755
f 272//480 32//75 281//108
f 93//463 588//756 92//301
f 513//124 512//757 657//122
f 199//758 730//173 203//758
f 666//462 583//759 584//447
f 608//760 616//676 607//678
f 766//761 237//612 234//420
f 566//762 553//293 554//89
f 747//763 340//583 214//32
f 793//494 803//764 794//452
f 75//765 175//766 69//767
f 24//621 254//768 245//769
f 2//112 125//770 15//626
f 193//771 316//772 154//773
f 84//774 501//775 540//776
f 299//225 101//461 300//176
f 79//777 515//778 535//779
f 61//251 191//780 84//781
f 67//782 180//783 76//784
f 696//682 418//785 695//340
f 715//786 724//787 714//787
f 740//788 854//723 780//307
f 815//265 825//92 816//266
f 263//789 30//76 272//480
f 716//606 722//790 715//786
f 316//772 207//791 155//792
f 631//119 639//734 630//241
f 802//478 812//130 803//764
f 298//793 98//221 99//223
f 91//526 333//794 6//98
f 485//795 470//796 469//795
f 250//290 267//166 259//797
f 62//798 542//731 501//775
f 194//650 373//315 198//650
f 190//799 59//139 149//138
f 165//800 163//326 317//801
f 144//287 66//802 50//285
f 71//803 533//644 519//595
f 690//728 414//738 449//530
f 15//626 124//804 14//740
f 706//332 721//805 705//805
f 399//118 384//192 383//118
f 290//110 36//17 299//225
f 64//806 176//807 67//782
f 287//808 295//809 296//431
f 69//810 64//811 524//268
f 64//812 67//813 525//814
f 577//276 567//88 568//303
f 23//37 345//229 5//112
f 42//815 138//816 46//815
f 818//648 828//258 819//479
f 429//817 218//818 409//819
f 181//41 172//178 183//39
f 194//29 697//29 196//29
f 347//221 788//820 789//637
f 175//821 168//527 64//529
f 822//430 832//590 823//604
f 749//520 217//202 216//59
f 815//265 377//647 824//90
f 128//822 127//823 129//507
f 700//29 701//29 196//29
f 390//824 368//825 367//824
f 649//140 507//574 648//401
f 57//826 506//576 56//84
f 473//827 324//113 323//639
f 785//568 793//494 794//452
f 281//108 291//224 282//828
f 546//21 554//89 545//292
f 576//613 584//447 575//631
f 714//787 726//197 713//197
f 778//382 851//829 740//788
f 105//190 106//190 39//190
f 206//570 185//445 403//444
f 512//757 514//830 657//122
f 65//831 140//312 49//311
f 476//832 44//833 475//832
f 33//323 659//245 31//275
f 261//318 269//834 270//304
f 736//376 226//33 210//374
f 235//835 767//182 229//181
f 59//836 539//837 498//557
f 709//749 699//471 698//749
f 699//29 700//29 196//29
f 499//838 51//839 496//840
f 490//753 512//757 489//671
f 92//301 245//769 246//464
f 234//743 448//841 240//842
f 53//843 541//558 502//844
f 691//736 410//410 447//412
f 826//408 834//91 835//25
f 25//659 568//303 556//38
f 521//395 535//845 536//846
f 583//759 582//4 574//630
f 397//847 396//106 395//106
f 41//726 139//848 118//848
f 843//26 357//175 844//27
f 259//797 276//497 268//849
f 87//30 209//346 88//175
f 393//107 392//850 391//598
f 751//230 329//219 752//355
f 660//291 34//109 32//75
f 829//851 846//746 838//351
f 277//852 287//808 278//305
f 515//853 58//854 495//855
f 222//856 453//718 415//372
f 648//401 57//826 307//190
f 545//292 342//490 343//171
f 423//857 21//537 20//750
f 609//858 617//169 608//760
f 483//10 482//277 481//277
f 672//184 680//859 671//628
f 633//51 623//646 624//707
f 406//860 687//201 405//645
f 701//29 702//29 196//29
f 550//681 558//524 549//525
f 197//861 390//824 367//824
f 778//862 220//58 743//57
f 148//486 313//863 191//864
f 663//627 580//460 581//217
f 472//865 323//639 322//487
f 163//326 145//503 162//866
f 402//867 198//363 373//867
f 235//336 438//868 440//337
f 154//773 317//801 164//325
f 333//794 797//699 788//820
f 608//760 598//689 599//869
f 830//752 838//351 839//300
f 671//628 679//679 670//54
f 629//242 637//164 628//870
f 619//597 618//170 610//871
f 586//872 89//469 90//16
f 609//858 599//869 600//451
f 737//436 527//127 327//873
f 730//874 204//705 203//705
f 547//19 344//461 345//229
f 86//875 154//876 63//877
f 455//661 465//96 466//661
f 646//614 326//126 492//141
f 283//87 291//224 292//878
f 534//879 206//880 732//438
f 280//881 33//323 31//275
f 396//237 371//433 370//237
f 819//479 820//751 811//128
f 266//748 274//69 275//496
f 431//550 224//549 439//882
f 544//294 350//190 342//490
f 652//883 496//884 536//846
f 334//188 604//885 595//886
f 535//845 495//887 536//846
f 25//659 262//252 27//254
f 697//29 698//29 196//29
f 853//149 739//888 742//889
f 95//29 208//289 87//30
f 597//703 587//890 588//756
f 620//539 610//871 611//481
f 481//891 472//892 471//891
f 479//893 473//894 472//892
f 788//820 798//380 789//637
f 218//895 758//896 738//897
f 109//190 110//190 39//190
f 477//894 474//732 473//894
f 602//483 592//159 593//602
f 613//533 603//601 604//885
f 219//898 450//256 412//541
f 327//899 511//755 331//754
f 757//900 755//623 858//901
f 668//243 676//704 667//446
f 760//389 768//902 224//390
f 1//98 119//903 42//904
f 42//815 487//905 468//905
f 476//906 462//367 461//906
f 742//907 211//908 212//195
f 211//909 430//910 410//911
f 763//912 235//835 232//611
f 348//383 549//525 347//221
f 324//113 716//913 323//639
f 421//914 423//857 420//345
f 777//654 739//888 776//652
f 353//301 675//407 676//704
f 666//462 674//48 665//915
f 350//190 784//492 342//490
f 585//916 593//602 562//158
f 363//29 196//29 364//29
f 374//534 604//885 336//917
f 405//645 686//29 205//247
f 289//918 297//432 298//793
f 334//188 805//240 336//917
f 117//319 105//466 118//466
f 199//758 401//117 382//117
f 646//614 491//189 647//63
f 53//843 560//567 85//566
f 361//29 196//29 362//29
f 170//919 183//39 184//177
f 210//920 685//246 683//248
f 626//6 616//676 617//169
f 738//708 853//149 743//381
f 519//921 532//396 518//348
f 274//69 284//922 275//496
f 240//842 430//923 230//924
f 614//925 377//647 375//298
f 575//631 565//3 566//762
f 665//915 682//49 673//185
f 163//326 141//926 140//312
f 413//927 211//928 410//929
f 292//878 300//176 301//135
f 71//930 184//931 78//932
f 628//870 627//168 619//597
f 628//870 645//501 636//722
f 603//601 611//481 602//483
f 722//427 721//505 723//427
f 520//933 532//396 530//934
f 310//485 192//935 313//863
f 698//29 699//29 196//29
f 239//936 758//937 228//938
f 225//939 732//438 206//880
f 10//36 121//940 120//941
f 849//942 735//350 734//454
f 851//829 781//943 854//723
f 653//328 497//944 540//517
f 791//945 799//662 800//564
f 317//801 155//792 165//800
f 98//221 638//162 639//734
f 40//946 476//906 461//906
f 126//823 45//833 127//823
f 378//361 841//591 380//397
f 652//883 495//887 500//263
f 746//262 858//901 756//674
f 477//947 476//832 475//832
f 271//948 279//306 280//881
f 596//949 333//794 587//890
f 124//322 130//950 123//951
f 705//805 719//952 704//952
f 138//282 47//522 46//522
f 455//190 39//190 456//190
f 279//306 289//918 280//881
f 567//88 575//631 566//762
f 606//677 614//925 605//297
f 1//98 711//509 199//953
f 844//27 358//30 845//680
f 174//954 77//955 74//440
f 37//190 105//190 39//190
f 768//902 770//205 771//455
f 93//463 248//551 94//284
f 151//385 311//592 189//484
f 152//956 315//957 193//771
f 419//60 423//857 422//99
f 43//733 126//321 125//321
f 40//946 127//958 45//946
f 11//622 122//227 121//940
f 9//34 120//941 119//903
f 119//816 136//959 138//816
f 114//313 133//960 131//313
f 836//259 846//746 837//260
f 108//190 109//190 39//190
f 494//961 512//757 511//755
f 91//526 24//621 245//769
f 259//797 269//834 260//366
f 272//480 282//828 273//86
f 601//482 618//170 609//858
f 750//962 850//349 849//942
f 191//864 314//963 152//956
f 786//693 794//452 795//453
f 585//916 88//175 89//469
f 502//535 653//328 654//516
f 17//964 688//965 406//860
f 171//966 75//765 72//967
f 468//905 485//795 469//795
f 348//383 791//945 349//163
f 194//29 196//29 360//29
f 589//690 597//703 588//756
f 284//922 292//878 293//134
f 182//228 424//968 688//965
f 233//969 775//970 239//936
f 49//673 534//971 489//671
f 10//36 384//972 11//622
f 115//973 109//624 108//973
f 286//974 303//579 295//809
f 650//15 538//264 497//944
f 192//975 53//344 153//976
f 313//863 153//977 314//963
f 817//72 827//580 818//648
f 72//978 530//979 77//980
f 404//695 22//981 425//234
f 159//495 20//750 160//536
f 110//190 111//190 39//190
f 408//232 178//982 684//414
f 483//796 471//891 470//796
f 450//983 691//736 690//728
f 29//253 568//303 27//254
f 164//984 63//877 154//876
f 558//524 569//144 557//215
f 161//538 182//228 309//985
f 604//885 594//603 595//886
f 325//986 489//671 534//971
f 315//957 153//977 207//791
f 67//813 529//596 525//814
f 116//987 133//960 115//960
f 14//740 123//988 13//226
f 590//688 93//463 94//284
f 62//989 193//990 86//875
f 702//29 703//29 196//29
f 106//190 107//190 39//190
f 26//214 263//789 254//768
f 158//991 309//985 308//634
f 69//767 175//766 64//992
f 839//300 351//284 352//463
f 248//551 256//747 257//165
f 92//301 587//890 91//526
f 73//993 535//779 522//643
f 77//980 523//994 74//712
f 285//518 286//974 277//852
f 190//799 52//995 81//996
f 78//932 173//997 73//998
f 597//703 605//297 596//949
f 115//973 107//320 116//320
f 255//999 263//789 264//68
f 656//402 560//1000 655//498
f 546//21 343//171 344//461
f 539//1001 652//883 651//14
f 605//297 335//698 596//949
f 94//284 249//552 95//29
f 188//1002 147//156 187//1003
f 156//83 160//536 157//1004
f 295//809 104//190 96//163
f 518//348 526//271 528//270
f 123//951 132//425 122//425
f 16//1005 140//312 141//926
f 238//393 765//1006 233//969
f 346//223 333//794 788//820
f 624//707 614//925 615//1007
f 180//1008 169//1009 170//919
f 344//461 787//711 345//229
f 710//364 729//641 709//641
f 80//714 516//1010 70//1011
f 790//638 798//380 799//662
f 118//848 137//1012 117//1012
f 520//1013 75//267 526//269
f 312//155 190//1014 311//592
f 635//470 643//172 634//7
f 176//528 179//1015 180//1008
f 612//651 620//539 611//481
f 754//665 327//873 331//399
f 306//286 143//635 305//502
f 357//175 679//679 680//859
f 271//948 31//275 29//253
f 358//30 680//859 681//658
f 748//231 216//59 215//61
f 179//1015 175//821 177//1016
f 247//465 255//999 256//747
f 107//190 108//190 39//190
f 665//915 664//216 583//759
f 33//323 298//793 35//615
f 162//866 18//1017 22//1018
f 116//987 137//1012 135//987
f 89//469 244//198 90//16
f 61//148 540//776 497//146
f 805//240 374//534 336//917
f 592//159 609//858 600//451
f 392//825 369//236 368//825
f 134//745 133//1019 135//745
f 387//1020 15//626 14//740
f 852//151 741//1021 851//829
f 58//1022 166//1023 146//1024
f 73//998 186//1025 79//1026
f 243//468 251//317 252//199
f 276//497 277//852 268//849
f 435//132 443//545 444//133
f 828//258 829//851 820//751
f 113//314 127//958 112//958
f 112//295 38//586 111//295
f 187//1003 174//1027 188//1002
f 261//318 271//948 262//252
f 227//406 771//1028 236//577
f 439//882 441//633 431//550
f 318//508 469//1029 319//377
f 728//514 731//874 730//874
f 695//340 453//1030 417//683
f 217//202 849//942 686//29
f 521//395 530//934 532//396
f 426//233 428//1031 696//682
f 600//451 590//688 591//283
f 58//1032 151//354 60//353
f 255//999 265//70 256//747
f 76//784 170//1033 71//930
f 824//90 379//418 833//22
f 18//1034 425//234 22//981
f 479//278 478//1035 477//947
f 160//536 158//991 157//1004
f 688//965 421//914 687//201
f 177//1016 169//1009 179//1015
f 252//199 262//252 253//200
f 752//355 750//962 749//520
f 586//872 594//603 585//916
f 130//506 133//1019 132//1019
f 57//826 308//634 307//190
f 268//849 278//305 269//834
f 552//67 349//163 350//190
f 513//1036 63//1037 65//672
f 181//1038 72//967 77//955
f 399//1039 398//847 397//847
f 402//706 399//1039 401//706
f 692//476 411//531 451//599
f 145//503 178//1040 18//1017
f 726//515 725//428 727//515
f 694//342 415//600 453//1030
f 36//17 100//229 299//225
f 571//618 558//524 559//210
f 232//1041 443//1042 237//741
f 446//559 409//737 447//412
f 245//769 255//999 246//464
f 858//901 747//82 757//900
f 275//496 285//518 276//497
f 141//926 22//1018 16//1005
f 84//781 152//1043 62//989
f 393//1044 387//554 386//512
f 150//1045 51//1046 52//995
f 625//8 615//1007 616//676
f 494//961 527//1047 646//614
f 346//223 24//621 6//98
f 842//24 356//469 843//26
f 496//884 537//1048 536//846
f 305//502 17//964 178//1040
f 229//1049 224//1050 438//868
f 52//1051 539//837 81//1052
f 197//861 719//952 202//861
f 573//5 581//217 572//209
f 309//985 17//964 143//635
f 121//426 136//959 120//959
f 664//216 672//184 663//627
f 486//657 467//725 466//657
f 157//1004 57//826 56//84
f 79//1026 166//1053 68//1054
f 307//190 142//636 48//191
f 684//414 17//964 406//860
f 165//1055 54//274 66//802
f 332//186 595//886 586//872
f 791//945 801//493 792//719
f 400//434 373//867 372//434
f 523//1056 536//846 537//1048
f 55//85 4//98 156//83
f 215//61 4//98 748//231
f 462//1 459//1 460//2
f 565//3 574//630 582//4
f 626//6 635//470 634//7
f 485//9 486//9 484//10
f 390//11 202//12 201//12
f 498//13 539//1001 651//14
f 355//16 8//112 36//17
f 547//19 556//38 555//20
f 833//22 379//418 381//23
f 835//25 834//91 843//26
f 561//28 591//283 95//29
f 757//31 747//763 214//32
f 9//34 382//370 383//35
f 23//37 25//659 556//38
f 183//39 169//1009 171//40
f 221//42 740//204 780//43
f 167//45 188//439 80//46
f 674//48 351//284 359//29
f 634//7 643//172 642//50
f 339//44 780//43 744//52
f 670//54 679//679 678//18
f 218//56 738//1057 743//57
f 216//59 420//345 419//60
f 50//62 493//114 647//63
f 564//65 563//211 551//66
f 264//68 273//86 274//69
f 807//71 816//266 817//72
f 578//74 660//291 32//75
f 857//80 856//664 783//81
f 156//83 157//1004 56//84
f 273//86 282//828 283//87
f 567//88 566//762 554//89
f 824//90 833//22 834//91
f 338//93 781//691 741//94
f 456//96 457//97 464//97
f 4//98 419//60 422//99
f 704//101 703//101 702//102
f 764//103 776//652 775//104
f 396//106 394//107 393//107
f 281//108 32//75 34//109
f 474//111 43//1058 2//112
f 493//114 50//62 66//115
f 382//117 401//117 399//118
f 631//119 630//241 621//120
f 657//122 656//402 503//123
f 847//125 735//350 326//126
f 811//128 820//751 821//129
f 445//131 436//1059 435//132
f 293//134 292//878 301//135
f 83//137 192//975 149//138
f 326//126 531//489 649//140
f 362//142 363//143 370//143
f 569//144 578//74 30//76
f 497//146 538//720 82//147
f 853//149 742//889 779//150
f 58//152 60//721 500//153
f 312//155 187//1003 147//156
f 562//158 593//602 592//159
f 463//160 480//160 482//161
f 638//162 97//383 96//163
f 257//165 266//748 267//166
f 627//168 626//6 617//169
f 102//171 101//461 642//50
f 711//173 712//174 728//174
f 562//158 561//28 87//30
f 300//176 101//461 102//171
f 184//177 183//39 172//178
f 718//180 201//12 202//12
f 682//49 681//658 672//184
f 332//186 787//711 796//187
f 491//189 648//401 307//190
f 397//192 395//193 385//193
f 779//194 742//907 212//195
f 713//197 726//197 728//174
f 244//198 243//468 252//199
f 687//201 421//914 217//202
f 242//203 778//862 740//204
f 770//205 760//389 767//206
f 704//101 197//208 195//208
f 572//209 571//618 559//210
f 707//212 706//213 701//213
f 569//144 28//145 26//214
f 664//216 663//627 581//217
f 508//218 509//575 329//219
f 347//221 549//525 548//222
f 291//224 290//110 299//225
f 669//55 678//18 36//17
f 13//226 123//988 122//227
f 345//229 787//711 332//186
f 4//98 328//220 751//230
f 408//232 407//413 426//233
f 172//178 187//1003 186//235
f 381//23 8//112 355//16
f 369//236 394//236 396//237
f 804//238 813//429 814//239
f 630//241 639//734 638//162
f 332//186 586//872 90//16
f 668//243 667//446 658//244
f 685//246 405//645 205//247
f 82//249 189//352 148//250
f 262//252 271//948 29//253
f 212//255 413//927 450//256
f 828//258 827//580 836//259
f 782//261 856//664 857//80
f 651//14 652//883 500//263
f 807//71 806//334 815//265
f 75//267 69//810 524//268
f 524//77 517//79 528//270
f 155//272 207//343 85//273
f 31//275 659//245 577//276
f 482//277 480//278 479//278
f 662//279 671//628 670//54
f 136//281 137//281 139//282
f 591//283 590//688 94//284
f 50//285 304//64 306//286
f 769//207 763//368 761//288
f 779//194 241//196 219//95
f 208//289 249//552 258//167
f 670//54 669//55 660//291
f 545//292 554//89 553//293
f 112//295 111//295 110//296
f 605//297 614//925 375//298
f 90//16 244//198 23//37
f 839//300 352//463 353//301
f 568//303 567//88 555//20
f 270//304 269//834 278//305
f 780//307 854//723 855//308
f 185//310 3//1060 49//311
f 114//313 131//313 129//314
f 360//315 361//316 372//316
f 251//317 260//366 261//318
f 117//319 116//320 107//320
f 125//321 126//321 128//322
f 33//323 35//615 677//324
f 164//325 317//801 163//326
f 541//327 498//13 650//15
f 762//329 761//288 773//330
f 706//332 707//333 725//333
f 806//334 337//299 375//298
f 434//335 232//1041 235//336
f 633//51 642//50 641//338
f 695//340 418//785 543//341
f 361//316 362//142 371//142
f 207//343 153//976 53//344
f 217//202 421//914 420//345
f 209//346 208//289 250//290
f 529//347 519//921 518//348
f 850//349 531//489 326//126
f 838//351 846//746 359//29
f 189//352 82//249 60//353
f 752//355 329//219 330//356
f 233//358 239//584 446//359
f 378//361 380//397 640//362
f 198//363 204//363 731//364
f 370//143 363//143 364//365
f 250//290 259//797 260//366
f 478//367 480//160 463//160
f 773//330 761//288 763//368
f 1//98 199//953 382//370
f 339//371 222//856 415//372
f 210//374 683//248 848//375
f 319//377 320//543 713//378
f 798//380 797//699 806//334
f 743//381 853//149 852//151
f 551//66 550//681 348//383
f 146//384 187//1003 312//155
f 211//386 739//1061 759//387
f 231//391 762//578 774//392
f 533//394 522//1062 521//395
f 380//397 7//98 99//223
f 733//398 754//665 331//399
f 492//141 649//140 648//401
f 656//402 655//498 542//403
f 675//407 352//463 351//284
f 553//293 565//3 573//5
f 816//266 825//92 826//408
f 482//161 484//409 465//409
f 410//410 430//1063 448//411
f 407//413 408//232 684//414
f 427//415 417//717 223//416
f 632//339 641//338 381//23
f 777//419 766//761 234//420
f 122//425 132//425 134//426
f 722//427 723//427 725//428
f 813//429 812//130 821//129
f 296//431 97//383 98//221
f 371//433 398//433 400//434
f 525//435 529//347 528//270
f 736//376 848//375 847//125
f 464//97 457//97 458//437
f 325//400 534//879 732//438
f 188//439 174//954 74//440
f 774//331 773//330 764//103
f 368//441 365//441 366//442
f 16//443 404//695 403//444
f 667//446 666//462 584//447
f 186//235 187//1003 146//384
f 222//53 744//52 782//449
f 561//28 592//159 600//451
f 794//452 803//764 804//238
f 686//29 849//942 734//454
f 772//369 766//653 764//103
f 771//455 770//205 761//288
f 433//456 445//131 444//133
f 385//458 386//739 13//226
f 662//279 661//280 579//459
f 101//461 100//229 641//338
f 667//446 676//704 675//407
f 93//463 92//301 246//464
f 118//466 105//466 37//467
f 88//175 209//346 243//468
f 627//168 636//722 635//470
f 707//212 700//212 699//471
f 341//450 782//449 746//472
f 452//474 412//727 689//475
f 2//112 200//1064 717//477
f 802//478 810//562 819//479
f 264//68 263//789 272//480
f 611//481 610//871 601//482
f 189//484 311//592 310//485
f 322//487 715//640 714//488
f 301//135 102//171 103//490
f 570//491 579//459 578//74
f 784//492 792//719 801//493
f 4//98 19//100 159//495
f 267//166 266//748 275//496
f 655//498 654//516 501//499
f 104//190 103//490 644//500
f 144//287 306//286 305//502
f 720//504 718//180 719//180
f 130//506 128//822 129//507
f 318//508 319//377 712//379
f 759//510 777//419 240//421
f 395//193 393//1044 386//512
f 708//513 727//513 725//333
f 728//514 726//515 727//515
f 654//516 653//328 540//517
f 573//5 572//209 563//211
f 285//518 284//922 293//134
f 748//231 751//230 752//355
f 37//467 454//521 467//521
f 47//522 488//523 487//523
f 558//524 557//215 548//222
f 380//397 841//591 354//526
f 647//63 491//189 48//191
f 689//475 690//728 449//530
f 376//532 622//121 613//533
f 655//498 560//1000 502//535
f 795//453 804//238 805//240
f 160//536 20//750 21//537
f 364//365 365//441 368//441
f 630//241 629//242 620//539
f 338//540 219//898 412//541
f 320//543 321//489 714//488
f 753//357 330//356 531//489
f 434//544 432//457 444//133
f 221//546 339//371 451//373
f 248//551 257//165 258//167
f 320//543 470//710 471//553
f 103//490 102//171 643//172
f 391//554 389//555 388//555
f 83//556 59//836 498//557
f 435//132 436//1059 446//559
f 694//342 543//341 416//560
f 793//494 801//493 810//562
f 205//247 734//454 848//375
f 437//563 435//132 447//412
f 800//564 809//715 810//562
f 504//565 54//569 85//566
f 342//490 784//492 785//568
f 54//569 504//565 514//116
f 403//444 427//415 225//417
f 544//294 553//293 564//65
f 418//571 214//724 340//572
f 507//574 510//629 509//575
f 236//577 771//1028 762//578
f 416//560 452//474 692//476
f 293//134 302//136 303//579
f 827//580 826//408 835//25
f 783//581 745//692 213//582
f 661//280 660//291 578//74
f 239//584 228//1065 429//585
f 461//2 460//2 38//586
f 236//587 231//744 433//588
f 832//590 831//660 840//302
f 311//592 190//1014 149//593
f 76//594 71//803 519//595
f 629//242 628//870 619//597
f 509//575 510//629 330//356
f 391//598 392//850 390//11
f 693//561 692//476 451//599
f 603//601 602//483 593//602
f 823//604 832//590 378//361
f 717//605 718//605 720//606
f 51//607 70//1066 516//608
f 772//610 763//912 232//611
f 577//276 659//245 658//244
f 493//114 494//961 646//614
f 35//615 7//98 354//526
f 238//616 233//358 436//360
f 580//460 579//459 570//491
f 213//619 338//540 452//542
f 302//136 103//490 104//190
f 804//238 803//764 812//130
f 557//215 26//214 24//621
f 848//375 734//454 735//350
f 11//622 384//972 385//458
f 755//623 754//665 733//398
f 113//296 110//296 109//624
f 705//102 702//102 701//213
f 388//625 200//1064 2//112
f 663//627 672//184 671//628
f 378//361 631//119 622//121
f 531//489 330//356 510//629
f 227//423 236//587 442//589
f 584//447 583//759 574//630
f 432//457 434//544 440//632
f 308//634 309//985 143//635
f 348//383 347//221 789//637
f 841//591 840//302 353//301
f 323//639 716//913 715//640
f 708//513 709//641 729//641
f 78//642 73//993 522//643
f 684//414 406//860 405//645
f 623//646 632//339 379//418
f 810//562 809//715 818//648
f 438//548 431//550 441//633
f 710//649 697//649 194//650
f 613//533 622//121 621//120
f 776//652 764//103 766//653
f 407//413 210//920 226//655
f 465//409 484//409 486//657
f 359//29 358//30 681//658
f 23//37 244//198 253//200
f 831//660 830//752 839//300
f 454//521 455//661 466//661
f 798//380 807//71 808//73
f 389//555 201//663 200//663
f 744//309 855//308 856//664
f 755//623 736//376 737//436
f 856//664 855//308 745//666
f 449//667 414//701 220//668
f 458//437 459//1 462//1
f 288//670 287//808 296//431
f 489//671 513//1036 65//672
f 756//674 858//901 755//623
f 1//98 42//904 468//675
f 616//676 615//1007 606//677
f 356//469 355//16 678//18
f 488//523 486//9 485//9
f 836//259 835//25 844//27
f 551//66 563//211 559//210
f 4//98 505//696 508//218
f 821//129 830//752 831//660
f 411//547 449//667 242//669
f 696//682 695//340 417//683
f 51//685 147//1067 167//686
f 572//209 581//217 580//460
f 590//688 599//869 598//689
f 781//691 338//93 213//582
f 367//442 366//442 195//208
f 343//171 785//568 786//693
f 814//239 813//429 822//430
f 657//122 514//830 504//694
f 200//663 201//663 718//605
f 404//695 425//234 426//233
f 505//696 506//576 509//575
f 756//697 225//939 223//473
f 335//698 337//299 806//334
f 218//700 220//668 414//701
f 814//239 823//604 376//532
f 607//678 606//677 597//703
f 677//324 354//526 353//301
f 100//229 8//112 381//23
f 204//705 402//706 401//706
f 625//8 634//7 633//51
f 775//104 776//652 738//708
f 319//377 469//1029 470//710
f 787//711 786//693 795//453
f 74//712 523//994 537//713
f 809//715 808//73 817//72
f 341//716 223//416 417//717
f 349//163 791//945 792//719
f 538//720 500//153 60//721
f 637//164 96//163 104//190
f 645//501 644//500 635//470
f 854//723 781//943 745//666
f 56//84 506//576 505//696
f 214//724 418//571 428//656
f 834//91 833//22 842//24
f 488//725 47//726 41//726
f 412//727 450//983 690//728
f 86//729 63//1037 503//730
f 471//553 472//865 322//487
f 475//732 44//733 43//733
f 640//362 99//223 98//221
f 213//619 416//620 543//573
f 442//735 433//456 432//457
f 691//736 447//412 409//737
f 427//684 403//444 426//233
f 386//739 387//1020 14//740
f 237//741 443//1042 437//742
f 799//662 808//73 809//715
f 231//744 238//616 445//617
f 136//281 134//745 135//745
f 48//191 142//636 306//286
f 845//680 358//30 359//29
f 35//615 298//793 99//223
f 256//747 265//70 266//748
f 709//749 698//749 697//649
f 296//431 295//809 96//163
f 422//99 423//857 20//750
f 820//751 829//851 830//752
f 278//305 287//808 288//670
f 490//753 325//986 331//754
f 272//480 30//76 32//75
f 93//463 589//690 588//756
f 513//124 489//671 512//757
f 199//758 711//173 730//173
f 666//462 665//915 583//759
f 608//760 617//169 616//676
f 766//761 772//610 237//612
f 566//762 565//3 553//293
f 747//763 783//581 340//583
f 793//494 802//478 803//764
f 75//765 177//1068 175//766
f 24//621 26//214 254//768
f 2//112 43//1058 125//770
f 193//771 315//957 316//772
f 84//774 62//798 501//775
f 299//225 100//229 101//461
f 79//777 68//1069 515//778
f 61//251 148//250 191//780
f 67//782 176//807 180//783
f 696//682 428//1031 418//785
f 715//786 722//790 724//787
f 740//788 851//829 854//723
f 815//265 824//90 825//92
f 263//789 28//145 30//76
f 716//606 720//606 722//790
f 316//772 315//957 207//791
f 631//119 640//362 639//734
f 802//478 811//128 812//130
f 298//793 297//432 98//221
f 91//526 587//890 333//794
f 485//795 483//796 470//796
f 250//290 258//167 267//166
f 62//798 86//729 542//731
f 194//650 360//315 373//315
f 190//799 81//996 59//139
f 165//800 144//287 163//326
f 144//287 165//1055 66//802
f 71//803 78//642 533//644
f 690//728 691//736 414//738
f 15//626 125//770 124//804
f 706//332 723//332 721//805
f 399//118 397//192 384//192
f 290//110 34//109 36//17
f 287//808 286//974 295//809
f 577//276 576//613 567//88
f 23//37 547//19 345//229
f 42//815 119//816 138//816
f 818//648 827//580 828//258
f 429//817 228//1070 218//818
f 181//41 174//1027 172//178
f 347//221 346//223 788//820
f 822//430 831//660 832//590
f 749//520 750//962 217//202
f 815//265 375//298 377//647
f 128//822 126//823 127//823
f 390//824 392//825 368//825
f 649//140 510//629 507//574
f 57//826 507//574 506//576
f 473//827 474//111 324//113
f 785//568 784//492 793//494
f 281//108 290//110 291//224
f 546//21 555//20 554//89
f 576//613 658//244 584//447
f 714//787 724//787 726//197
f 778//382 852//151 851//829
f 206//570 3//1071 185//445
f 512//757 493//114 514//830
f 65//831 164//984 140//312
f 476//832 45//833 44//833
f 33//323 668//243 659//245
f 261//318 260//366 269//834
f 736//376 757//31 226//33
f 235//835 769//1072 767//182
f 59//836 81//1052 539//837
f 709//749 708//471 699//471
f 499//838 52//1051 51//839
f 490//753 511//755 512//757
f 92//301 91//526 245//769
f 234//743 437//742 448//841
f 53//843 83//556 541//558
f 691//736 413//1073 410//410
f 826//408 825//92 834//91
f 25//659 27//254 568//303
f 521//395 522//1062 535//845
f 583//759 664//216 582//4
f 397//847 398//847 396//106
f 41//726 47//726 139//848
f 843//26 356//469 357//175
f 259//797 267//166 276//497
f 87//30 208//289 209//346
f 393//107 394//107 392//850
f 751//230 328//220 329//219
f 660//291 669//55 34//109
f 829//851 837//260 846//746
f 277//852 286//974 287//808
f 515//853 68//1074 58//854
f 222//856 341//716 453//718
f 648//401 507//574 57//826
f 545//292 544//294 342//490
f 423//857 424//968 21//537
f 609//858 618//170 617//169
f 483//10 484//10 482//277
f 672//184 681//658 680//859
f 633//51 632//339 623//646
f 406//860 688//965 687//201
f 550//681 559//210 558//524
f 197//861 202//861 390//824
f 778//862 242//203 220//58
f 148//486 310//485 313//863
f 663//627 662//279 580//460
f 472//865 473//827 323//639
f 163//326 144//287 145//503
f 402//867 204//363 198//363
f 235//336 229//1049 438//868
f 154//773 316//772 317//801
f 333//794 335//698 797//699
f 608//760 607//678 598//689
f 830//752 829//851 838//351
f 671//628 680//859 679//679
f 629//242 638//162 637//164
f 619//597 627//168 618//170
f 586//872 585//916 89//469
f 609//858 608//760 599//869
f 737//436 847//125 527//127
f 730//874 731//874 204//705
f 547//19 546//21 344//461
f 86//875 193//990 154//876
f 455//661 456//96 465//96
f 646//614 527//1047 326//126
f 283//87 282//828 291//224
f 534//879 3//1075 206//880
f 280//881 289//918 33//323
f 396//237 398//433 371//433
f 819//479 828//258 820//751
f 266//748 265//70 274//69
f 544//294 552//67 350//190
f 652//883 499//1076 496//884
f 334//188 336//917 604//885
f 535//845 515//1077 495//887
f 25//659 253//200 262//252
f 853//149 776//652 739//888
f 95//29 249//552 208//289
f 597//703 596//949 587//890
f 620//539 619//597 610//871
f 481//891 479//893 472//892
f 479//893 477//894 473//894
f 788//820 797//699 798//380
f 218//895 228//1078 758//896
f 477//894 475//732 474//732
f 602//483 601//482 592//159
f 613//533 612//651 603//601
f 219//898 241//257 450//256
f 327//899 494//961 511//755
f 757//900 736//376 755//623
f 668//243 677//324 676//704
f 1//98 9//34 119//903
f 42//815 46//815 487//905
f 476//906 478//367 462//367
f 742//907 739//1079 211//908
f 211//909 230//1080 430//910
f 763//912 769//1072 235//835
f 348//383 550//681 549//525
f 324//113 717//477 716//913
f 421//914 424//968 423//857
f 777//654 759//1081 739//888
f 353//301 352//463 675//407
f 666//462 675//407 674//48
f 350//190 792//719 784//492
f 585//916 594//603 593//602
f 374//534 613//533 604//885
f 405//645 687//201 686//29
f 289//918 288//670 297//432
f 334//188 796//187 805//240
f 117//319 106//319 105//466
f 199//758 203//758 401//117
f 646//614 492//141 491//189
f 53//843 502//844 560//567
f 170//919 169//1009 183//39
f 210//920 407//413 685//246
f 626//6 625//8 616//676
f 738//708 776//652 853//149
f 519//921 533//394 532//396
f 274//69 283//87 284//922
f 240//842 448//841 430//923
f 614//925 623//646 377//647
f 575//631 574//630 565//3
f 665//915 674//48 682//49
f 163//326 162//866 141//926
f 413//927 212//255 211//928
f 292//878 291//224 300//176
f 71//930 170//1033 184//931
f 628//870 636//722 627//168
f 628//870 637//164 645//501
f 603//601 612//651 611//481
f 722//427 720//504 721//505
f 520//933 518//348 532//396
f 310//485 149//593 192//935
f 239//936 775//970 758//937
f 225//939 756//697 732//438
f 10//36 11//622 121//940
f 849//942 850//349 735//350
f 851//829 741//1021 781//943
f 653//328 650//15 497//944
f 791//945 790//638 799//662
f 317//801 316//772 155//792
f 98//221 97//383 638//162
f 40//946 45//946 476//906
f 126//823 44//833 45//833
f 378//361 832//590 841//591
f 652//883 536//846 495//887
f 746//262 857//80 858//901
f 477//947 478//1035 476//832
f 271//948 270//304 279//306
f 596//949 335//698 333//794
f 124//322 128//322 130//950
f 705//805 721//805 719//952
f 138//282 139//282 47//522
f 279//306 288//670 289//918
f 567//88 576//613 575//631
f 606//677 615//1007 614//925
f 1//98 318//508 711//509
f 844//27 357//175 358//30
f 174//954 181//1038 77//955
f 768//902 760//389 770//205
f 93//463 247//465 248//551
f 151//385 312//155 311//592
f 152//956 314//963 315//957
f 419//60 420//345 423//857
f 43//733 44//733 126//321
f 40//946 112//958 127//958
f 11//622 12//228 122//227
f 9//34 10//36 120//941
f 119//816 120//959 136//959
f 114//313 115//960 133//960
f 836//259 845//680 846//746
f 494//961 493//114 512//757
f 91//526 6//98 24//621
f 259//797 268//849 269//834
f 272//480 281//108 282//828
f 601//482 610//871 618//170
f 750//962 753//357 850//349
f 191//864 313//863 314//963
f 786//693 785//568 794//452
f 585//916 562//158 88//175
f 502//535 541//327 653//328
f 17//964 182//228 688//965
f 171//966 177//1068 75//765
f 468//905 487//905 485//795
f 348//383 790//638 791//945
f 589//690 598//689 597//703
f 284//922 283//87 292//878
f 182//228 21//537 424//968
f 233//969 765//1006 775//970
f 49//673 3//1082 534//971
f 10//36 383//35 384//972
f 115//973 114//624 109//624
f 286//974 294//519 303//579
f 650//15 651//14 538//264
f 192//975 83//137 53//344
f 313//863 192//935 153//977
f 817//72 826//408 827//580
f 72//978 520//1013 530//979
f 404//695 16//443 22//981
f 159//495 19//100 20//750
f 408//232 18//1034 178//982
f 483//796 481//891 471//891
f 450//983 413//1073 691//736
f 29//253 577//276 568//303
f 164//984 65//831 63//877
f 558//524 570//491 569//144
f 161//538 21//537 182//228
f 604//885 603//601 594//603
f 325//986 490//753 489//671
f 315//957 314//963 153//977
f 67//813 76//594 529//596
f 116//987 135//987 133//960
f 14//740 124//804 123//988
f 590//688 589//690 93//463
f 62//989 152//1043 193//990
f 26//214 28//145 263//789
f 158//991 161//538 309//985
f 839//300 838//351 351//284
f 248//551 247//465 256//747
f 92//301 588//756 587//890
f 73//993 79//777 535//779
f 77//980 530//979 523//994
f 285//518 294//519 286//974
f 190//799 150//1045 52//995
f 78//932 184//931 173//997
f 597//703 606//677 605//297
f 115//973 108//973 107//320
f 255//999 254//768 263//789
f 656//402 504//694 560//1000
f 546//21 545//292 343//171
f 539//1001 499//1076 652//883
f 605//297 337//299 335//698
f 94//284 248//551 249//552
f 188//1002 167//1083 147//156
f 156//83 159//495 160//536
f 295//809 303//579 104//190
f 518//348 520//933 526//271
f 123//951 130//950 132//425
f 16//1005 185//310 140//312
f 238//393 774//392 765//1006
f 346//223 6//98 333//794
f 624//707 623//646 614//925
f 180//1008 179//1015 169//1009
f 344//461 786//693 787//711
f 710//364 731//364 729//641
f 80//714 537//713 516//1010
f 790//638 789//637 798//380
f 118//848 139//848 137//1012
f 520//1013 72//978 75//267
f 312//155 150//157 190//1014
f 635//470 644//500 643//172
f 176//528 168//527 179//1015
f 612//651 621//120 620//539
f 754//665 737//436 327//873
f 306//286 142//636 143//635
f 357//175 356//469 679//679
f 271//948 280//881 31//275
f 358//30 357//175 680//859
f 748//231 749//520 216//59
f 179//1015 168//527 175//821
f 247//465 246//464 255//999
f 665//915 673//185 664//216
f 33//323 289//918 298//793
f 162//866 145//503 18//1017
f 116//987 117//1012 137//1012
f 89//469 243//468 244//198
f 61//148 84//774 540//776
f 805//240 814//239 374//534
f 592//159 601//482 609//858
f 392//825 394//236 369//236
f 134//745 132//1019 133//1019
f 387//1020 388//625 15//626
f 852//151 779//150 741//1021
f 58//1022 68//1084 166//1023
f 73//998 173//997 186//1025
f 243//468 209//346 251//317
f 276//497 285//518 277//852
f 435//132 437//563 443//545
f 828//258 837//260 829//851
f 113//314 129//314 127//958
f 112//295 40//586 38//586
f 187//1003 172//178 174//1027
f 261//318 270//304 271//948
f 227//406 768//405 771//1028
f 439//882 442//735 441//633
f 318//508 468//675 469//1029
f 728//514 729//514 731//874
f 695//340 694//342 453//1030
f 217//202 750//962 849//942
f 521//395 523//1056 530//934
f 426//233 407//413 428//1031
f 600//451 599//869 590//688
f 58//1032 146//1085 151//354
f 255//999 264//68 265//70
f 76//784 180//783 170//1033
f 824//90 377//647 379//418
f 18//1034 408//232 425//234
f 479//278 480//278 478//1035
f 160//536 161//538 158//991
f 688//965 424//968 421//914
f 177//1016 171//40 169//1009
f 252//199 261//318 262//252
f 752//355 753//357 750//962
f 586//872 595//886 594//603
f 130//506 131//506 133//1019
f 57//826 158//991 308//634
f 268//849 277//852 278//305
f 552//67 551//66 349//163
f 513//1036 503//730 63//1037
f 181//1038 171//966 72//967
f 399//1039 400//1039 398//847
f 402//706 400//1039 399//1039
f 692//476 689//475 411//531
f 145//503 305//502 178//1040
f 726//515 724//428 725//428
f 694//342 693//561 415//600
f 36//17 8//112 100//229
f 571//618 570//491 558//524
f 232//1041 434//335 443//1042
f 446//559 429//1086 409//737
f 245//769 254//768 255//999
f 858//901 857//80 747//82
f 275//496 284//922 285//518
f 141//926 162//866 22//1018
f 84//781 191//780 152//1043
f 393//1044 391//554 387//554
f 150//1045 147//1087 51//1046
f 625//8 624//707 615//1007
f 494//961 327//899 527//1047
f 346//223 548//222 24//621
f 842//24 355//16 356//469
f 496//884 516//1088 537//1048
f 305//502 143//635 17//964
f 52//1051 499//838 539//837
f 197//861 704//952 719//952
f 573//5 582//4 581//217
f 309//985 182//228 17//964
f 121//426 134//426 136//959
f 664//216 673//185 672//184
f 486//657 488//725 467//725
f 157//1004 158//991 57//826
f 79//1026 186//1025 166//1053
f 307//190 308//634 142//636
f 684//414 178//982 17//964
f 165//1055 155//272 54//274
f 332//186 334//188 595//886
f 791//945 800//564 801//493
f 400//434 402//867 373//867
f 523//1056 521//395 536//846
f 55//85 505//696 4//98
f 215//61 419//60 4//98
