# Blender 4.5.2 LTS
# www.blender.org
o celestial_globe
v 0.138858 0.283077 -0.138858
v 0.104167 0.268540 -0.153395
v 0.069368 0.259180 -0.162755
v 0.034712 0.253594 -0.168341
v 0.000000 0.251708 -0.170228
v -0.034712 0.253594 -0.168341
v -0.069368 0.259180 -0.162755
v -0.104167 0.268540 -0.153395
v 0.153272 0.317854 -0.153272
v 0.114995 0.306940 -0.177250
v 0.076603 0.299905 -0.192379
v 0.038311 0.295792 -0.201032
v 0.000000 0.294411 -0.203896
v -0.038311 0.295792 -0.201032
v -0.076603 0.299905 -0.192379
v -0.114995 0.306940 -0.177250
v 0.162972 0.352472 -0.162972
v 0.122005 0.345347 -0.192340
v 0.081324 0.340611 -0.210939
v 0.040677 0.337858 -0.221450
v 0.000000 0.336917 -0.224957
v -0.040677 0.337858 -0.221450
v -0.081324 0.340611 -0.210939
v -0.122005 0.345347 -0.192340
v 0.168244 0.387244 -0.168244
v 0.126054 0.383651 -0.200891
v 0.084053 0.381269 -0.221386
v 0.042046 0.379889 -0.232908
v 0.000000 0.379412 -0.236772
v -0.042046 0.379889 -0.232908
v -0.084053 0.381270 -0.221386
v -0.126054 0.383651 -0.200891
v 0.170228 0.421935 -0.170228
v 0.127524 0.421935 -0.203896
v 0.085018 0.421935 -0.224957
v 0.042523 0.421935 -0.236772
v 0.000000 0.421935 -0.240738
v -0.042523 0.421935 -0.236771
v -0.085018 0.421935 -0.224957
v -0.127524 0.421935 -0.203896
v 0.168244 0.456626 -0.168244
v 0.126054 0.460219 -0.200891
v 0.084053 0.462601 -0.221386
v 0.042046 0.463981 -0.232908
v 0.000000 0.464458 -0.236772
v -0.042046 0.463981 -0.232908
v -0.084053 0.462601 -0.221386
v -0.126054 0.460219 -0.200891
v 0.162972 0.491398 -0.162972
v 0.122005 0.498523 -0.192340
v 0.081324 0.503259 -0.210939
v 0.040677 0.506013 -0.221450
v 0.000000 0.506953 -0.224957
v -0.040677 0.506012 -0.221450
v -0.081324 0.503259 -0.210939
v -0.122005 0.498523 -0.192340
v 0.153272 0.526016 -0.153272
v 0.114995 0.536930 -0.177250
v 0.076603 0.543965 -0.192379
v 0.038311 0.548079 -0.201032
v 0.000000 0.549459 -0.203896
v -0.038311 0.548079 -0.201032
v -0.076603 0.543965 -0.192379
v -0.114995 0.536930 -0.177250
v -0.138858 0.283077 -0.138858
v -0.153395 0.268540 -0.104167
v -0.162755 0.259180 -0.069368
v -0.168341 0.253594 -0.034712
v -0.170228 0.251707 -0.000000
v -0.168341 0.253594 0.034712
v -0.162755 0.259180 0.069368
v -0.153395 0.268540 0.104167
v -0.153272 0.317854 -0.153272
v -0.177250 0.306940 -0.114995
v -0.192379 0.299905 -0.076603
v -0.201032 0.295792 -0.038311
v -0.203896 0.294411 -0.000000
v -0.201032 0.295792 0.038311
v -0.192379 0.299905 0.076603
v -0.177250 0.306940 0.114995
v -0.162972 0.352472 -0.162972
v -0.192340 0.345347 -0.122005
v -0.210939 0.340611 -0.081324
v -0.221450 0.337858 -0.040677
v -0.224957 0.336917 -0.000000
v -0.221450 0.337858 0.040677
v -0.210939 0.340611 0.081324
v -0.192340 0.345347 0.122005
v -0.168244 0.387244 -0.168244
v -0.200891 0.383651 -0.126054
v -0.221386 0.381269 -0.084053
v -0.232908 0.379889 -0.042046
v -0.236771 0.379412 -0.000000
v -0.232908 0.379889 0.042046
v -0.221386 0.381269 0.084053
v -0.200891 0.383651 0.126054
v -0.170228 0.421935 -0.170228
v -0.203896 0.421935 -0.127524
v -0.224957 0.421935 -0.085018
v -0.236771 0.421935 -0.042523
v -0.240738 0.421935 -0.000000
v -0.236771 0.421935 0.042523
v -0.224957 0.421935 0.085018
v -0.203896 0.421935 0.127524
v -0.168244 0.456626 -0.168244
v -0.200891 0.460219 -0.126054
v -0.221386 0.462601 -0.084053
v -0.232908 0.463981 -0.042046
v -0.236771 0.464458 -0.000000
v -0.232908 0.463981 0.042046
v -0.221386 0.462601 0.084053
v -0.200891 0.460219 0.126054
v -0.162972 0.491398 -0.162972
v -0.192340 0.498523 -0.122005
v -0.210939 0.503259 -0.081324
v -0.221450 0.506012 -0.040677
v -0.224957 0.506953 -0.000000
v -0.221450 0.506012 0.040677
v -0.210939 0.503259 0.081324
v -0.192340 0.498523 0.122005
v -0.153272 0.526016 -0.153272
v -0.177250 0.536930 -0.114995
v -0.192379 0.543965 -0.076603
v -0.201032 0.548079 -0.038311
v -0.203896 0.549459 -0.000000
v -0.201032 0.548079 0.038311
v -0.192379 0.543965 0.076603
v -0.177250 0.536930 0.114995
v -0.138858 0.283077 0.138858
v -0.104167 0.268540 0.153395
v -0.069368 0.259180 0.162755
v -0.034712 0.253594 0.168341
v 0.000000 0.251707 0.170228
v 0.034712 0.253594 0.168341
v 0.069368 0.259180 0.162755
v 0.104167 0.268540 0.153395
v -0.153272 0.317854 0.153272
v -0.114995 0.306940 0.177250
v -0.076603 0.299905 0.192379
v -0.038311 0.295792 0.201032
v 0.000000 0.294411 0.203896
v 0.038311 0.295792 0.201032
v 0.076603 0.299905 0.192379
v 0.114995 0.306940 0.177250
v -0.162972 0.352472 0.162972
v -0.122005 0.345347 0.192340
v -0.081324 0.340611 0.210939
v -0.040677 0.337858 0.221450
v 0.000000 0.336917 0.224957
v 0.040677 0.337858 0.221450
v 0.081324 0.340611 0.210939
v 0.122005 0.345347 0.192340
v -0.168244 0.387244 0.168244
v -0.126054 0.383651 0.200891
v -0.084053 0.381269 0.221386
v -0.042046 0.379889 0.232908
v 0.000000 0.379412 0.236771
v 0.042046 0.379889 0.232908
v 0.084053 0.381269 0.221386
v 0.126054 0.383651 0.200891
v -0.170228 0.421935 0.170228
v -0.127524 0.421935 0.203896
v -0.085018 0.421935 0.224957
v -0.042523 0.421935 0.236771
v 0.000000 0.421935 0.240738
v 0.042523 0.421935 0.236771
v 0.085018 0.421935 0.224957
v 0.127524 0.421935 0.203896
v -0.168244 0.456626 0.168244
v -0.126054 0.460219 0.200891
v -0.084053 0.462601 0.221386
v -0.042046 0.463981 0.232908
v 0.000000 0.464458 0.236771
v 0.042046 0.463981 0.232908
v 0.084053 0.462601 0.221386
v 0.126054 0.460219 0.200891
v -0.162972 0.491398 0.162972
v -0.122005 0.498523 0.192340
v -0.081324 0.503259 0.210939
v -0.040677 0.506012 0.221450
v 0.000000 0.506953 0.224957
v 0.040677 0.506012 0.221450
v 0.081324 0.503259 0.210939
v 0.122005 0.498523 0.192340
v -0.153272 0.526016 0.153272
v -0.114995 0.536930 0.177250
v -0.076603 0.543965 0.192379
v -0.038311 0.548079 0.201032
v 0.000000 0.549459 0.203896
v 0.038311 0.548079 0.201032
v 0.076603 0.543965 0.192379
v 0.114995 0.536930 0.177250
v 0.138858 0.283077 0.138858
v 0.153395 0.268540 0.104167
v 0.162755 0.259180 0.069368
v 0.168341 0.253594 0.034712
v 0.170228 0.251707 -0.000000
v 0.168341 0.253594 -0.034712
v 0.162755 0.259180 -0.069368
v 0.153395 0.268540 -0.104167
v 0.153272 0.317854 0.153272
v 0.177250 0.306940 0.114995
v 0.192379 0.299905 0.076603
v 0.201032 0.295792 0.038311
v 0.203896 0.294411 -0.000000
v 0.201032 0.295792 -0.038311
v 0.192379 0.299905 -0.076603
v 0.177250 0.306940 -0.114995
v 0.162972 0.352472 0.162972
v 0.192340 0.345347 0.122005
v 0.210939 0.340611 0.081324
v 0.221450 0.337858 0.040677
v 0.224957 0.336917 -0.000000
v 0.221450 0.337858 -0.040677
v 0.210939 0.340611 -0.081324
v 0.192340 0.345347 -0.122005
v 0.168244 0.387244 0.168244
v 0.200891 0.383651 0.126054
v 0.221386 0.381269 0.084053
v 0.232908 0.379889 0.042046
v 0.236771 0.379412 -0.000000
v 0.232908 0.379889 -0.042046
v 0.221386 0.381269 -0.084053
v 0.200891 0.383651 -0.126054
v 0.170228 0.421935 0.170228
v 0.203896 0.421935 0.127524
v 0.224957 0.421935 0.085018
v 0.236771 0.421935 0.042523
v 0.240738 0.421935 -0.000000
v 0.236771 0.421935 -0.042523
v 0.224957 0.421935 -0.085018
v 0.203896 0.421935 -0.127524
v 0.168244 0.456626 0.168244
v 0.200891 0.460219 0.126054
v 0.221386 0.462601 0.084053
v 0.232908 0.463981 0.042046
v 0.236771 0.464458 -0.000000
v 0.232908 0.463981 -0.042046
v 0.221386 0.462601 -0.084053
v 0.200891 0.460219 -0.126054
v 0.162972 0.491398 0.162972
v 0.192340 0.498523 0.122005
v 0.210939 0.503259 0.081324
v 0.221450 0.506012 0.040677
v 0.224957 0.506953 -0.000000
v 0.221450 0.506012 -0.040677
v 0.210939 0.503259 -0.081324
v 0.192340 0.498523 -0.122005
v 0.153272 0.526016 0.153272
v 0.177250 0.536930 0.114995
v 0.192379 0.543965 0.076603
v 0.201032 0.548079 0.038311
v 0.203896 0.549459 -0.000000
v 0.201032 0.548079 -0.038311
v 0.192379 0.543965 -0.076603
v 0.177250 0.536930 -0.114995
v 0.114948 0.244758 0.114948
v 0.076608 0.229545 0.122037
v 0.038349 0.220702 0.126271
v 0.000000 0.218039 0.127524
v -0.038349 0.220702 0.126271
v -0.076608 0.229545 0.122037
v -0.114948 0.244758 0.114948
v 0.122037 0.229545 0.076608
v 0.081457 0.210651 0.081457
v 0.040725 0.200228 0.084176
v 0.000000 0.196978 0.085018
v -0.040725 0.200228 0.084176
v -0.081457 0.210651 0.081457
v -0.122037 0.229545 0.076608
v 0.126271 0.220702 0.038349
v 0.084176 0.200228 0.040725
v 0.042059 0.188957 0.042059
v 0.000000 0.185164 0.042523
v -0.042059 0.188957 0.042059
v -0.084176 0.200228 0.040725
v -0.126271 0.220702 0.038349
v 0.127524 0.218039 -0.000000
v 0.085018 0.196978 -0.000000
v 0.042523 0.185164 -0.000000
v 0.000000 0.181197 -0.000000
v -0.042523 0.185164 -0.000000
v -0.085018 0.196978 -0.000000
v -0.127524 0.218039 -0.000000
v 0.126271 0.220702 -0.038349
v 0.084176 0.200228 -0.040725
v 0.042059 0.188957 -0.042059
v 0.000000 0.185164 -0.042523
v -0.042059 0.188957 -0.042059
v -0.084176 0.200228 -0.040725
v -0.126271 0.220702 -0.038349
v 0.122037 0.229545 -0.076608
v 0.081457 0.210651 -0.081457
v 0.040725 0.200228 -0.084176
v 0.000000 0.196978 -0.085018
v -0.040725 0.200228 -0.084176
v -0.081457 0.210651 -0.081457
v -0.122037 0.229545 -0.076608
v 0.114948 0.244758 -0.114948
v 0.076608 0.229545 -0.122037
v 0.038349 0.220702 -0.126271
v 0.000000 0.218039 -0.127524
v -0.038349 0.220702 -0.126271
v -0.076608 0.229545 -0.122037
v -0.114948 0.244758 -0.114948
v 0.138858 0.560794 -0.138858
v 0.104167 0.575330 -0.153395
v 0.069368 0.584690 -0.162755
v 0.034712 0.590276 -0.168341
v 0.000000 0.592163 -0.170228
v -0.034712 0.590276 -0.168341
v -0.069368 0.584690 -0.162755
v -0.104167 0.575330 -0.153395
v -0.138858 0.560794 -0.138858
v 0.153395 0.575330 -0.104167
v 0.114948 0.599112 -0.114948
v 0.076608 0.614325 -0.122037
v 0.038349 0.623168 -0.126271
v 0.000000 0.625831 -0.127524
v -0.038349 0.623168 -0.126271
v -0.076608 0.614325 -0.122037
v -0.114948 0.599112 -0.114948
v -0.153395 0.575330 -0.104167
v 0.162755 0.584690 -0.069368
v 0.122037 0.614325 -0.076608
v 0.081457 0.633219 -0.081457
v 0.040725 0.643642 -0.084176
v 0.000000 0.646892 -0.085018
v -0.040725 0.643642 -0.084176
v -0.081457 0.633219 -0.081457
v -0.122037 0.614325 -0.076608
v -0.162755 0.584690 -0.069368
v 0.168341 0.590276 -0.034712
v 0.126271 0.623168 -0.038349
v 0.084176 0.643642 -0.040725
v 0.042059 0.654913 -0.042059
v 0.000000 0.658707 -0.042523
v -0.042059 0.654913 -0.042059
v -0.084176 0.643642 -0.040725
v -0.126271 0.623168 -0.038349
v -0.168341 0.590276 -0.034712
v 0.170228 0.592163 -0.000000
v 0.127524 0.625831 -0.000000
v 0.085018 0.646892 -0.000000
v 0.042523 0.658707 -0.000000
v 0.000000 0.662673 -0.000000
v -0.042523 0.658707 -0.000000
v -0.085018 0.646892 -0.000000
v -0.127524 0.625831 -0.000000
v -0.170228 0.592163 -0.000000
v 0.168341 0.590276 0.034712
v 0.126271 0.623168 0.038349
v 0.084176 0.643642 0.040725
v 0.042059 0.654913 0.042059
v 0.000000 0.658707 0.042523
v -0.042059 0.654913 0.042059
v -0.084176 0.643642 0.040725
v -0.126271 0.623168 0.038349
v -0.168341 0.590276 0.034712
v 0.162755 0.584690 0.069368
v 0.122037 0.614325 0.076608
v 0.081457 0.633219 0.081457
v 0.040725 0.643642 0.084176
v 0.000000 0.646892 0.085018
v -0.040725 0.643642 0.084176
v -0.081457 0.633219 0.081457
v -0.122037 0.614325 0.076608
v -0.162755 0.584690 0.069368
v 0.153395 0.575330 0.104167
v 0.114948 0.599112 0.114948
v 0.076608 0.614325 0.122037
v 0.038349 0.623168 0.126271
v 0.000000 0.625831 0.127524
v -0.038349 0.623168 0.126271
v -0.076608 0.614325 0.122037
v -0.114948 0.599112 0.114948
v -0.153395 0.575330 0.104167
v 0.138858 0.560794 0.138858
v 0.104167 0.575330 0.153395
v 0.069368 0.584690 0.162755
v 0.034712 0.590276 0.168341
v 0.000000 0.592163 0.170228
v -0.034712 0.590276 0.168341
v -0.069368 0.584690 0.162755
v -0.104167 0.575330 0.153395
v -0.138858 0.560794 0.138858
v -0.144124 0.421892 -0.347946
v -0.097027 0.436709 -0.234243
v 0.144124 0.421892 -0.347946
v 0.097027 0.436709 -0.234243
v 0.347946 0.421892 -0.144124
v 0.234243 0.436709 -0.097027
v 0.347946 0.421892 0.144124
v 0.234243 0.436709 0.097027
v 0.144124 0.421892 0.347946
v 0.097027 0.436709 0.234243
v -0.144124 0.421892 0.347946
v -0.097027 0.436709 0.234243
v -0.347946 0.421892 0.144124
v -0.234243 0.436709 0.097027
v -0.347946 0.421892 -0.144124
v -0.234243 0.436709 -0.097027
v -0.147926 0.423419 -0.357126
v 0.147926 0.423419 -0.357126
v 0.357126 0.423419 -0.147926
v 0.357126 0.423419 0.147926
v 0.147926 0.423419 0.357126
v -0.147926 0.423419 0.357126
v -0.357126 0.423419 0.147926
v -0.357126 0.423419 -0.147926
v -0.097055 0.408282 -0.234312
v 0.097055 0.408282 -0.234312
v 0.234312 0.408282 -0.097055
v 0.234312 0.408282 0.097055
v 0.097055 0.408282 0.234312
v -0.097055 0.408282 0.234312
v -0.234312 0.408282 0.097055
v -0.234312 0.408282 -0.097055
v 0.147926 0.436709 -0.357126
v -0.147926 0.436709 -0.357126
v 0.357126 0.436709 -0.147926
v 0.357126 0.436709 0.147926
v 0.147926 0.436709 0.357126
v -0.147926 0.436709 0.357126
v -0.357126 0.436709 0.147926
v -0.357126 0.436709 -0.147926
v -0.144124 0.408282 -0.347946
v 0.144124 0.408282 -0.347946
v 0.347946 0.408282 -0.144124
v 0.347946 0.408282 0.144124
v 0.144124 0.408282 0.347946
v -0.144124 0.408282 0.347946
v -0.347946 0.408282 0.144124
v -0.347946 0.408282 -0.144124
v 0.073963 0.423419 0.357126
v 0.000000 0.423419 0.357126
v -0.073963 0.423419 0.357126
v -0.073963 0.436709 0.357126
v 0.000000 0.436709 0.357126
v 0.073963 0.436709 0.357126
v 0.072062 0.421892 0.347946
v 0.000000 0.421892 0.347946
v -0.072062 0.421892 0.347946
v 0.072062 0.408282 0.347946
v 0.000000 0.408282 0.347946
v -0.072062 0.408282 0.347946
v -0.049464 0.436709 0.248671
v 0.000000 0.436709 0.253543
v 0.049464 0.436709 0.248671
v 0.049478 0.408282 0.248744
v 0.000000 0.408282 0.253617
v -0.049478 0.408282 0.248744
v -0.200226 0.423419 0.304826
v -0.252526 0.423419 0.252526
v -0.304826 0.423419 0.200226
v -0.304826 0.436709 0.200226
v -0.252526 0.436709 0.252526
v -0.200226 0.436709 0.304826
v -0.195079 0.421892 0.296990
v -0.246035 0.421892 0.246035
v -0.296990 0.421892 0.195079
v -0.195079 0.408282 0.296990
v -0.246035 0.408282 0.246035
v -0.296990 0.408282 0.195079
v -0.210813 0.436709 0.140861
v -0.179282 0.436709 0.179282
v -0.140861 0.436709 0.210813
v -0.140902 0.408282 0.210875
v -0.179334 0.408282 0.179334
v -0.210875 0.408282 0.140902
v -0.357126 0.423419 0.073963
v -0.357126 0.423419 -0.000000
v -0.357126 0.423419 -0.073963
v -0.357126 0.436709 -0.073963
v -0.357126 0.436709 -0.000000
v -0.357126 0.436709 0.073963
v -0.347946 0.421892 0.072062
v -0.347946 0.421892 -0.000000
v -0.347946 0.421892 -0.072062
v -0.347946 0.408282 0.072062
v -0.347946 0.408282 -0.000000
v -0.347946 0.408282 -0.072062
v -0.248671 0.436709 -0.049464
v -0.253543 0.436709 -0.000000
v -0.248671 0.436709 0.049464
v -0.248744 0.408282 0.049478
v -0.253617 0.408282 -0.000000
v -0.248744 0.408282 -0.049478
v -0.304826 0.423419 -0.200226
v -0.252526 0.423419 -0.252526
v -0.200226 0.423419 -0.304826
v -0.200226 0.436709 -0.304826
v -0.252526 0.436709 -0.252526
v -0.304826 0.436709 -0.200226
v -0.296990 0.421892 -0.195079
v -0.246035 0.421892 -0.246035
v -0.195079 0.421892 -0.296990
v -0.296990 0.408282 -0.195079
v -0.246035 0.408282 -0.246035
v -0.195079 0.408282 -0.296990
v -0.140861 0.436709 -0.210813
v -0.179282 0.436709 -0.179282
v -0.210813 0.436709 -0.140861
v -0.210875 0.408282 -0.140902
v -0.179334 0.408282 -0.179334
v -0.140902 0.408282 -0.210875
v -0.073963 0.423419 -0.357126
v 0.000000 0.423419 -0.357126
v 0.073963 0.423419 -0.357126
v 0.073963 0.436709 -0.357126
v 0.000000 0.436709 -0.357126
v -0.073963 0.436709 -0.357126
v -0.072062 0.421892 -0.347946
v 0.000000 0.421892 -0.347946
v 0.072062 0.421892 -0.347946
v -0.072062 0.408282 -0.347946
v 0.000000 0.408282 -0.347946
v 0.072062 0.408282 -0.347946
v 0.049464 0.436709 -0.248671
v 0.000000 0.436709 -0.253543
v -0.049464 0.436709 -0.248671
v -0.049478 0.408282 -0.248744
v 0.000000 0.408282 -0.253617
v 0.049478 0.408282 -0.248744
v 0.200226 0.423419 -0.304826
v 0.252526 0.423419 -0.252526
v 0.304826 0.423419 -0.200226
v 0.304826 0.436709 -0.200226
v 0.252526 0.436709 -0.252526
v 0.200226 0.436709 -0.304826
v 0.195079 0.421892 -0.296990
v 0.246035 0.421892 -0.246035
v 0.296990 0.421892 -0.195079
v 0.195079 0.408282 -0.296990
v 0.246035 0.408282 -0.246035
v 0.296990 0.408282 -0.195079
v 0.210813 0.436709 -0.140861
v 0.179282 0.436709 -0.179282
v 0.140861 0.436709 -0.210813
v 0.140902 0.408282 -0.210875
v 0.179334 0.408282 -0.179334
v 0.210875 0.408282 -0.140902
v 0.357126 0.423419 -0.073963
v 0.357126 0.423419 -0.000000
v 0.357126 0.423419 0.073963
v 0.357126 0.436709 0.073963
v 0.357126 0.436709 -0.000000
v 0.357126 0.436709 -0.073963
v 0.347946 0.421892 -0.072062
v 0.347946 0.421892 -0.000000
v 0.347946 0.421892 0.072062
v 0.347946 0.408282 -0.072062
v 0.347946 0.408282 -0.000000
v 0.347946 0.408282 0.072062
v 0.248671 0.436709 0.049464
v 0.253543 0.436709 -0.000000
v 0.248671 0.436709 -0.049464
v 0.248744 0.408282 -0.049478
v 0.253617 0.408282 -0.000000
v 0.248744 0.408282 0.049478
v 0.304826 0.423419 0.200226
v 0.252526 0.423419 0.252526
v 0.200226 0.423419 0.304826
v 0.200226 0.436709 0.304826
v 0.252526 0.436709 0.252526
v 0.304826 0.436709 0.200226
v 0.296990 0.421892 0.195079
v 0.246035 0.421892 0.246035
v 0.195079 0.421892 0.296990
v 0.296990 0.408282 0.195079
v 0.246035 0.408282 0.246035
v 0.195079 0.408282 0.296990
v 0.140861 0.436709 0.210813
v 0.179282 0.436709 0.179282
v 0.210813 0.436709 0.140861
v 0.210875 0.408282 0.140902
v 0.179334 0.408282 0.179334
v 0.140902 0.408282 0.210875
v 0.000000 0.104256 -0.027051
v 0.000000 0.177843 -0.022325
v 0.010352 0.104256 -0.024992
v 0.008543 0.177843 -0.020625
v 0.019128 0.104256 -0.019128
v 0.015786 0.177843 -0.015786
v 0.024992 0.104256 -0.010352
v 0.020625 0.177843 -0.008543
v 0.027051 0.104256 -0.000000
v 0.022325 0.177843 -0.000000
v 0.024992 0.104256 0.010352
v 0.020625 0.177843 0.008543
v 0.019128 0.104256 0.019128
v 0.015786 0.177843 0.015786
v 0.010352 0.104256 0.024992
v 0.008543 0.177843 0.020625
v 0.000000 0.104256 0.027051
v 0.000000 0.177843 0.022325
v -0.010352 0.104256 0.024992
v -0.008543 0.177843 0.020625
v -0.019128 0.104256 0.019128
v -0.015786 0.177843 0.015786
v -0.024992 0.104256 0.010352
v -0.020625 0.177843 0.008543
v -0.027051 0.104256 -0.000000
v -0.022325 0.177843 -0.000000
v -0.024992 0.104256 -0.010352
v -0.020625 0.177843 -0.008543
v -0.019128 0.104256 -0.019128
v -0.015786 0.177843 -0.015786
v -0.010352 0.104256 -0.024992
v -0.008543 0.177843 -0.020625
v 0.000000 0.131510 -0.022325
v 0.008543 0.131510 -0.020625
v 0.015786 0.131510 -0.015786
v 0.020625 0.131510 -0.008543
v 0.022325 0.131510 -0.000000
v 0.020625 0.131510 0.008543
v 0.015786 0.131510 0.015786
v 0.008543 0.131510 0.020625
v 0.000000 0.131510 0.022325
v -0.008543 0.131510 0.020625
v -0.015786 0.131510 0.015786
v -0.020625 0.131510 0.008543
v -0.022325 0.131510 -0.000000
v -0.020625 0.131510 -0.008543
v -0.015786 0.131510 -0.015786
v -0.008543 0.131510 -0.020625
v 0.010167 0.129974 -0.024545
v 0.018786 0.129974 -0.018786
v 0.024545 0.129974 -0.010167
v 0.026568 0.129974 -0.000000
v 0.024545 0.129974 0.010167
v 0.018786 0.129974 0.018786
v 0.010167 0.129974 0.024545
v 0.000000 0.129974 0.026568
v -0.010167 0.129974 0.024545
v -0.018786 0.129974 0.018786
v -0.024545 0.129974 0.010167
v -0.026568 0.129974 -0.000000
v -0.024545 0.129974 -0.010167
v -0.018786 0.129974 -0.018786
v -0.010167 0.129974 -0.024545
v 0.000000 0.129974 -0.026568
v 0.007952 0.122294 -0.019199
v 0.014694 0.122294 -0.014694
v 0.019199 0.122294 -0.007952
v 0.020781 0.122294 -0.000000
v 0.019199 0.122294 0.007952
v 0.014694 0.122294 0.014694
v 0.007952 0.122294 0.019199
v 0.000000 0.122294 0.020781
v -0.007952 0.122294 0.019199
v -0.014694 0.122294 0.014694
v -0.019199 0.122294 0.007952
v -0.020781 0.122294 -0.000000
v -0.019199 0.122294 -0.007952
v -0.014694 0.122294 -0.014694
v -0.007952 0.122294 -0.019199
v 0.000000 0.122294 -0.020781
v 0.000000 0.125520 -0.026568
v 0.010167 0.125520 -0.024545
v 0.018786 0.125520 -0.018786
v 0.024545 0.125520 -0.010167
v 0.026568 0.125520 -0.000000
v 0.024545 0.125520 0.010167
v 0.018786 0.125520 0.018786
v 0.010167 0.125520 0.024545
v 0.000000 0.125520 0.026568
v -0.010167 0.125520 0.024545
v -0.018786 0.125520 0.018786
v -0.024545 0.125520 0.010167
v -0.026568 0.125520 -0.000000
v -0.024545 0.125520 -0.010167
v -0.018786 0.125520 -0.018786
v -0.010167 0.125520 -0.024545
v 0.000000 0.127747 -0.027471
v 0.010513 0.127747 -0.025380
v 0.019425 0.127747 -0.019425
v 0.025380 0.127747 -0.010513
v 0.027471 0.127747 -0.000000
v 0.025380 0.127747 0.010513
v 0.019425 0.127747 0.019425
v 0.010513 0.127747 0.025380
v 0.000000 0.127747 0.027471
v -0.010513 0.127747 0.025380
v -0.019425 0.127747 0.019425
v -0.025380 0.127747 0.010513
v -0.027471 0.127747 -0.000000
v -0.025380 0.127747 -0.010513
v -0.019425 0.127747 -0.019425
v -0.010513 0.127747 -0.025380
v 0.009444 0.120481 -0.022799
v 0.010352 0.116656 -0.024992
v 0.010086 0.118903 -0.024349
v 0.017449 0.120481 -0.017449
v 0.019128 0.116656 -0.019128
v 0.018636 0.118903 -0.018636
v 0.022799 0.120481 -0.009444
v 0.024992 0.116656 -0.010352
v 0.024349 0.118903 -0.010086
v 0.024677 0.120481 -0.000000
v 0.027051 0.116656 -0.000000
v 0.026356 0.118903 -0.000000
v 0.022799 0.120481 0.009444
v 0.024992 0.116656 0.010352
v 0.024349 0.118903 0.010086
v 0.017449 0.120481 0.017449
v 0.019128 0.116656 0.019128
v 0.018636 0.118903 0.018636
v 0.009444 0.120481 0.022799
v 0.010352 0.116656 0.024992
v 0.010086 0.118903 0.024349
v 0.000000 0.120481 0.024677
v 0.000000 0.116656 0.027051
v 0.000000 0.118903 0.026356
v -0.009444 0.120481 0.022799
v -0.010352 0.116656 0.024992
v -0.010086 0.118903 0.024349
v -0.017449 0.120481 0.017449
v -0.019128 0.116656 0.019128
v -0.018636 0.118903 0.018636
v -0.022799 0.120481 0.009444
v -0.024992 0.116656 0.010352
v -0.024349 0.118903 0.010086
v -0.024677 0.120481 -0.000000
v -0.027051 0.116656 -0.000000
v -0.026356 0.118903 -0.000000
v -0.022799 0.120481 -0.009444
v -0.024992 0.116656 -0.010352
v -0.024349 0.118903 -0.010086
v -0.017449 0.120481 -0.017449
v -0.019128 0.116656 -0.019128
v -0.018636 0.118903 -0.018636
v -0.009444 0.120481 -0.022799
v -0.010352 0.116656 -0.024992
v -0.010086 0.118903 -0.024349
v 0.000000 0.116656 -0.027051
v 0.000000 0.120481 -0.024677
v 0.000000 0.118903 -0.026356
v 0.000000 0.177843 -0.000000
v -0.120210 0.104256 -0.051471
v -0.120210 0.108949 -0.044039
v -0.100513 0.104256 -0.047553
v -0.103357 0.108949 -0.040687
v -0.083814 0.104256 -0.036395
v -0.089069 0.108949 -0.031140
v -0.072657 0.104256 -0.019697
v -0.079523 0.108949 -0.016853
v -0.068739 0.104256 -0.000000
v -0.076171 0.108949 -0.000000
v -0.072657 0.104256 0.019697
v -0.079523 0.108949 0.016853
v -0.083814 0.104256 0.036395
v -0.089069 0.108949 0.031140
v -0.100513 0.104256 0.047553
v -0.103357 0.108949 0.040687
v -0.120210 0.104256 0.051471
v -0.120210 0.108949 0.044039
v -0.139907 0.104256 0.047553
v -0.137063 0.108949 0.040687
v -0.156605 0.104256 0.036395
v -0.151350 0.108949 0.031140
v -0.167762 0.104256 0.019697
v -0.160896 0.108949 0.016853
v -0.171680 0.104256 -0.000000
v -0.164249 0.108949 -0.000000
v -0.167762 0.104256 -0.019697
v -0.160896 0.108949 -0.016853
v -0.156605 0.104256 -0.036395
v -0.151350 0.108949 -0.031140
v -0.139907 0.104256 -0.047553
v -0.137063 0.108949 -0.040687
v -0.100513 0.108949 -0.047553
v -0.120210 0.108949 -0.051471
v -0.083814 0.108949 -0.036395
v -0.072657 0.108949 -0.019697
v -0.068739 0.108949 -0.000000
v -0.072657 0.108949 0.019697
v -0.083814 0.108949 0.036395
v -0.100513 0.108949 0.047553
v -0.120210 0.108949 0.051471
v -0.139907 0.108949 0.047553
v -0.156605 0.108949 0.036395
v -0.167762 0.108949 0.019697
v -0.171680 0.108949 -0.000000
v -0.167762 0.108949 -0.019697
v -0.156605 0.108949 -0.036395
v -0.139907 0.108949 -0.047553
v -0.101432 0.109444 -0.045333
v -0.120210 0.109444 -0.049068
v -0.085514 0.109444 -0.034696
v -0.074877 0.109444 -0.018777
v -0.071142 0.109444 -0.000000
v -0.074877 0.109444 0.018777
v -0.085514 0.109444 0.034696
v -0.101432 0.109444 0.045333
v -0.120210 0.109444 0.049068
v -0.138987 0.109444 0.045333
v -0.154906 0.109444 0.034696
v -0.165542 0.109444 0.018777
v -0.169277 0.109444 -0.000000
v -0.165542 0.109444 -0.018777
v -0.154906 0.109444 -0.034696
v -0.138987 0.109444 -0.045333
v -0.101432 0.118593 -0.045333
v -0.120210 0.118593 -0.049068
v -0.085514 0.118593 -0.034696
v -0.074877 0.118593 -0.018777
v -0.071142 0.118593 -0.000000
v -0.074877 0.118593 0.018777
v -0.085514 0.118593 0.034696
v -0.101432 0.118593 0.045333
v -0.120210 0.118593 0.049068
v -0.138987 0.118593 0.045333
v -0.154906 0.118593 0.034696
v -0.165542 0.118593 0.018777
v -0.169277 0.118593 -0.000000
v -0.165542 0.118593 -0.018777
v -0.154906 0.118593 -0.034696
v -0.138987 0.118593 -0.045333
v -0.103357 0.118593 -0.040687
v -0.120210 0.118593 -0.044039
v -0.089069 0.118593 -0.031140
v -0.079523 0.118593 -0.016853
v -0.076171 0.118593 -0.000000
v -0.079523 0.118593 0.016853
v -0.089069 0.118593 0.031140
v -0.103357 0.118593 0.040687
v -0.120210 0.118593 0.044039
v -0.137063 0.118593 0.040687
v -0.151350 0.118593 0.031140
v -0.160896 0.118593 0.016853
v -0.164249 0.118593 -0.000000
v -0.160896 0.118593 -0.016853
v -0.151350 0.118593 -0.031140
v -0.137063 0.118593 -0.040687
v -0.120210 0.108949 -0.000000
v -0.120210 0.104256 -0.000000
v -0.046566 0.078225 -0.000000
v 0.000000 0.060095 -0.046566
v -0.270513 0.060095 -0.223947
v -0.223947 0.060095 -0.270513
v -0.221683 0.078225 -0.268249
v -0.268249 0.078225 -0.221683
v -0.278156 0.060095 -0.231590
v -0.223850 0.074088 -0.270416
v -0.270416 0.074088 -0.223850
v -0.231590 0.060095 -0.278156
v -0.273174 0.072861 -0.226608
v -0.277725 0.065827 -0.231159
v -0.231159 0.065827 -0.277726
v -0.226608 0.072861 -0.273174
v -0.276255 0.060095 -0.229689
v -0.229688 0.060095 -0.276255
v -0.229495 0.070083 -0.276062
v -0.276061 0.070083 -0.229495
v -0.273314 0.060095 -0.226748
v -0.226748 0.060095 -0.273314
v -0.046566 0.060095 -0.000000
v 0.046566 0.060095 -0.000000
v 0.223947 0.060095 -0.270513
v 0.270513 0.060095 -0.223947
v 0.268249 0.078225 -0.221683
v 0.221683 0.078225 -0.268249
v 0.231590 0.060095 -0.278156
v 0.270416 0.074088 -0.223850
v 0.223850 0.074088 -0.270416
v 0.278156 0.060095 -0.231590
v 0.226608 0.072861 -0.273174
v 0.231159 0.065827 -0.277725
v 0.277725 0.065827 -0.231159
v 0.273174 0.072861 -0.226608
v 0.229689 0.060095 -0.276255
v 0.276255 0.060095 -0.229688
v 0.276061 0.070083 -0.229495
v 0.229495 0.070083 -0.276061
v 0.046566 0.074088 -0.000000
v 0.226748 0.060095 -0.273314
v 0.273314 0.060095 -0.226748
v 0.000000 0.074088 -0.046566
v 0.000000 0.078225 -0.046566
v 0.046566 0.078225 -0.000000
v -0.223947 0.060095 0.270513
v -0.270513 0.060095 0.223947
v -0.268249 0.078225 0.221683
v -0.221683 0.078225 0.268249
v -0.231590 0.060095 0.278156
v -0.270416 0.074088 0.223850
v -0.223850 0.074088 0.270416
v -0.278156 0.060095 0.231590
v -0.226608 0.072861 0.273174
v -0.231159 0.065827 0.277725
v -0.277726 0.065827 0.231159
v -0.273174 0.072861 0.226608
v -0.229689 0.060095 0.276255
v -0.276255 0.060095 0.229688
v -0.276062 0.070083 0.229495
v -0.229495 0.070083 0.276061
v -0.046566 0.074088 -0.000000
v -0.226748 0.060095 0.273314
v -0.273315 0.060095 0.226748
v 0.000000 0.074088 0.046566
v 0.000000 0.060095 0.046566
v 0.270513 0.060095 0.223947
v 0.223947 0.060095 0.270513
v 0.221683 0.078225 0.268249
v 0.268249 0.078225 0.221683
v 0.278156 0.060095 0.231590
v 0.223850 0.074088 0.270416
v 0.270416 0.074088 0.223850
v 0.231590 0.060095 0.278156
v 0.273174 0.072861 0.226608
v 0.277725 0.065827 0.231159
v 0.231159 0.065827 0.277726
v 0.226608 0.072861 0.273174
v 0.276255 0.060095 0.229689
v 0.229688 0.060095 0.276255
v 0.229495 0.070083 0.276062
v 0.276061 0.070083 0.229495
v 0.273314 0.060095 0.226748
v 0.226748 0.060095 0.273314
v 0.000000 0.078225 0.046566
v 0.000000 0.078225 -0.219976
v 0.000000 0.104256 -0.053786
v 0.042915 0.078225 -0.215749
v 0.010493 0.104256 -0.052752
v 0.084181 0.078225 -0.203231
v 0.020583 0.104256 -0.049691
v 0.122212 0.078225 -0.182903
v 0.029882 0.104256 -0.044721
v 0.155546 0.078225 -0.155546
v 0.038032 0.104256 -0.038032
v 0.182903 0.078225 -0.122212
v 0.044721 0.104256 -0.029882
v 0.203231 0.078225 -0.084181
v 0.049691 0.104256 -0.020583
v 0.215749 0.078225 -0.042915
v 0.052752 0.104256 -0.010493
v 0.219976 0.078225 -0.000000
v 0.053786 0.104256 -0.000000
v 0.215749 0.078225 0.042915
v 0.052752 0.104256 0.010493
v 0.203231 0.078225 0.084181
v 0.049691 0.104256 0.020583
v 0.182903 0.078225 0.122212
v 0.044721 0.104256 0.029882
v 0.155546 0.078225 0.155546
v 0.038032 0.104256 0.038032
v 0.122212 0.078225 0.182903
v 0.029882 0.104256 0.044721
v 0.084181 0.078225 0.203231
v 0.020583 0.104256 0.049691
v 0.042915 0.078225 0.215749
v 0.010493 0.104256 0.052752
v 0.000000 0.078225 0.219976
v 0.000000 0.104256 0.053786
v -0.042915 0.078225 0.215749
v -0.010493 0.104256 0.052752
v -0.084181 0.078225 0.203231
v -0.020583 0.104256 0.049691
v -0.122212 0.078225 0.182903
v -0.029882 0.104256 0.044721
v -0.155546 0.078225 0.155546
v -0.038032 0.104256 0.038032
v -0.182903 0.078225 0.122212
v -0.044721 0.104256 0.029882
v -0.203231 0.078225 0.084181
v -0.049691 0.104256 0.020583
v -0.215749 0.078225 0.042915
v -0.052752 0.104256 0.010493
v -0.219976 0.078225 -0.000000
v -0.053786 0.104256 -0.000000
v -0.215749 0.078225 -0.042915
v -0.052752 0.104256 -0.010493
v -0.203231 0.078225 -0.084181
v -0.049691 0.104256 -0.020583
v -0.182903 0.078225 -0.122212
v -0.044721 0.104256 -0.029882
v -0.155546 0.078225 -0.155546
v -0.038032 0.104256 -0.038032
v -0.122212 0.078225 -0.182903
v -0.029882 0.104256 -0.044721
v -0.084181 0.078225 -0.203231
v -0.020583 0.104256 -0.049691
v -0.042915 0.078225 -0.215749
v -0.010493 0.104256 -0.052752
v 0.042915 0.087170 -0.215749
v 0.000000 0.087170 -0.219976
v 0.084181 0.087170 -0.203231
v 0.122212 0.087170 -0.182903
v 0.155546 0.087170 -0.155546
v 0.182903 0.087170 -0.122212
v 0.203231 0.087170 -0.084181
v 0.215749 0.087170 -0.042915
v 0.219976 0.087170 -0.000000
v 0.215749 0.087170 0.042915
v 0.203231 0.087170 0.084181
v 0.182903 0.087170 0.122212
v 0.155546 0.087170 0.155546
v 0.122212 0.087170 0.182903
v 0.084181 0.087170 0.203231
v 0.042915 0.087170 0.215749
v 0.000000 0.087170 0.219976
v -0.042915 0.087170 0.215749
v -0.084181 0.087170 0.203231
v -0.122212 0.087170 0.182903
v -0.155546 0.087170 0.155546
v -0.182903 0.087170 0.122212
v -0.203231 0.087170 0.084181
v -0.215749 0.087170 0.042915
v -0.219976 0.087170 -0.000000
v -0.215749 0.087170 -0.042915
v -0.203231 0.087170 -0.084181
v -0.182903 0.087170 -0.122212
v -0.155546 0.087170 -0.155546
v -0.122212 0.087170 -0.182903
v -0.084181 0.087170 -0.203231
v -0.042915 0.087170 -0.215749
v 0.040758 0.087170 -0.204906
v 0.000000 0.087170 -0.208921
v 0.079950 0.087170 -0.193017
v 0.116070 0.087170 -0.173711
v 0.147729 0.087170 -0.147729
v 0.173711 0.087170 -0.116070
v 0.193017 0.087170 -0.079950
v 0.204906 0.087170 -0.040758
v 0.208921 0.087170 -0.000000
v 0.204906 0.087170 0.040758
v 0.193017 0.087170 0.079950
v 0.173711 0.087170 0.116070
v 0.147729 0.087170 0.147729
v 0.116070 0.087170 0.173711
v 0.079950 0.087170 0.193017
v 0.040758 0.087170 0.204906
v 0.000000 0.087170 0.208921
v -0.040758 0.087170 0.204906
v -0.079950 0.087170 0.193017
v -0.116070 0.087170 0.173711
v -0.147729 0.087170 0.147729
v -0.173711 0.087170 0.116070
v -0.193017 0.087170 0.079950
v -0.204906 0.087170 0.040758
v -0.208921 0.087170 -0.000000
v -0.204906 0.087170 -0.040758
v -0.193017 0.087170 -0.079950
v -0.173711 0.087170 -0.116070
v -0.147729 0.087170 -0.147729
v -0.116070 0.087170 -0.173711
v -0.079950 0.087170 -0.193017
v -0.040758 0.087170 -0.204906
v 0.036784 0.099790 -0.184925
v 0.000000 0.099790 -0.188547
v 0.072154 0.099790 -0.174195
v 0.104751 0.099790 -0.156771
v 0.133323 0.099790 -0.133323
v 0.156771 0.099790 -0.104751
v 0.174195 0.099790 -0.072154
v 0.184925 0.099790 -0.036784
v 0.188547 0.099790 -0.000000
v 0.184925 0.099790 0.036784
v 0.174195 0.099790 0.072154
v 0.156771 0.099790 0.104751
v 0.133323 0.099790 0.133323
v 0.104751 0.099790 0.156771
v 0.072154 0.099790 0.174195
v 0.036784 0.099790 0.184925
v 0.000000 0.099790 0.188547
v -0.036784 0.099790 0.184925
v -0.072154 0.099790 0.174195
v -0.104751 0.099790 0.156771
v -0.133323 0.099790 0.133323
v -0.156771 0.099790 0.104751
v -0.174195 0.099790 0.072154
v -0.184925 0.099790 0.036784
v -0.188547 0.099790 -0.000000
v -0.184925 0.099790 -0.036784
v -0.174195 0.099790 -0.072154
v -0.156771 0.099790 -0.104751
v -0.133323 0.099790 -0.133323
v -0.104751 0.099790 -0.156771
v -0.072154 0.099790 -0.174195
v -0.036784 0.099790 -0.184925
v 0.035501 0.099790 -0.178478
v 0.000000 0.099790 -0.181974
v 0.069639 0.099790 -0.168122
v 0.101100 0.099790 -0.151306
v 0.128675 0.099790 -0.128675
v 0.151306 0.099790 -0.101100
v 0.168122 0.099790 -0.069639
v 0.178478 0.099790 -0.035501
v 0.181974 0.099790 -0.000000
v 0.178478 0.099790 0.035501
v 0.168122 0.099790 0.069639
v 0.151306 0.099790 0.101100
v 0.128675 0.099790 0.128675
v 0.101100 0.099790 0.151306
v 0.069639 0.099790 0.168122
v 0.035501 0.099790 0.178478
v 0.000000 0.099790 0.181974
v -0.035501 0.099790 0.178478
v -0.069639 0.099790 0.168122
v -0.101100 0.099790 0.151306
v -0.128675 0.099790 0.128675
v -0.151306 0.099790 0.101100
v -0.168122 0.099790 0.069639
v -0.178478 0.099790 0.035501
v -0.181974 0.099790 -0.000000
v -0.178478 0.099790 -0.035501
v -0.168122 0.099790 -0.069639
v -0.151306 0.099790 -0.101100
v -0.128675 0.099790 -0.128675
v -0.101100 0.099790 -0.151306
v -0.069639 0.099790 -0.168122
v -0.035501 0.099790 -0.178478
v 0.034477 0.104256 -0.173326
v 0.000000 0.104256 -0.176721
v 0.067628 0.104256 -0.163269
v 0.098181 0.104256 -0.146938
v 0.124961 0.104256 -0.124961
v 0.146938 0.104256 -0.098181
v 0.163269 0.104256 -0.067628
v 0.173326 0.104256 -0.034477
v 0.176721 0.104256 -0.000000
v 0.173326 0.104256 0.034477
v 0.163269 0.104256 0.067628
v 0.146938 0.104256 0.098181
v 0.124961 0.104256 0.124961
v 0.098181 0.104256 0.146938
v 0.067628 0.104256 0.163269
v 0.034477 0.104256 0.173326
v 0.000000 0.104256 0.176721
v -0.034477 0.104256 0.173326
v -0.067628 0.104256 0.163269
v -0.098181 0.104256 0.146938
v -0.124961 0.104256 0.124961
v -0.146938 0.104256 0.098181
v -0.163269 0.104256 0.067628
v -0.173326 0.104256 0.034477
v -0.176721 0.104256 -0.000000
v -0.173326 0.104256 -0.034477
v -0.163269 0.104256 -0.067628
v -0.146938 0.104256 -0.098181
v -0.124961 0.104256 -0.124961
v -0.098181 0.104256 -0.146938
v -0.067628 0.104256 -0.163269
v -0.034477 0.104256 -0.173326
v 0.012830 0.104256 -0.064501
v 0.000000 0.104256 -0.065764
v 0.025167 0.104256 -0.060758
v 0.036537 0.104256 -0.054681
v 0.046502 0.104256 -0.046502
v 0.054681 0.104256 -0.036537
v 0.060758 0.104256 -0.025167
v 0.064501 0.104256 -0.012830
v 0.065764 0.104256 -0.000000
v 0.064501 0.104256 0.012830
v 0.060758 0.104256 0.025167
v 0.054681 0.104256 0.036537
v 0.046502 0.104256 0.046502
v 0.036537 0.104256 0.054681
v 0.025167 0.104256 0.060758
v 0.012830 0.104256 0.064501
v 0.000000 0.104256 0.065764
v -0.012830 0.104256 0.064501
v -0.025167 0.104256 0.060758
v -0.036537 0.104256 0.054681
v -0.046502 0.104256 0.046502
v -0.054681 0.104256 0.036537
v -0.060758 0.104256 0.025167
v -0.064501 0.104256 0.012830
v -0.065764 0.104256 -0.000000
v -0.064501 0.104256 -0.012830
v -0.060758 0.104256 -0.025167
v -0.054681 0.104256 -0.036537
v -0.046502 0.104256 -0.046502
v -0.036537 0.104256 -0.054681
v -0.025167 0.104256 -0.060758
v -0.012830 0.104256 -0.064501
v 0.012506 0.099805 -0.062873
v 0.000000 0.099805 -0.064104
v 0.024532 0.099805 -0.059225
v 0.035614 0.099805 -0.053301
v 0.045329 0.099805 -0.045329
v 0.053301 0.099805 -0.035614
v 0.059225 0.099805 -0.024532
v 0.062873 0.099805 -0.012506
v 0.064104 0.099805 -0.000000
v 0.062873 0.099805 0.012506
v 0.059225 0.099805 0.024532
v 0.053301 0.099805 0.035614
v 0.045329 0.099805 0.045329
v 0.035614 0.099805 0.053301
v 0.024532 0.099805 0.059225
v 0.012506 0.099805 0.062873
v 0.000000 0.099805 0.064104
v -0.012506 0.099805 0.062873
v -0.024532 0.099805 0.059225
v -0.035614 0.099805 0.053301
v -0.045329 0.099805 0.045329
v -0.053301 0.099805 0.035614
v -0.059225 0.099805 0.024532
v -0.062873 0.099805 0.012506
v -0.064104 0.099805 -0.000000
v -0.062873 0.099805 -0.012506
v -0.059225 0.099805 -0.024532
v -0.053301 0.099805 -0.035614
v -0.045329 0.099805 -0.045329
v -0.035614 0.099805 -0.053301
v -0.024532 0.099805 -0.059225
v -0.012506 0.099805 -0.062873
v 0.010815 0.099805 -0.054371
v 0.000000 0.099805 -0.055437
v 0.021215 0.099805 -0.051217
v 0.030799 0.099805 -0.046094
v 0.039200 0.099805 -0.039200
v 0.046094 0.099805 -0.030799
v 0.051217 0.099805 -0.021215
v 0.054371 0.099805 -0.010815
v 0.055437 0.099805 -0.000000
v 0.054371 0.099805 0.010815
v 0.051217 0.099805 0.021215
v 0.046094 0.099805 0.030799
v 0.039200 0.099805 0.039200
v 0.030799 0.099805 0.046094
v 0.021215 0.099805 0.051217
v 0.010815 0.099805 0.054371
v 0.000000 0.099805 0.055437
v -0.010815 0.099805 0.054371
v -0.021215 0.099805 0.051217
v -0.030799 0.099805 0.046094
v -0.039200 0.099805 0.039200
v -0.046094 0.099805 0.030799
v -0.051217 0.099805 0.021215
v -0.054371 0.099805 0.010815
v -0.055437 0.099805 -0.000000
v -0.054371 0.099805 -0.010815
v -0.051217 0.099805 -0.021215
v -0.046094 0.099805 -0.030799
v -0.039200 0.099805 -0.039200
v -0.030799 0.099805 -0.046094
v -0.021215 0.099805 -0.051217
v -0.010815 0.099805 -0.054371
v 0.000000 0.104256 -0.000000
v 0.000000 0.078225 -0.000000
v -0.174682 0.247254 0.003143
v -0.209219 0.291059 0.003143
v -0.230831 0.334679 0.003143
v -0.242955 0.378284 0.003143
v -0.247027 0.421935 0.003143
v -0.242955 0.465586 0.003143
v -0.230831 0.509191 0.003143
v -0.209219 0.552811 0.003143
v 0.174682 0.247254 0.003143
v 0.209219 0.291059 0.003143
v 0.230831 0.334679 0.003143
v 0.242955 0.378284 0.003143
v 0.247027 0.421935 0.003143
v 0.242955 0.465586 0.003143
v 0.230831 0.509191 0.003143
v 0.209219 0.552811 0.003143
v 0.130876 0.212716 0.003143
v 0.087256 0.191104 0.003143
v 0.043651 0.178980 0.003143
v 0.000000 0.174908 0.003143
v -0.043651 0.178980 0.003143
v -0.087256 0.191104 0.003143
v -0.130876 0.212716 0.003143
v 0.174682 0.596617 0.003143
v 0.130876 0.631154 0.003143
v 0.087256 0.652766 0.003143
v 0.043651 0.664890 0.003143
v 0.000000 0.668962 0.003143
v -0.043651 0.664890 0.003143
v -0.087256 0.652766 0.003143
v -0.130876 0.631154 0.003143
v -0.174682 0.596617 0.003143
v -0.185396 0.236539 0.003143
v -0.222007 0.282973 0.003143
v -0.244947 0.329275 0.003143
v -0.257813 0.375548 0.003143
v -0.262140 0.421935 0.003143
v -0.257813 0.468322 0.003143
v -0.244947 0.514595 0.003143
v -0.222007 0.560897 0.003143
v 0.185396 0.236539 0.003143
v 0.222007 0.282973 0.003143
v 0.244948 0.329275 0.003143
v 0.257813 0.375548 0.003143
v 0.262140 0.421935 0.003143
v 0.257813 0.468322 0.003143
v 0.244948 0.514595 0.003143
v 0.222007 0.560897 0.003143
v 0.138962 0.199928 0.003143
v 0.092660 0.176988 0.003143
v 0.046387 0.164122 0.003143
v 0.000000 0.159795 0.003143
v -0.046387 0.164122 0.003143
v -0.092660 0.176988 0.003143
v -0.138962 0.199928 0.003143
v 0.185396 0.607331 0.003143
v 0.138962 0.643942 0.003143
v 0.092660 0.666883 0.003143
v 0.046387 0.679748 0.003143
v 0.000000 0.684075 0.003143
v -0.046387 0.679748 0.003143
v -0.092660 0.666883 0.003143
v -0.138962 0.643942 0.003143
v -0.185396 0.607331 0.003143
v 0.043651 0.664890 -0.003143
v 0.046387 0.679748 -0.003143
v 0.000000 0.668962 -0.003143
v 0.000000 0.684075 -0.003143
v -0.043651 0.664890 -0.003143
v -0.046387 0.679748 -0.003143
v -0.087256 0.652766 -0.003143
v -0.092660 0.666883 -0.003143
v -0.130876 0.631154 -0.003143
v -0.138962 0.643942 -0.003143
v -0.174682 0.596617 -0.003143
v -0.185396 0.607331 -0.003143
v -0.209219 0.552811 -0.003143
v -0.222007 0.560897 -0.003143
v -0.230831 0.509191 -0.003143
v -0.244947 0.514595 -0.003143
v -0.242955 0.465586 -0.003143
v -0.257813 0.468322 -0.003143
v -0.247027 0.421935 -0.003143
v -0.262140 0.421935 -0.003143
v -0.242955 0.378284 -0.003143
v -0.257813 0.375548 -0.003143
v -0.230831 0.334679 -0.003143
v -0.244947 0.329275 -0.003143
v -0.209219 0.291059 -0.003143
v -0.222007 0.282973 -0.003143
v -0.174682 0.247254 -0.003143
v -0.185396 0.236539 -0.003143
v -0.130876 0.212716 -0.003143
v -0.138962 0.199928 -0.003143
v -0.087256 0.191104 -0.003143
v -0.092660 0.176988 -0.003143
v -0.043651 0.178980 -0.003143
v -0.046387 0.164122 -0.003143
v 0.000000 0.174908 -0.003143
v 0.000000 0.159795 -0.003143
v 0.043651 0.178980 -0.003143
v 0.046387 0.164122 -0.003143
v 0.087256 0.191104 -0.003143
v 0.092660 0.176988 -0.003143
v 0.130876 0.212716 -0.003143
v 0.138962 0.199928 -0.003143
v 0.174682 0.247254 -0.003143
v 0.185396 0.236539 -0.003143
v 0.209219 0.291059 -0.003143
v 0.222007 0.282973 -0.003143
v 0.230831 0.334679 -0.003143
v 0.244948 0.329275 -0.003143
v 0.242955 0.378284 -0.003143
v 0.257813 0.375548 -0.003143
v 0.247027 0.421935 -0.003143
v 0.262140 0.421935 -0.003143
v 0.242955 0.465586 -0.003143
v 0.257813 0.468322 -0.003143
v 0.230831 0.509191 -0.003143
v 0.244948 0.514595 -0.003143
v 0.209219 0.552811 -0.003143
v 0.222007 0.560897 -0.003143
v 0.174682 0.596617 -0.003143
v 0.185396 0.607331 -0.003143
v 0.087256 0.652766 -0.003143
v 0.092660 0.666883 -0.003143
v 0.130876 0.631154 -0.003143
v 0.138962 0.643942 -0.003143
v 0.223970 0.047245 -0.241350
v 0.223970 0.090504 -0.247652
v 0.230595 0.047245 -0.240032
v 0.233007 0.090504 -0.245855
v 0.236211 0.047245 -0.236280
v 0.240667 0.090504 -0.240736
v 0.239964 0.047245 -0.230664
v 0.245786 0.090504 -0.233075
v 0.241282 0.047245 -0.224039
v 0.247584 0.090504 -0.224039
v 0.239964 0.047245 -0.217414
v 0.245786 0.090504 -0.215002
v 0.236211 0.047245 -0.211798
v 0.240667 0.090504 -0.207342
v 0.230595 0.047245 -0.208045
v 0.233007 0.090504 -0.202223
v 0.223970 0.047245 -0.206727
v 0.223970 0.090504 -0.200425
v 0.217345 0.047245 -0.208045
v 0.214934 0.090504 -0.202223
v 0.211729 0.047245 -0.211798
v 0.207273 0.090504 -0.207342
v 0.207976 0.047245 -0.217414
v 0.202154 0.090504 -0.215002
v 0.206659 0.047245 -0.224039
v 0.200357 0.090504 -0.224039
v 0.207976 0.047245 -0.230664
v 0.202154 0.090504 -0.233075
v 0.211729 0.047245 -0.236280
v 0.207273 0.090504 -0.240736
v 0.217345 0.047245 -0.240032
v 0.214934 0.090504 -0.245855
v 0.231392 0.095418 -0.241956
v 0.223970 0.095418 -0.243432
v 0.237684 0.095418 -0.237752
v 0.241888 0.095418 -0.231460
v 0.243364 0.095418 -0.224039
v 0.241888 0.095418 -0.216617
v 0.237684 0.095418 -0.210325
v 0.231392 0.095418 -0.206121
v 0.223970 0.095418 -0.204645
v 0.216549 0.095418 -0.206121
v 0.210257 0.095418 -0.210325
v 0.206053 0.095418 -0.216617
v 0.204576 0.095418 -0.224039
v 0.206053 0.095418 -0.231460
v 0.210257 0.095418 -0.237752
v 0.216549 0.095418 -0.241956
v 0.228750 0.370670 -0.235579
v 0.223970 0.370670 -0.236530
v 0.232803 0.370670 -0.232871
v 0.235511 0.370670 -0.228819
v 0.236462 0.370670 -0.224039
v 0.235511 0.370670 -0.219258
v 0.232803 0.370670 -0.215206
v 0.228750 0.370670 -0.212498
v 0.223970 0.370670 -0.211547
v 0.219190 0.370670 -0.212498
v 0.215138 0.370670 -0.215206
v 0.212430 0.370670 -0.219258
v 0.211479 0.370670 -0.224039
v 0.212430 0.370670 -0.228819
v 0.215138 0.370670 -0.232871
v 0.219190 0.370670 -0.235579
v 0.229001 0.389963 -0.236184
v 0.223970 0.389963 -0.237185
v 0.233266 0.389963 -0.233334
v 0.236116 0.389963 -0.229069
v 0.237116 0.389963 -0.224039
v 0.236116 0.389963 -0.219008
v 0.233266 0.389963 -0.214743
v 0.229001 0.389963 -0.211893
v 0.223970 0.389963 -0.210893
v 0.218940 0.389963 -0.211893
v 0.214675 0.389963 -0.214743
v 0.211825 0.389963 -0.219008
v 0.210824 0.389963 -0.224039
v 0.211825 0.389963 -0.229069
v 0.214675 0.389963 -0.233334
v 0.218940 0.389963 -0.236184
v 0.231004 0.398545 -0.241021
v 0.223970 0.398545 -0.242420
v 0.236968 0.398545 -0.237036
v 0.240952 0.398545 -0.231073
v 0.242351 0.398545 -0.224039
v 0.240952 0.398545 -0.217005
v 0.236968 0.398545 -0.211041
v 0.231004 0.398545 -0.207057
v 0.223970 0.398545 -0.205658
v 0.216936 0.398545 -0.207057
v 0.210973 0.398545 -0.211041
v 0.206988 0.398545 -0.217005
v 0.205589 0.398545 -0.224039
v 0.206988 0.398545 -0.231073
v 0.210973 0.398545 -0.237036
v 0.216936 0.398545 -0.241021
v 0.212559 0.392154 -0.235450
v 0.211373 0.395314 -0.236636
v 0.217153 0.395314 -0.240498
v 0.217794 0.392154 -0.238949
v 0.230146 0.392154 -0.209129
v 0.230788 0.395314 -0.207579
v 0.223970 0.395314 -0.206223
v 0.223970 0.392154 -0.207900
v 0.223970 0.392154 -0.240177
v 0.223970 0.395314 -0.241854
v 0.230788 0.395314 -0.240498
v 0.230146 0.392154 -0.238949
v 0.217153 0.395314 -0.207579
v 0.217794 0.392154 -0.209129
v 0.236568 0.395314 -0.236636
v 0.235382 0.392154 -0.235450
v 0.211373 0.395314 -0.211441
v 0.212559 0.392154 -0.212627
v 0.240430 0.395314 -0.230856
v 0.238880 0.392154 -0.230215
v 0.207511 0.395314 -0.217221
v 0.209060 0.392154 -0.217863
v 0.241786 0.395314 -0.224039
v 0.240109 0.392154 -0.224039
v 0.206155 0.395314 -0.224039
v 0.207832 0.392154 -0.224039
v 0.240430 0.395314 -0.217221
v 0.238880 0.392154 -0.217863
v 0.207511 0.395314 -0.230856
v 0.209060 0.392154 -0.230215
v 0.236568 0.395314 -0.211441
v 0.235382 0.392154 -0.212627
v 0.219720 0.386142 -0.213779
v 0.216118 0.386142 -0.216186
v 0.231823 0.386142 -0.231891
v 0.234230 0.386142 -0.228289
v 0.213710 0.386142 -0.219789
v 0.235076 0.386142 -0.224039
v 0.212865 0.386142 -0.224039
v 0.234230 0.386142 -0.219789
v 0.213710 0.386142 -0.228289
v 0.231823 0.386142 -0.216186
v 0.216118 0.386142 -0.231891
v 0.228220 0.386142 -0.213779
v 0.219720 0.386142 -0.234299
v 0.223970 0.386142 -0.212933
v 0.223970 0.386142 -0.235144
v 0.228220 0.386142 -0.234299
v 0.218764 0.388556 -0.211469
v 0.233591 0.388556 -0.233659
v 0.223970 0.388556 -0.237644
v 0.214350 0.388556 -0.214418
v 0.236540 0.388556 -0.229245
v 0.211400 0.388556 -0.218832
v 0.237576 0.388556 -0.224039
v 0.210365 0.388556 -0.224039
v 0.236540 0.388556 -0.218832
v 0.211400 0.388556 -0.229245
v 0.233591 0.388556 -0.214418
v 0.214350 0.388556 -0.233659
v 0.229177 0.388556 -0.211469
v 0.218764 0.388556 -0.236609
v 0.223970 0.388556 -0.210433
v 0.229177 0.388556 -0.236609
v 0.216369 0.381887 -0.216437
v 0.233902 0.381887 -0.228153
v 0.214038 0.381887 -0.219925
v 0.234720 0.381887 -0.224039
v 0.213220 0.381887 -0.224039
v 0.233902 0.381887 -0.219925
v 0.214038 0.381887 -0.228153
v 0.231572 0.381887 -0.216437
v 0.216369 0.381887 -0.231640
v 0.228084 0.381887 -0.214107
v 0.219856 0.381887 -0.233971
v 0.223970 0.381887 -0.213288
v 0.228084 0.381887 -0.233971
v 0.219856 0.381887 -0.214107
v 0.231572 0.381887 -0.231640
v 0.223970 0.381887 -0.234789
v 0.228330 0.369732 -0.213514
v 0.223970 0.369732 -0.235431
v 0.219611 0.369732 -0.234564
v 0.223970 0.369732 -0.212647
v 0.228330 0.369732 -0.234564
v 0.219611 0.369732 -0.213514
v 0.232026 0.369732 -0.232094
v 0.215915 0.369732 -0.215983
v 0.234495 0.369732 -0.228398
v 0.213445 0.369732 -0.219679
v 0.235362 0.369732 -0.224039
v 0.212578 0.369732 -0.224039
v 0.234495 0.369732 -0.219679
v 0.213445 0.369732 -0.228398
v 0.232026 0.369732 -0.215983
v 0.215915 0.369732 -0.232094
v 0.215376 0.372552 -0.215445
v 0.235199 0.372552 -0.228690
v 0.212741 0.372552 -0.219388
v 0.236124 0.372552 -0.224039
v 0.211816 0.372552 -0.224039
v 0.235199 0.372552 -0.219388
v 0.212741 0.372552 -0.228690
v 0.232564 0.372552 -0.215445
v 0.215376 0.372552 -0.232633
v 0.228621 0.372552 -0.212810
v 0.219319 0.372552 -0.235268
v 0.223970 0.372552 -0.211885
v 0.228621 0.372552 -0.235268
v 0.219319 0.372552 -0.212810
v 0.232564 0.372552 -0.232633
v 0.223970 0.372552 -0.236193
v 0.218505 0.374203 -0.210843
v 0.218628 0.375790 -0.211141
v 0.234069 0.374203 -0.234138
v 0.233842 0.375790 -0.233910
v 0.223970 0.374203 -0.238321
v 0.223970 0.375790 -0.237999
v 0.214099 0.375790 -0.214167
v 0.213871 0.374203 -0.213940
v 0.236868 0.375790 -0.229381
v 0.237166 0.374203 -0.229504
v 0.211073 0.375790 -0.218696
v 0.210775 0.374203 -0.218573
v 0.237930 0.375790 -0.224039
v 0.238253 0.374203 -0.224039
v 0.210010 0.375790 -0.224039
v 0.209688 0.374203 -0.224039
v 0.236868 0.375790 -0.218696
v 0.237166 0.374203 -0.218573
v 0.211073 0.375790 -0.229381
v 0.210775 0.374203 -0.229504
v 0.233842 0.375790 -0.214167
v 0.234069 0.374203 -0.213940
v 0.214099 0.375790 -0.233910
v 0.213871 0.374203 -0.234138
v 0.229313 0.375790 -0.211141
v 0.229436 0.374203 -0.210843
v 0.218628 0.375790 -0.236936
v 0.218505 0.374203 -0.237234
v 0.223970 0.375790 -0.210079
v 0.223970 0.374203 -0.209756
v 0.229313 0.375790 -0.236936
v 0.229436 0.374203 -0.237234
v 0.214184 0.373108 -0.214252
v 0.236757 0.373108 -0.229335
v 0.211184 0.373108 -0.218742
v 0.237810 0.373108 -0.224039
v 0.210130 0.373108 -0.224039
v 0.236757 0.373108 -0.218742
v 0.211184 0.373108 -0.229335
v 0.233757 0.373108 -0.214252
v 0.214184 0.373108 -0.233825
v 0.229267 0.373108 -0.211252
v 0.218674 0.373108 -0.236825
v 0.223970 0.373108 -0.210199
v 0.229267 0.373108 -0.236825
v 0.218674 0.373108 -0.211252
v 0.233757 0.373108 -0.233825
v 0.223970 0.373108 -0.237879
v 0.223970 0.166398 -0.206772
v 0.230578 0.166398 -0.239991
v 0.217362 0.166398 -0.208086
v 0.236180 0.166398 -0.236248
v 0.211761 0.166398 -0.211829
v 0.239923 0.166398 -0.230647
v 0.208018 0.166398 -0.217431
v 0.241237 0.166398 -0.224039
v 0.206703 0.166398 -0.224039
v 0.239923 0.166398 -0.217431
v 0.208018 0.166398 -0.230647
v 0.236180 0.166398 -0.211829
v 0.211761 0.166398 -0.236248
v 0.230578 0.166398 -0.208086
v 0.223970 0.166398 -0.241306
v 0.217362 0.166398 -0.239991
v 0.223970 0.165455 -0.205156
v 0.231196 0.165455 -0.241484
v 0.216744 0.165455 -0.206593
v 0.237323 0.165455 -0.237391
v 0.210618 0.165455 -0.210686
v 0.241416 0.165455 -0.231265
v 0.206525 0.165455 -0.216813
v 0.242853 0.165455 -0.224039
v 0.205087 0.165455 -0.224039
v 0.241416 0.165455 -0.216813
v 0.206525 0.165455 -0.231265
v 0.237323 0.165455 -0.210686
v 0.210618 0.165455 -0.237391
v 0.231196 0.165455 -0.206593
v 0.223970 0.165455 -0.242922
v 0.216744 0.165455 -0.241484
v 0.223970 0.142138 -0.204986
v 0.231262 0.142138 -0.241641
v 0.216679 0.142138 -0.206436
v 0.237443 0.142138 -0.237511
v 0.210498 0.142138 -0.210566
v 0.241573 0.142138 -0.231330
v 0.206368 0.142138 -0.216747
v 0.243023 0.142138 -0.224039
v 0.204917 0.142138 -0.224039
v 0.241573 0.142138 -0.216747
v 0.206368 0.142138 -0.231330
v 0.237443 0.142138 -0.210566
v 0.210498 0.142138 -0.237511
v 0.231262 0.142138 -0.206436
v 0.223970 0.142138 -0.243092
v 0.216679 0.142138 -0.241641
v 0.223970 0.130840 -0.204903
v 0.231293 0.130840 -0.241718
v 0.216647 0.130840 -0.206360
v 0.237501 0.130840 -0.237570
v 0.210439 0.130840 -0.210508
v 0.241649 0.130840 -0.231362
v 0.206291 0.130840 -0.216716
v 0.243106 0.130840 -0.224039
v 0.204835 0.130840 -0.224039
v 0.241649 0.130840 -0.216716
v 0.206291 0.130840 -0.231362
v 0.237501 0.130840 -0.210508
v 0.210439 0.130840 -0.237570
v 0.231293 0.130840 -0.206360
v 0.223970 0.130840 -0.243174
v 0.216647 0.130840 -0.241718
v 0.233214 0.131684 -0.201722
v 0.233201 0.141294 -0.201754
v 0.223970 0.131684 -0.248194
v 0.223970 0.141294 -0.248160
v 0.214726 0.131684 -0.246356
v 0.214740 0.141294 -0.246324
v 0.223970 0.141294 -0.199918
v 0.223970 0.131684 -0.199883
v 0.233201 0.141294 -0.246324
v 0.233214 0.131684 -0.246356
v 0.214740 0.141294 -0.201754
v 0.214726 0.131684 -0.201722
v 0.241026 0.141294 -0.241095
v 0.241051 0.131684 -0.241119
v 0.206914 0.141294 -0.206983
v 0.206890 0.131684 -0.206958
v 0.246255 0.141294 -0.233269
v 0.246287 0.131684 -0.233283
v 0.201685 0.141294 -0.214808
v 0.201653 0.131684 -0.214795
v 0.248091 0.141294 -0.224039
v 0.248126 0.131684 -0.224039
v 0.199849 0.141294 -0.224039
v 0.199815 0.131684 -0.224039
v 0.246255 0.141294 -0.214808
v 0.246287 0.131684 -0.214795
v 0.201685 0.141294 -0.233269
v 0.201653 0.131684 -0.233283
v 0.241026 0.141294 -0.206983
v 0.241051 0.131684 -0.206958
v 0.206914 0.141294 -0.241095
v 0.206890 0.131684 -0.241119
v 0.223970 0.049707 -0.247652
v 0.233007 0.049707 -0.245855
v 0.240667 0.049707 -0.240736
v 0.245786 0.049707 -0.233075
v 0.247584 0.049707 -0.224039
v 0.245786 0.049707 -0.215002
v 0.240667 0.049707 -0.207342
v 0.233007 0.049707 -0.202223
v 0.223970 0.049707 -0.200425
v 0.214934 0.049707 -0.202223
v 0.207273 0.049707 -0.207342
v 0.202154 0.049707 -0.215002
v 0.200357 0.049707 -0.224039
v 0.202154 0.049707 -0.233075
v 0.207273 0.049707 -0.240736
v 0.214934 0.049707 -0.245855
v 0.223970 0.045129 -0.241350
v 0.230595 0.045129 -0.240032
v 0.236211 0.045129 -0.236280
v 0.239964 0.045129 -0.230664
v 0.241282 0.045129 -0.224039
v 0.239964 0.045129 -0.217414
v 0.236211 0.045129 -0.211798
v 0.230595 0.045129 -0.208045
v 0.223970 0.045129 -0.206727
v 0.217345 0.045129 -0.208045
v 0.211729 0.045129 -0.211798
v 0.207976 0.045129 -0.217414
v 0.206659 0.045129 -0.224039
v 0.207976 0.045129 -0.230664
v 0.211729 0.045129 -0.236280
v 0.217345 0.045129 -0.240032
v 0.223970 0.032433 -0.242970
v 0.231215 0.032433 -0.241529
v 0.237356 0.032433 -0.237425
v 0.241460 0.032433 -0.231283
v 0.242901 0.032433 -0.224039
v 0.241460 0.032433 -0.216794
v 0.237356 0.032433 -0.210653
v 0.231215 0.032433 -0.206549
v 0.223970 0.032433 -0.205108
v 0.216726 0.032433 -0.206549
v 0.210584 0.032433 -0.210653
v 0.206480 0.032433 -0.216794
v 0.205039 0.032433 -0.224039
v 0.206480 0.032433 -0.231283
v 0.210584 0.032433 -0.237425
v 0.216726 0.032433 -0.241529
v 0.205193 0.033637 -0.224039
v 0.206622 0.033637 -0.216853
v 0.241318 0.033637 -0.216853
v 0.242748 0.033637 -0.224039
v 0.206622 0.033637 -0.231224
v 0.237248 0.033637 -0.210761
v 0.210693 0.033637 -0.237316
v 0.231156 0.033637 -0.206691
v 0.216784 0.033637 -0.241387
v 0.223970 0.033637 -0.205261
v 0.231156 0.033637 -0.241387
v 0.223970 0.033637 -0.242816
v 0.216784 0.033637 -0.206691
v 0.237248 0.033637 -0.237316
v 0.210693 0.033637 -0.210761
v 0.241318 0.033637 -0.231224
v 0.210564 0.039383 -0.218486
v 0.238481 0.039383 -0.224039
v 0.223970 0.039383 -0.238549
v 0.209460 0.039383 -0.224039
v 0.237376 0.039383 -0.218486
v 0.210564 0.039383 -0.229592
v 0.234231 0.039383 -0.213778
v 0.213710 0.039383 -0.234299
v 0.229523 0.039383 -0.210633
v 0.218417 0.039383 -0.237444
v 0.223970 0.039383 -0.209528
v 0.229523 0.039383 -0.237444
v 0.218417 0.039383 -0.210633
v 0.234231 0.039383 -0.234299
v 0.213710 0.039383 -0.213778
v 0.237376 0.039383 -0.229592
v 0.210454 0.042747 -0.218440
v 0.238600 0.042747 -0.224039
v 0.223970 0.042747 -0.238668
v 0.209341 0.042747 -0.224039
v 0.237486 0.042747 -0.218440
v 0.210454 0.042747 -0.229637
v 0.234315 0.042747 -0.213694
v 0.213626 0.042747 -0.234383
v 0.229569 0.042747 -0.210523
v 0.218372 0.042747 -0.237555
v 0.223970 0.042747 -0.209409
v 0.229569 0.042747 -0.237555
v 0.218372 0.042747 -0.210523
v 0.234315 0.042747 -0.234383
v 0.213626 0.042747 -0.213694
v 0.237486 0.042747 -0.229637
v 0.208344 0.035858 -0.224039
v 0.238407 0.035858 -0.218059
v 0.209534 0.035858 -0.230019
v 0.235020 0.035858 -0.212989
v 0.212921 0.035858 -0.235088
v 0.229950 0.035858 -0.209602
v 0.217990 0.035858 -0.238475
v 0.223970 0.035858 -0.208413
v 0.229950 0.035858 -0.238475
v 0.217990 0.035858 -0.209602
v 0.235020 0.035858 -0.235088
v 0.212921 0.035858 -0.212989
v 0.238407 0.035858 -0.230019
v 0.209534 0.035858 -0.218059
v 0.239596 0.035858 -0.224039
v 0.223970 0.035858 -0.239665
v 0.223970 -0.000000 -0.239893
v 0.230037 -0.000000 -0.238686
v 0.235181 -0.000000 -0.235249
v 0.238618 -0.000000 -0.230106
v 0.239825 -0.000000 -0.224039
v 0.238618 -0.000000 -0.217972
v 0.235181 -0.000000 -0.212828
v 0.230037 -0.000000 -0.209391
v 0.223970 -0.000000 -0.208184
v 0.217903 -0.000000 -0.209391
v 0.212759 -0.000000 -0.212828
v 0.209323 -0.000000 -0.217972
v 0.208116 -0.000000 -0.224039
v 0.209323 -0.000000 -0.230106
v 0.212759 -0.000000 -0.235249
v 0.217903 -0.000000 -0.238686
v 0.236565 0.024145 -0.193632
v 0.236124 0.006862 -0.194696
v 0.246428 0.006862 -0.201581
v 0.247243 0.024145 -0.200766
v 0.211375 0.024145 -0.254446
v 0.211816 0.006862 -0.253381
v 0.201512 0.006862 -0.246497
v 0.200698 0.024145 -0.247311
v 0.223970 0.024145 -0.191126
v 0.223970 0.006862 -0.192279
v 0.236565 0.024145 -0.254446
v 0.236124 0.006862 -0.253381
v 0.223970 0.006862 -0.255799
v 0.223970 0.024145 -0.256951
v 0.211375 0.024145 -0.193632
v 0.211816 0.006862 -0.194696
v 0.247243 0.024145 -0.247311
v 0.246428 0.006862 -0.246497
v 0.200698 0.024145 -0.200766
v 0.201512 0.006862 -0.201581
v 0.254377 0.024145 -0.236634
v 0.253313 0.006862 -0.236193
v 0.193563 0.024145 -0.211444
v 0.194628 0.006862 -0.211885
v 0.256883 0.024145 -0.224039
v 0.255730 0.006862 -0.224039
v 0.191058 0.024145 -0.224039
v 0.192210 0.006862 -0.224039
v 0.254377 0.024145 -0.211444
v 0.253313 0.006862 -0.211885
v 0.193563 0.024145 -0.236634
v 0.194628 0.006862 -0.236193
v 0.237316 0.018384 -0.191820
v 0.237158 0.012623 -0.192201
v 0.248338 0.012623 -0.199671
v 0.248629 0.018384 -0.199380
v 0.210625 0.018384 -0.256257
v 0.210783 0.012623 -0.255877
v 0.199603 0.012623 -0.248406
v 0.199311 0.018384 -0.248698
v 0.223970 0.018384 -0.189166
v 0.223970 0.012623 -0.189578
v 0.237316 0.018384 -0.256257
v 0.237158 0.012623 -0.255877
v 0.223970 0.012623 -0.258500
v 0.223970 0.018384 -0.258912
v 0.210625 0.018384 -0.191820
v 0.210783 0.012623 -0.192201
v 0.248629 0.018384 -0.248698
v 0.248338 0.012623 -0.248406
v 0.199311 0.018384 -0.199380
v 0.199603 0.012623 -0.199671
v 0.256189 0.018384 -0.237384
v 0.255808 0.012623 -0.237226
v 0.191752 0.018384 -0.210693
v 0.192132 0.012623 -0.210851
v 0.258843 0.018384 -0.224039
v 0.258431 0.012623 -0.224039
v 0.189097 0.018384 -0.224039
v 0.189509 0.012623 -0.224039
v 0.256189 0.018384 -0.210693
v 0.255808 0.012623 -0.210851
v 0.191752 0.018384 -0.237384
v 0.192132 0.012623 -0.237226
v 0.243834 0.028565 -0.204175
v 0.204107 0.028565 -0.243902
v 0.223970 0.028565 -0.252130
v 0.234720 0.028565 -0.198086
v 0.213220 0.028565 -0.249992
v 0.223970 0.028565 -0.195947
v 0.234720 0.028565 -0.249992
v 0.213220 0.028565 -0.198086
v 0.243834 0.028565 -0.243902
v 0.204107 0.028565 -0.204175
v 0.249923 0.028565 -0.234789
v 0.198017 0.028565 -0.213289
v 0.252061 0.028565 -0.224039
v 0.195879 0.028565 -0.224039
v 0.249923 0.028565 -0.213289
v 0.198017 0.028565 -0.234789
v 0.233674 0.002339 -0.200612
v 0.214267 0.002339 -0.247466
v 0.223970 0.002339 -0.198682
v 0.233674 0.002339 -0.247466
v 0.214267 0.002339 -0.200612
v 0.241900 0.002339 -0.241969
v 0.206040 0.002339 -0.206109
v 0.247397 0.002339 -0.233742
v 0.200543 0.002339 -0.214335
v 0.249327 0.002339 -0.224039
v 0.198613 0.002339 -0.224039
v 0.247397 0.002339 -0.214335
v 0.200543 0.002339 -0.233742
v 0.241900 0.002339 -0.206109
v 0.206040 0.002339 -0.241969
v 0.223970 0.002339 -0.249396
v 0.231550 0.398545 -0.242339
v 0.223970 0.398545 -0.243846
v 0.237976 0.398545 -0.238045
v 0.242270 0.398545 -0.231619
v 0.243778 0.398545 -0.224039
v 0.242270 0.398545 -0.216459
v 0.237976 0.398545 -0.210033
v 0.231550 0.398545 -0.205739
v 0.223970 0.398545 -0.204231
v 0.216390 0.398545 -0.205739
v 0.209964 0.398545 -0.210033
v 0.205670 0.398545 -0.216459
v 0.204163 0.398545 -0.224039
v 0.205670 0.398545 -0.231619
v 0.209964 0.398545 -0.238045
v 0.216390 0.398545 -0.242339
v 0.231550 0.408282 -0.242339
v 0.223970 0.408282 -0.243846
v 0.237976 0.408282 -0.238045
v 0.242270 0.408282 -0.231619
v 0.243778 0.408282 -0.224039
v 0.242270 0.408282 -0.216459
v 0.237976 0.408282 -0.210033
v 0.231550 0.408282 -0.205739
v 0.223970 0.408282 -0.204231
v 0.216390 0.408282 -0.205739
v 0.209964 0.408282 -0.210033
v 0.205670 0.408282 -0.216459
v 0.204163 0.408282 -0.224039
v 0.205670 0.408282 -0.231619
v 0.209964 0.408282 -0.238045
v 0.216390 0.408282 -0.242339
v 0.215530 0.376914 -0.215599
v 0.216306 0.378704 -0.216375
v 0.234998 0.376914 -0.228606
v 0.233984 0.378704 -0.228187
v 0.212943 0.376914 -0.219471
v 0.213957 0.378704 -0.219891
v 0.235906 0.376914 -0.224039
v 0.234809 0.378704 -0.224039
v 0.212034 0.376914 -0.224039
v 0.213132 0.378704 -0.224039
v 0.234998 0.376914 -0.219471
v 0.233984 0.378704 -0.219891
v 0.212943 0.376914 -0.228606
v 0.213957 0.378704 -0.228187
v 0.232410 0.376914 -0.215599
v 0.231634 0.378704 -0.216375
v 0.215530 0.376914 -0.232479
v 0.216306 0.378704 -0.231703
v 0.228538 0.376914 -0.213011
v 0.228118 0.378704 -0.214025
v 0.219403 0.376914 -0.235066
v 0.219822 0.378704 -0.234052
v 0.223970 0.376914 -0.212103
v 0.223970 0.378704 -0.213200
v 0.228538 0.376914 -0.235066
v 0.228118 0.378704 -0.234052
v 0.219822 0.378704 -0.214025
v 0.219403 0.376914 -0.213011
v 0.231634 0.378704 -0.231703
v 0.232410 0.376914 -0.232479
v 0.223970 0.378704 -0.234877
v 0.223970 0.376914 -0.235975
v 0.231897 -0.000000 -0.232351
v 0.223970 -0.000000 -0.233140
v 0.216043 -0.000000 -0.232351
v 0.232551 -0.000000 -0.224039
v 0.223970 -0.000000 -0.224039
v 0.215390 -0.000000 -0.224039
v 0.231897 -0.000000 -0.215726
v 0.223970 -0.000000 -0.214938
v 0.216043 -0.000000 -0.215726
v 0.241350 0.047245 0.223970
v 0.247652 0.090504 0.223970
v 0.240032 0.047245 0.230595
v 0.245855 0.090504 0.233007
v 0.236280 0.047245 0.236211
v 0.240736 0.090504 0.240667
v 0.230664 0.047245 0.239964
v 0.233075 0.090504 0.245786
v 0.224039 0.047245 0.241282
v 0.224039 0.090504 0.247583
v 0.217414 0.047245 0.239964
v 0.215002 0.090504 0.245786
v 0.211798 0.047245 0.236211
v 0.207342 0.090504 0.240667
v 0.208045 0.047245 0.230595
v 0.202223 0.090504 0.233007
v 0.206727 0.047245 0.223970
v 0.200425 0.090504 0.223970
v 0.208045 0.047245 0.217345
v 0.202223 0.090504 0.214934
v 0.211798 0.047245 0.211729
v 0.207342 0.090504 0.207273
v 0.217414 0.047245 0.207976
v 0.215002 0.090504 0.202154
v 0.224039 0.047245 0.206659
v 0.224039 0.090504 0.200357
v 0.230664 0.047245 0.207976
v 0.233075 0.090504 0.202154
v 0.236280 0.047245 0.211729
v 0.240736 0.090504 0.207273
v 0.240032 0.047245 0.217345
v 0.245855 0.090504 0.214934
v 0.241956 0.095418 0.231392
v 0.243433 0.095418 0.223970
v 0.237752 0.095418 0.237684
v 0.231460 0.095418 0.241888
v 0.224039 0.095418 0.243364
v 0.216617 0.095418 0.241888
v 0.210325 0.095418 0.237684
v 0.206121 0.095418 0.231392
v 0.204645 0.095418 0.223970
v 0.206121 0.095418 0.216549
v 0.210325 0.095418 0.210257
v 0.216617 0.095418 0.206053
v 0.224039 0.095418 0.204576
v 0.231460 0.095418 0.206053
v 0.237752 0.095418 0.210257
v 0.241956 0.095418 0.216549
v 0.235579 0.370670 0.228750
v 0.236530 0.370670 0.223970
v 0.232871 0.370670 0.232803
v 0.228819 0.370670 0.235511
v 0.224039 0.370670 0.236462
v 0.219258 0.370670 0.235511
v 0.215206 0.370670 0.232803
v 0.212498 0.370670 0.228750
v 0.211547 0.370670 0.223970
v 0.212498 0.370670 0.219190
v 0.215206 0.370670 0.215138
v 0.219258 0.370670 0.212430
v 0.224039 0.370670 0.211479
v 0.228819 0.370670 0.212430
v 0.232871 0.370670 0.215138
v 0.235579 0.370670 0.219190
v 0.236184 0.389963 0.229001
v 0.237185 0.389963 0.223970
v 0.233334 0.389963 0.233266
v 0.229069 0.389963 0.236116
v 0.224039 0.389963 0.237116
v 0.219008 0.389963 0.236116
v 0.214743 0.389963 0.233266
v 0.211893 0.389963 0.229001
v 0.210893 0.389963 0.223970
v 0.211893 0.389963 0.218939
v 0.214743 0.389963 0.214675
v 0.219008 0.389963 0.211825
v 0.224039 0.389963 0.210824
v 0.229069 0.389963 0.211825
v 0.233334 0.389963 0.214675
v 0.236184 0.389963 0.218939
v 0.241021 0.398545 0.231004
v 0.242420 0.398545 0.223970
v 0.237036 0.398545 0.236968
v 0.231073 0.398545 0.240952
v 0.224039 0.398545 0.242351
v 0.217005 0.398545 0.240952
v 0.211041 0.398545 0.236968
v 0.207057 0.398545 0.231004
v 0.205658 0.398545 0.223970
v 0.207057 0.398545 0.216936
v 0.211041 0.398545 0.210973
v 0.217005 0.398545 0.206988
v 0.224039 0.398545 0.205589
v 0.231073 0.398545 0.206988
v 0.237036 0.398545 0.210973
v 0.241021 0.398545 0.216936
v 0.235450 0.392154 0.212558
v 0.236636 0.395314 0.211373
v 0.240498 0.395314 0.217153
v 0.238949 0.392154 0.217794
v 0.209129 0.392154 0.230146
v 0.207579 0.395314 0.230788
v 0.206223 0.395314 0.223970
v 0.207900 0.392154 0.223970
v 0.240177 0.392154 0.223970
v 0.241854 0.395314 0.223970
v 0.240498 0.395314 0.230788
v 0.238949 0.392154 0.230146
v 0.207579 0.395314 0.217153
v 0.209129 0.392154 0.217794
v 0.236636 0.395314 0.236568
v 0.235450 0.392154 0.235382
v 0.211441 0.395314 0.211373
v 0.212627 0.392154 0.212558
v 0.230856 0.395314 0.240430
v 0.230215 0.392154 0.238880
v 0.217221 0.395314 0.207511
v 0.217863 0.392154 0.209060
v 0.224039 0.395314 0.241786
v 0.224039 0.392154 0.240109
v 0.224039 0.395314 0.206155
v 0.224039 0.392154 0.207832
v 0.217221 0.395314 0.240430
v 0.217863 0.392154 0.238880
v 0.230856 0.395314 0.207511
v 0.230215 0.392154 0.209060
v 0.211441 0.395314 0.236568
v 0.212627 0.392154 0.235382
v 0.213779 0.386142 0.219720
v 0.216186 0.386142 0.216118
v 0.231891 0.386142 0.231823
v 0.228289 0.386142 0.234230
v 0.219789 0.386142 0.213710
v 0.224039 0.386142 0.235076
v 0.224039 0.386142 0.212865
v 0.219789 0.386142 0.234230
v 0.228289 0.386142 0.213710
v 0.216186 0.386142 0.231823
v 0.231891 0.386142 0.216118
v 0.213779 0.386142 0.228220
v 0.234299 0.386142 0.219720
v 0.212933 0.386142 0.223970
v 0.235144 0.386142 0.223970
v 0.234299 0.386142 0.228220
v 0.211469 0.388556 0.218764
v 0.233659 0.388556 0.233591
v 0.237644 0.388556 0.223970
v 0.214418 0.388556 0.214350
v 0.229245 0.388556 0.236540
v 0.218832 0.388556 0.211400
v 0.224039 0.388556 0.237576
v 0.224039 0.388556 0.210365
v 0.218832 0.388556 0.236540
v 0.229245 0.388556 0.211400
v 0.214418 0.388556 0.233591
v 0.233659 0.388556 0.214350
v 0.211469 0.388556 0.229177
v 0.236609 0.388556 0.218764
v 0.210433 0.388556 0.223970
v 0.236609 0.388556 0.229177
v 0.216437 0.381887 0.216369
v 0.228153 0.381887 0.233902
v 0.219925 0.381887 0.214038
v 0.224039 0.381887 0.234720
v 0.224039 0.381887 0.213220
v 0.219925 0.381887 0.233902
v 0.228153 0.381887 0.214038
v 0.216437 0.381887 0.231572
v 0.231640 0.381887 0.216369
v 0.214107 0.381887 0.228084
v 0.233971 0.381887 0.219856
v 0.213288 0.381887 0.223970
v 0.233971 0.381887 0.228084
v 0.214107 0.381887 0.219856
v 0.231640 0.381887 0.231572
v 0.234789 0.381887 0.223970
v 0.213514 0.369732 0.228330
v 0.235431 0.369732 0.223970
v 0.234564 0.369732 0.219611
v 0.212647 0.369732 0.223970
v 0.234564 0.369732 0.228330
v 0.213514 0.369732 0.219611
v 0.232094 0.369732 0.232026
v 0.215983 0.369732 0.215915
v 0.228398 0.369732 0.234495
v 0.219679 0.369732 0.213445
v 0.224039 0.369732 0.235362
v 0.224039 0.369732 0.212578
v 0.219679 0.369732 0.234495
v 0.228398 0.369732 0.213445
v 0.215983 0.369732 0.232026
v 0.232094 0.369732 0.215915
v 0.215445 0.372552 0.215376
v 0.228690 0.372552 0.235199
v 0.219388 0.372552 0.212741
v 0.224039 0.372552 0.236124
v 0.224039 0.372552 0.211816
v 0.219388 0.372552 0.235199
v 0.228690 0.372552 0.212741
v 0.215445 0.372552 0.232564
v 0.232633 0.372552 0.215376
v 0.212810 0.372552 0.228621
v 0.235268 0.372552 0.219319
v 0.211885 0.372552 0.223970
v 0.235268 0.372552 0.228621
v 0.212810 0.372552 0.219319
v 0.232633 0.372552 0.232564
v 0.236193 0.372552 0.223970
v 0.210843 0.374203 0.218505
v 0.211141 0.375790 0.218628
v 0.234138 0.374203 0.234069
v 0.233910 0.375790 0.233842
v 0.238321 0.374203 0.223970
v 0.237999 0.375790 0.223970
v 0.214167 0.375790 0.214099
v 0.213940 0.374203 0.213871
v 0.229381 0.375790 0.236868
v 0.229504 0.374203 0.237165
v 0.218696 0.375790 0.211073
v 0.218573 0.374203 0.210775
v 0.224039 0.375790 0.237930
v 0.224039 0.374203 0.238253
v 0.224039 0.375790 0.210010
v 0.224039 0.374203 0.209688
v 0.218696 0.375790 0.236868
v 0.218573 0.374203 0.237165
v 0.229381 0.375790 0.211073
v 0.229504 0.374203 0.210775
v 0.214167 0.375790 0.233842
v 0.213940 0.374203 0.234069
v 0.233910 0.375790 0.214099
v 0.234138 0.374203 0.213871
v 0.211141 0.375790 0.229313
v 0.210843 0.374203 0.229436
v 0.236936 0.375790 0.218628
v 0.237234 0.374203 0.218505
v 0.210079 0.375790 0.223970
v 0.209756 0.374203 0.223970
v 0.236936 0.375790 0.229313
v 0.237234 0.374203 0.229436
v 0.214252 0.373108 0.214184
v 0.229335 0.373108 0.236757
v 0.218742 0.373108 0.211184
v 0.224039 0.373108 0.237810
v 0.224039 0.373108 0.210130
v 0.218742 0.373108 0.236757
v 0.229335 0.373108 0.211184
v 0.214252 0.373108 0.233757
v 0.233825 0.373108 0.214184
v 0.211252 0.373108 0.229267
v 0.236825 0.373108 0.218674
v 0.210199 0.373108 0.223970
v 0.236825 0.373108 0.229267
v 0.211252 0.373108 0.218674
v 0.233825 0.373108 0.233757
v 0.237879 0.373108 0.223970
v 0.206772 0.166398 0.223970
v 0.239991 0.166398 0.230578
v 0.208086 0.166398 0.217362
v 0.236248 0.166398 0.236180
v 0.211829 0.166398 0.211761
v 0.230647 0.166398 0.239923
v 0.217431 0.166398 0.208018
v 0.224039 0.166398 0.241237
v 0.224039 0.166398 0.206703
v 0.217431 0.166398 0.239923
v 0.230647 0.166398 0.208018
v 0.211829 0.166398 0.236180
v 0.236248 0.166398 0.211761
v 0.208086 0.166398 0.230578
v 0.241306 0.166398 0.223970
v 0.239991 0.166398 0.217362
v 0.205156 0.165455 0.223970
v 0.241484 0.165455 0.231196
v 0.206593 0.165455 0.216744
v 0.237391 0.165455 0.237323
v 0.210686 0.165455 0.210618
v 0.231265 0.165455 0.241416
v 0.216813 0.165455 0.206525
v 0.224039 0.165455 0.242853
v 0.224039 0.165455 0.205087
v 0.216813 0.165455 0.241416
v 0.231265 0.165455 0.206525
v 0.210686 0.165455 0.237323
v 0.237391 0.165455 0.210618
v 0.206593 0.165455 0.231196
v 0.242922 0.165455 0.223970
v 0.241484 0.165455 0.216744
v 0.204986 0.142138 0.223970
v 0.241641 0.142138 0.231262
v 0.206436 0.142138 0.216679
v 0.237511 0.142138 0.237443
v 0.210566 0.142138 0.210498
v 0.231330 0.142138 0.241573
v 0.216747 0.142138 0.206368
v 0.224039 0.142138 0.243023
v 0.224039 0.142138 0.204917
v 0.216747 0.142138 0.241573
v 0.231330 0.142138 0.206368
v 0.210566 0.142138 0.237443
v 0.237511 0.142138 0.210498
v 0.206436 0.142138 0.231262
v 0.243092 0.142138 0.223970
v 0.241641 0.142138 0.216679
v 0.204903 0.130840 0.223970
v 0.241718 0.130840 0.231293
v 0.206360 0.130840 0.216647
v 0.237570 0.130840 0.237501
v 0.210508 0.130840 0.210439
v 0.231362 0.130840 0.241649
v 0.216716 0.130840 0.206291
v 0.224039 0.130840 0.243106
v 0.224039 0.130840 0.204835
v 0.216716 0.130840 0.241649
v 0.231362 0.130840 0.206291
v 0.210508 0.130840 0.237501
v 0.237570 0.130840 0.210439
v 0.206360 0.130840 0.231293
v 0.243174 0.130840 0.223970
v 0.241718 0.130840 0.216647
v 0.201722 0.131684 0.233214
v 0.201754 0.141294 0.233201
v 0.248194 0.131684 0.223970
v 0.248160 0.141294 0.223970
v 0.246356 0.131684 0.214726
v 0.246324 0.141294 0.214740
v 0.199918 0.141294 0.223970
v 0.199883 0.131684 0.223970
v 0.246324 0.141294 0.233201
v 0.246356 0.131684 0.233214
v 0.201754 0.141294 0.214740
v 0.201722 0.131684 0.214726
v 0.241095 0.141294 0.241026
v 0.241119 0.131684 0.241051
v 0.206983 0.141294 0.206914
v 0.206958 0.131684 0.206890
v 0.233269 0.141294 0.246255
v 0.233283 0.131684 0.246287
v 0.214808 0.141294 0.201685
v 0.214795 0.131684 0.201653
v 0.224039 0.141294 0.248091
v 0.224039 0.131684 0.248126
v 0.224039 0.141294 0.199849
v 0.224039 0.131684 0.199815
v 0.214808 0.141294 0.246255
v 0.214795 0.131684 0.246287
v 0.233269 0.141294 0.201685
v 0.233283 0.131684 0.201653
v 0.206983 0.141294 0.241026
v 0.206958 0.131684 0.241051
v 0.241095 0.141294 0.206914
v 0.241119 0.131684 0.206890
v 0.247652 0.049707 0.223970
v 0.245855 0.049707 0.233007
v 0.240736 0.049707 0.240667
v 0.233075 0.049707 0.245786
v 0.224039 0.049707 0.247583
v 0.215002 0.049707 0.245786
v 0.207342 0.049707 0.240667
v 0.202223 0.049707 0.233007
v 0.200425 0.049707 0.223970
v 0.202223 0.049707 0.214934
v 0.207342 0.049707 0.207273
v 0.215002 0.049707 0.202154
v 0.224039 0.049707 0.200357
v 0.233075 0.049707 0.202154
v 0.240736 0.049707 0.207273
v 0.245855 0.049707 0.214934
v 0.241350 0.045129 0.223970
v 0.240032 0.045129 0.230595
v 0.236280 0.045129 0.236211
v 0.230664 0.045129 0.239964
v 0.224039 0.045129 0.241282
v 0.217414 0.045129 0.239964
v 0.211798 0.045129 0.236211
v 0.208045 0.045129 0.230595
v 0.206727 0.045129 0.223970
v 0.208045 0.045129 0.217345
v 0.211798 0.045129 0.211729
v 0.217414 0.045129 0.207976
v 0.224039 0.045129 0.206659
v 0.230664 0.045129 0.207976
v 0.236280 0.045129 0.211729
v 0.240032 0.045129 0.217345
v 0.242970 0.032433 0.223970
v 0.241529 0.032433 0.231215
v 0.237425 0.032433 0.237356
v 0.231283 0.032433 0.241460
v 0.224039 0.032433 0.242901
v 0.216794 0.032433 0.241460
v 0.210653 0.032433 0.237356
v 0.206549 0.032433 0.231215
v 0.205108 0.032433 0.223970
v 0.206549 0.032433 0.216726
v 0.210653 0.032433 0.210584
v 0.216794 0.032433 0.206480
v 0.224039 0.032433 0.205039
v 0.231283 0.032433 0.206480
v 0.237425 0.032433 0.210584
v 0.241529 0.032433 0.216726
v 0.224039 0.033637 0.205193
v 0.216853 0.033637 0.206622
v 0.216853 0.033637 0.241318
v 0.224039 0.033637 0.242748
v 0.231225 0.033637 0.206622
v 0.210761 0.033637 0.237248
v 0.237316 0.033637 0.210693
v 0.206691 0.033637 0.231156
v 0.241387 0.033637 0.216784
v 0.205261 0.033637 0.223970
v 0.241387 0.033637 0.231156
v 0.242816 0.033637 0.223970
v 0.206691 0.033637 0.216784
v 0.237316 0.033637 0.237248
v 0.210761 0.033637 0.210693
v 0.231225 0.033637 0.241318
v 0.218486 0.039383 0.210564
v 0.224039 0.039383 0.238481
v 0.238549 0.039383 0.223970
v 0.224039 0.039383 0.209460
v 0.218486 0.039383 0.237376
v 0.229592 0.039383 0.210564
v 0.213778 0.039383 0.234231
v 0.234299 0.039383 0.213710
v 0.210633 0.039383 0.229523
v 0.237445 0.039383 0.218417
v 0.209528 0.039383 0.223970
v 0.237445 0.039383 0.229523
v 0.210633 0.039383 0.218417
v 0.234299 0.039383 0.234231
v 0.213778 0.039383 0.213710
v 0.229592 0.039383 0.237376
v 0.218440 0.042747 0.210454
v 0.224039 0.042747 0.238600
v 0.238668 0.042747 0.223970
v 0.224039 0.042747 0.209341
v 0.218440 0.042747 0.237486
v 0.229637 0.042747 0.210454
v 0.213694 0.042747 0.234315
v 0.234383 0.042747 0.213626
v 0.210523 0.042747 0.229569
v 0.237555 0.042747 0.218372
v 0.209409 0.042747 0.223970
v 0.237555 0.042747 0.229569
v 0.210523 0.042747 0.218372
v 0.234383 0.042747 0.234315
v 0.213694 0.042747 0.213626
v 0.229637 0.042747 0.237486
v 0.224039 0.035858 0.208344
v 0.218059 0.035858 0.238407
v 0.230019 0.035858 0.209533
v 0.212989 0.035858 0.235020
v 0.235088 0.035858 0.212921
v 0.209602 0.035858 0.229950
v 0.238475 0.035858 0.217990
v 0.208413 0.035858 0.223970
v 0.238475 0.035858 0.229950
v 0.209602 0.035858 0.217990
v 0.235088 0.035858 0.235020
v 0.212989 0.035858 0.212921
v 0.230019 0.035858 0.238407
v 0.218059 0.035858 0.209533
v 0.224039 0.035858 0.239596
v 0.239665 0.035858 0.223970
v 0.239893 0.000000 0.223970
v 0.238686 0.000000 0.230037
v 0.235249 0.000000 0.235181
v 0.230106 0.000000 0.238618
v 0.224039 0.000000 0.239825
v 0.217972 0.000000 0.238618
v 0.212828 0.000000 0.235181
v 0.209391 0.000000 0.230037
v 0.208184 0.000000 0.223970
v 0.209391 0.000000 0.217903
v 0.212828 0.000000 0.212759
v 0.217972 0.000000 0.209323
v 0.224039 0.000000 0.208116
v 0.230106 0.000000 0.209323
v 0.235249 0.000000 0.212759
v 0.238686 0.000000 0.217903
v 0.193632 0.024145 0.236565
v 0.194696 0.006862 0.236124
v 0.201581 0.006862 0.246428
v 0.200766 0.024145 0.247243
v 0.254446 0.024145 0.211375
v 0.253381 0.006862 0.211816
v 0.246497 0.006862 0.201512
v 0.247311 0.024145 0.200698
v 0.191126 0.024145 0.223970
v 0.192279 0.006862 0.223970
v 0.254446 0.024145 0.236565
v 0.253381 0.006862 0.236124
v 0.255799 0.006862 0.223970
v 0.256951 0.024145 0.223970
v 0.193632 0.024145 0.211375
v 0.194696 0.006862 0.211816
v 0.247311 0.024145 0.247243
v 0.246497 0.006862 0.246428
v 0.200766 0.024145 0.200698
v 0.201581 0.006862 0.201512
v 0.236634 0.024145 0.254377
v 0.236193 0.006862 0.253313
v 0.211444 0.024145 0.193563
v 0.211885 0.006862 0.194628
v 0.224039 0.024145 0.256883
v 0.224039 0.006862 0.255730
v 0.224039 0.024145 0.191058
v 0.224039 0.006862 0.192210
v 0.211444 0.024145 0.254377
v 0.211885 0.006862 0.253313
v 0.236634 0.024145 0.193563
v 0.236193 0.006862 0.194628
v 0.191820 0.018384 0.237316
v 0.192201 0.012623 0.237158
v 0.199671 0.012623 0.248338
v 0.199380 0.018384 0.248629
v 0.256257 0.018384 0.210625
v 0.255877 0.012623 0.210783
v 0.248406 0.012623 0.199603
v 0.248698 0.018384 0.199311
v 0.189166 0.018384 0.223970
v 0.189578 0.012623 0.223970
v 0.256257 0.018384 0.237316
v 0.255877 0.012623 0.237158
v 0.258500 0.012623 0.223970
v 0.258912 0.018384 0.223970
v 0.191820 0.018384 0.210625
v 0.192201 0.012623 0.210783
v 0.248698 0.018384 0.248629
v 0.248406 0.012623 0.248338
v 0.199380 0.018384 0.199311
v 0.199671 0.012623 0.199603
v 0.237384 0.018384 0.256189
v 0.237226 0.012623 0.255808
v 0.210693 0.018384 0.191752
v 0.210851 0.012623 0.192132
v 0.224039 0.018384 0.258843
v 0.224039 0.012623 0.258431
v 0.224039 0.018384 0.189097
v 0.224039 0.012623 0.189509
v 0.210693 0.018384 0.256189
v 0.210851 0.012623 0.255808
v 0.237384 0.018384 0.191752
v 0.237226 0.012623 0.192132
v 0.204175 0.028565 0.243834
v 0.243902 0.028565 0.204107
v 0.252130 0.028565 0.223970
v 0.198086 0.028565 0.234720
v 0.249992 0.028565 0.213220
v 0.195947 0.028565 0.223970
v 0.249992 0.028565 0.234720
v 0.198086 0.028565 0.213220
v 0.243902 0.028565 0.243834
v 0.204175 0.028565 0.204107
v 0.234789 0.028565 0.249923
v 0.213289 0.028565 0.198017
v 0.224039 0.028565 0.252061
v 0.224039 0.028565 0.195879
v 0.213289 0.028565 0.249923
v 0.234789 0.028565 0.198017
v 0.200612 0.002339 0.233674
v 0.247466 0.002339 0.214267
v 0.198682 0.002339 0.223970
v 0.247466 0.002339 0.233674
v 0.200612 0.002339 0.214267
v 0.241969 0.002339 0.241900
v 0.206109 0.002339 0.206040
v 0.233742 0.002339 0.247397
v 0.214335 0.002339 0.200543
v 0.224039 0.002339 0.249327
v 0.224039 0.002339 0.198613
v 0.214335 0.002339 0.247397
v 0.233742 0.002339 0.200543
v 0.206109 0.002339 0.241900
v 0.241969 0.002339 0.206040
v 0.249396 0.002339 0.223970
v 0.242339 0.398545 0.231550
v 0.243846 0.398545 0.223970
v 0.238045 0.398545 0.237976
v 0.231619 0.398545 0.242270
v 0.224039 0.398545 0.243778
v 0.216459 0.398545 0.242270
v 0.210033 0.398545 0.237976
v 0.205739 0.398545 0.231550
v 0.204231 0.398545 0.223970
v 0.205739 0.398545 0.216390
v 0.210033 0.398545 0.209964
v 0.216459 0.398545 0.205670
v 0.224039 0.398545 0.204163
v 0.231619 0.398545 0.205670
v 0.238045 0.398545 0.209964
v 0.242339 0.398545 0.216390
v 0.242339 0.408282 0.231550
v 0.243846 0.408282 0.223970
v 0.238045 0.408282 0.237976
v 0.231619 0.408282 0.242270
v 0.224039 0.408282 0.243778
v 0.216459 0.408282 0.242270
v 0.210033 0.408282 0.237976
v 0.205739 0.408282 0.231550
v 0.204231 0.408282 0.223970
v 0.205739 0.408282 0.216390
v 0.210033 0.408282 0.209964
v 0.216459 0.408282 0.205670
v 0.224039 0.408282 0.204163
v 0.231619 0.408282 0.205670
v 0.238045 0.408282 0.209964
v 0.242339 0.408282 0.216390
v 0.215599 0.376914 0.215530
v 0.216375 0.378704 0.216306
v 0.228606 0.376914 0.234998
v 0.228187 0.378704 0.233984
v 0.219471 0.376914 0.212943
v 0.219891 0.378704 0.213957
v 0.224039 0.376914 0.235906
v 0.224039 0.378704 0.234809
v 0.224039 0.376914 0.212034
v 0.224039 0.378704 0.213132
v 0.219471 0.376914 0.234998
v 0.219891 0.378704 0.233984
v 0.228606 0.376914 0.212943
v 0.228187 0.378704 0.213957
v 0.215599 0.376914 0.232410
v 0.216375 0.378704 0.231634
v 0.232479 0.376914 0.215530
v 0.231703 0.378704 0.216306
v 0.213011 0.376914 0.228538
v 0.214025 0.378704 0.228118
v 0.235066 0.376914 0.219403
v 0.234052 0.378704 0.219822
v 0.212103 0.376914 0.223970
v 0.213200 0.378704 0.223970
v 0.235066 0.376914 0.228538
v 0.234052 0.378704 0.228118
v 0.214025 0.378704 0.219822
v 0.213011 0.376914 0.219403
v 0.231703 0.378704 0.231634
v 0.232479 0.376914 0.232410
v 0.234877 0.378704 0.223970
v 0.235975 0.376914 0.223970
v 0.232351 0.000000 0.231897
v 0.233140 0.000000 0.223970
v 0.232351 0.000000 0.216043
v 0.224039 0.000000 0.232551
v 0.224039 0.000000 0.223970
v 0.224039 0.000000 0.215390
v 0.215726 0.000000 0.231897
v 0.214938 0.000000 0.223970
v 0.215726 0.000000 0.216043
v -0.223970 0.047245 0.241350
v -0.223970 0.090504 0.247652
v -0.230595 0.047245 0.240033
v -0.233007 0.090504 0.245855
v -0.236211 0.047245 0.236280
v -0.240667 0.090504 0.240736
v -0.239964 0.047245 0.230664
v -0.245786 0.090504 0.233075
v -0.241282 0.047245 0.224039
v -0.247583 0.090504 0.224039
v -0.239964 0.047245 0.217414
v -0.245786 0.090504 0.215002
v -0.236211 0.047245 0.211798
v -0.240667 0.090504 0.207342
v -0.230595 0.047245 0.208045
v -0.233007 0.090504 0.202223
v -0.223970 0.047245 0.206727
v -0.223970 0.090504 0.200425
v -0.217345 0.047245 0.208045
v -0.214934 0.090504 0.202223
v -0.211729 0.047245 0.211798
v -0.207273 0.090504 0.207342
v -0.207976 0.047245 0.217414
v -0.202154 0.090504 0.215002
v -0.206659 0.047245 0.224039
v -0.200357 0.090504 0.224039
v -0.207976 0.047245 0.230664
v -0.202154 0.090504 0.233075
v -0.211729 0.047245 0.236280
v -0.207273 0.090504 0.240736
v -0.217345 0.047245 0.240033
v -0.214934 0.090504 0.245855
v -0.231392 0.095418 0.241956
v -0.223970 0.095418 0.243433
v -0.237684 0.095418 0.237752
v -0.241888 0.095418 0.231460
v -0.243364 0.095418 0.224039
v -0.241888 0.095418 0.216617
v -0.237684 0.095418 0.210325
v -0.231392 0.095418 0.206121
v -0.223970 0.095418 0.204645
v -0.216549 0.095418 0.206121
v -0.210257 0.095418 0.210325
v -0.206053 0.095418 0.216617
v -0.204576 0.095418 0.224039
v -0.206053 0.095418 0.231460
v -0.210257 0.095418 0.237752
v -0.216549 0.095418 0.241956
v -0.228750 0.370670 0.235579
v -0.223970 0.370670 0.236530
v -0.232803 0.370670 0.232871
v -0.235511 0.370670 0.228819
v -0.236462 0.370670 0.224039
v -0.235511 0.370670 0.219259
v -0.232803 0.370670 0.215206
v -0.228750 0.370670 0.212498
v -0.223970 0.370670 0.211547
v -0.219190 0.370670 0.212498
v -0.215137 0.370670 0.215206
v -0.212430 0.370670 0.219259
v -0.211479 0.370670 0.224039
v -0.212430 0.370670 0.228819
v -0.215137 0.370670 0.232871
v -0.219190 0.370670 0.235579
v -0.229001 0.389963 0.236184
v -0.223970 0.389963 0.237185
v -0.233266 0.389963 0.233334
v -0.236116 0.389963 0.229070
v -0.237116 0.389963 0.224039
v -0.236116 0.389963 0.219008
v -0.233266 0.389963 0.214743
v -0.229001 0.389963 0.211893
v -0.223970 0.389963 0.210893
v -0.218939 0.389963 0.211893
v -0.214675 0.389963 0.214743
v -0.211825 0.389963 0.219008
v -0.210824 0.389963 0.224039
v -0.211825 0.389963 0.229070
v -0.214675 0.389963 0.233334
v -0.218939 0.389963 0.236184
v -0.231004 0.398545 0.241021
v -0.223970 0.398545 0.242420
v -0.236968 0.398545 0.237036
v -0.240952 0.398545 0.231073
v -0.242351 0.398545 0.224039
v -0.240952 0.398545 0.217005
v -0.236968 0.398545 0.211041
v -0.231004 0.398545 0.207057
v -0.223970 0.398545 0.205658
v -0.216936 0.398545 0.207057
v -0.210973 0.398545 0.211041
v -0.206988 0.398545 0.217005
v -0.205589 0.398545 0.224039
v -0.206988 0.398545 0.231073
v -0.210973 0.398545 0.237036
v -0.216936 0.398545 0.241021
v -0.212558 0.392154 0.235451
v -0.211373 0.395314 0.236636
v -0.217153 0.395314 0.240498
v -0.217794 0.392154 0.238949
v -0.230146 0.392154 0.209129
v -0.230788 0.395314 0.207579
v -0.223970 0.395314 0.206223
v -0.223970 0.392154 0.207900
v -0.223970 0.392154 0.240177
v -0.223970 0.395314 0.241854
v -0.230788 0.395314 0.240498
v -0.230146 0.392154 0.238949
v -0.217153 0.395314 0.207579
v -0.217794 0.392154 0.209129
v -0.236568 0.395314 0.236636
v -0.235382 0.392154 0.235451
v -0.211373 0.395314 0.211441
v -0.212558 0.392154 0.212627
v -0.240430 0.395314 0.230856
v -0.238880 0.392154 0.230215
v -0.207511 0.395314 0.217221
v -0.209060 0.392154 0.217863
v -0.241786 0.395314 0.224039
v -0.240109 0.392154 0.224039
v -0.206155 0.395314 0.224039
v -0.207832 0.392154 0.224039
v -0.240430 0.395314 0.217221
v -0.238880 0.392154 0.217863
v -0.207511 0.395314 0.230856
v -0.209060 0.392154 0.230215
v -0.236568 0.395314 0.211441
v -0.235382 0.392154 0.212627
v -0.219720 0.386142 0.213779
v -0.216118 0.386142 0.216186
v -0.231823 0.386142 0.231891
v -0.234230 0.386142 0.228289
v -0.213710 0.386142 0.219789
v -0.235076 0.386142 0.224039
v -0.212865 0.386142 0.224039
v -0.234230 0.386142 0.219789
v -0.213710 0.386142 0.228289
v -0.231823 0.386142 0.216186
v -0.216118 0.386142 0.231891
v -0.228220 0.386142 0.213779
v -0.219720 0.386142 0.234299
v -0.223970 0.386142 0.212933
v -0.223970 0.386142 0.235144
v -0.228220 0.386142 0.234299
v -0.218764 0.388556 0.211469
v -0.233591 0.388556 0.233659
v -0.223970 0.388556 0.237644
v -0.214350 0.388556 0.214418
v -0.236540 0.388556 0.229245
v -0.211400 0.388556 0.218832
v -0.237576 0.388556 0.224039
v -0.210365 0.388556 0.224039
v -0.236540 0.388556 0.218832
v -0.211400 0.388556 0.229245
v -0.233591 0.388556 0.214418
v -0.214350 0.388556 0.233659
v -0.229177 0.388556 0.211469
v -0.218764 0.388556 0.236609
v -0.223970 0.388556 0.210433
v -0.229177 0.388556 0.236609
v -0.216369 0.381887 0.216437
v -0.233902 0.381887 0.228153
v -0.214038 0.381887 0.219925
v -0.234720 0.381887 0.224039
v -0.213220 0.381887 0.224039
v -0.233902 0.381887 0.219925
v -0.214038 0.381887 0.228153
v -0.231572 0.381887 0.216437
v -0.216369 0.381887 0.231640
v -0.228084 0.381887 0.214107
v -0.219856 0.381887 0.233971
v -0.223970 0.381887 0.213289
v -0.228084 0.381887 0.233971
v -0.219856 0.381887 0.214107
v -0.231572 0.381887 0.231640
v -0.223970 0.381887 0.234789
v -0.228330 0.369732 0.213514
v -0.223970 0.369732 0.235431
v -0.219611 0.369732 0.234564
v -0.223970 0.369732 0.212647
v -0.228330 0.369732 0.234564
v -0.219611 0.369732 0.213514
v -0.232026 0.369732 0.232094
v -0.215915 0.369732 0.215983
v -0.234495 0.369732 0.228398
v -0.213445 0.369732 0.219679
v -0.235362 0.369732 0.224039
v -0.212578 0.369732 0.224039
v -0.234495 0.369732 0.219679
v -0.213445 0.369732 0.228398
v -0.232026 0.369732 0.215983
v -0.215915 0.369732 0.232094
v -0.215376 0.372552 0.215445
v -0.235199 0.372552 0.228690
v -0.212741 0.372552 0.219388
v -0.236124 0.372552 0.224039
v -0.211816 0.372552 0.224039
v -0.235199 0.372552 0.219388
v -0.212741 0.372552 0.228690
v -0.232564 0.372552 0.215445
v -0.215376 0.372552 0.232633
v -0.228621 0.372552 0.212810
v -0.219319 0.372552 0.235268
v -0.223970 0.372552 0.211885
v -0.228621 0.372552 0.235268
v -0.219319 0.372552 0.212810
v -0.232564 0.372552 0.232633
v -0.223970 0.372552 0.236193
v -0.218505 0.374203 0.210844
v -0.218628 0.375790 0.211141
v -0.234069 0.374203 0.234138
v -0.233842 0.375790 0.233910
v -0.223970 0.374203 0.238321
v -0.223970 0.375790 0.237999
v -0.214099 0.375790 0.214167
v -0.213871 0.374203 0.213940
v -0.236868 0.375790 0.229381
v -0.237165 0.374203 0.229504
v -0.211073 0.375790 0.218696
v -0.210775 0.374203 0.218573
v -0.237930 0.375790 0.224039
v -0.238253 0.374203 0.224039
v -0.210010 0.375790 0.224039
v -0.209688 0.374203 0.224039
v -0.236868 0.375790 0.218696
v -0.237165 0.374203 0.218573
v -0.211073 0.375790 0.229381
v -0.210775 0.374203 0.229504
v -0.233842 0.375790 0.214167
v -0.234069 0.374203 0.213940
v -0.214099 0.375790 0.233910
v -0.213871 0.374203 0.234138
v -0.229313 0.375790 0.211141
v -0.229436 0.374203 0.210844
v -0.218628 0.375790 0.236936
v -0.218505 0.374203 0.237234
v -0.223970 0.375790 0.210079
v -0.223970 0.374203 0.209756
v -0.229313 0.375790 0.236936
v -0.229436 0.374203 0.237234
v -0.214184 0.373108 0.214252
v -0.236757 0.373108 0.229335
v -0.211184 0.373108 0.218742
v -0.237810 0.373108 0.224039
v -0.210130 0.373108 0.224039
v -0.236757 0.373108 0.218742
v -0.211184 0.373108 0.229335
v -0.233757 0.373108 0.214252
v -0.214184 0.373108 0.233825
v -0.229267 0.373108 0.211252
v -0.218674 0.373108 0.236825
v -0.223970 0.373108 0.210199
v -0.229267 0.373108 0.236825
v -0.218674 0.373108 0.211252
v -0.233757 0.373108 0.233825
v -0.223970 0.373108 0.237879
v -0.223970 0.166398 0.206772
v -0.230578 0.166398 0.239991
v -0.217362 0.166398 0.208086
v -0.236180 0.166398 0.236248
v -0.211761 0.166398 0.211829
v -0.239923 0.166398 0.230647
v -0.208017 0.166398 0.217431
v -0.241237 0.166398 0.224039
v -0.206703 0.166398 0.224039
v -0.239923 0.166398 0.217431
v -0.208017 0.166398 0.230647
v -0.236180 0.166398 0.211829
v -0.211761 0.166398 0.236248
v -0.230578 0.166398 0.208086
v -0.223970 0.166398 0.241306
v -0.217362 0.166398 0.239991
v -0.223970 0.165455 0.205156
v -0.231196 0.165455 0.241484
v -0.216744 0.165455 0.206593
v -0.237322 0.165455 0.237391
v -0.210618 0.165455 0.210686
v -0.241416 0.165455 0.231265
v -0.206525 0.165455 0.216813
v -0.242853 0.165455 0.224039
v -0.205087 0.165455 0.224039
v -0.241416 0.165455 0.216813
v -0.206525 0.165455 0.231265
v -0.237322 0.165455 0.210686
v -0.210618 0.165455 0.237391
v -0.231196 0.165455 0.206593
v -0.223970 0.165455 0.242922
v -0.216744 0.165455 0.241484
v -0.223970 0.142138 0.204986
v -0.231262 0.142138 0.241641
v -0.216679 0.142138 0.206436
v -0.237443 0.142138 0.237511
v -0.210498 0.142138 0.210566
v -0.241573 0.142138 0.231330
v -0.206368 0.142138 0.216747
v -0.243023 0.142138 0.224039
v -0.204917 0.142138 0.224039
v -0.241573 0.142138 0.216747
v -0.206368 0.142138 0.231330
v -0.237443 0.142138 0.210566
v -0.210498 0.142138 0.237511
v -0.231262 0.142138 0.206436
v -0.223970 0.142138 0.243092
v -0.216679 0.142138 0.241641
v -0.223970 0.130840 0.204903
v -0.231293 0.130840 0.241718
v -0.216647 0.130840 0.206360
v -0.237501 0.130840 0.237570
v -0.210439 0.130840 0.210508
v -0.241649 0.130840 0.231362
v -0.206291 0.130840 0.216716
v -0.243106 0.130840 0.224039
v -0.204835 0.130840 0.224039
v -0.241649 0.130840 0.216716
v -0.206291 0.130840 0.231362
v -0.237501 0.130840 0.210508
v -0.210439 0.130840 0.237570
v -0.231293 0.130840 0.206360
v -0.223970 0.130840 0.243174
v -0.216647 0.130840 0.241718
v -0.233214 0.131684 0.201722
v -0.233201 0.141294 0.201754
v -0.223970 0.131684 0.248194
v -0.223970 0.141294 0.248160
v -0.214726 0.131684 0.246356
v -0.214740 0.141294 0.246324
v -0.223970 0.141294 0.199918
v -0.223970 0.131684 0.199883
v -0.233201 0.141294 0.246324
v -0.233214 0.131684 0.246356
v -0.214740 0.141294 0.201754
v -0.214726 0.131684 0.201722
v -0.241026 0.141294 0.241095
v -0.241051 0.131684 0.241119
v -0.206914 0.141294 0.206983
v -0.206890 0.131684 0.206958
v -0.246255 0.141294 0.233269
v -0.246287 0.131684 0.233283
v -0.201685 0.141294 0.214808
v -0.201653 0.131684 0.214795
v -0.248091 0.141294 0.224039
v -0.248126 0.131684 0.224039
v -0.199849 0.141294 0.224039
v -0.199815 0.131684 0.224039
v -0.246255 0.141294 0.214808
v -0.246287 0.131684 0.214795
v -0.201685 0.141294 0.233269
v -0.201653 0.131684 0.233283
v -0.241026 0.141294 0.206983
v -0.241051 0.131684 0.206958
v -0.206914 0.141294 0.241095
v -0.206890 0.131684 0.241119
v -0.223970 0.049707 0.247652
v -0.233007 0.049707 0.245855
v -0.240667 0.049707 0.240736
v -0.245786 0.049707 0.233075
v -0.247583 0.049707 0.224039
v -0.245786 0.049707 0.215002
v -0.240667 0.049707 0.207342
v -0.233007 0.049707 0.202223
v -0.223970 0.049707 0.200425
v -0.214934 0.049707 0.202223
v -0.207273 0.049707 0.207342
v -0.202154 0.049707 0.215002
v -0.200357 0.049707 0.224039
v -0.202154 0.049707 0.233075
v -0.207273 0.049707 0.240736
v -0.214934 0.049707 0.245855
v -0.223970 0.045129 0.241350
v -0.230595 0.045129 0.240033
v -0.236211 0.045129 0.236280
v -0.239964 0.045129 0.230664
v -0.241282 0.045129 0.224039
v -0.239964 0.045129 0.217414
v -0.236211 0.045129 0.211798
v -0.230595 0.045129 0.208045
v -0.223970 0.045129 0.206727
v -0.217345 0.045129 0.208045
v -0.211729 0.045129 0.211798
v -0.207976 0.045129 0.217414
v -0.206659 0.045129 0.224039
v -0.207976 0.045129 0.230664
v -0.211729 0.045129 0.236280
v -0.217345 0.045129 0.240033
v -0.223970 0.032433 0.242970
v -0.231215 0.032433 0.241529
v -0.237356 0.032433 0.237425
v -0.241460 0.032433 0.231283
v -0.242901 0.032433 0.224039
v -0.241460 0.032433 0.216794
v -0.237356 0.032433 0.210653
v -0.231215 0.032433 0.206549
v -0.223970 0.032433 0.205108
v -0.216726 0.032433 0.206549
v -0.210584 0.032433 0.210653
v -0.206480 0.032433 0.216794
v -0.205039 0.032433 0.224039
v -0.206480 0.032433 0.231283
v -0.210584 0.032433 0.237425
v -0.216726 0.032433 0.241529
v -0.205193 0.033637 0.224039
v -0.206622 0.033637 0.216853
v -0.241318 0.033637 0.216853
v -0.242748 0.033637 0.224039
v -0.206622 0.033637 0.231225
v -0.237248 0.033637 0.210761
v -0.210693 0.033637 0.237316
v -0.231156 0.033637 0.206691
v -0.216784 0.033637 0.241387
v -0.223970 0.033637 0.205261
v -0.231156 0.033637 0.241387
v -0.223970 0.033637 0.242816
v -0.216784 0.033637 0.206691
v -0.237248 0.033637 0.237316
v -0.210693 0.033637 0.210761
v -0.241318 0.033637 0.231225
v -0.210564 0.039383 0.218486
v -0.238481 0.039383 0.224039
v -0.223970 0.039383 0.238549
v -0.209460 0.039383 0.224039
v -0.237376 0.039383 0.218486
v -0.210564 0.039383 0.229592
v -0.234231 0.039383 0.213778
v -0.213710 0.039383 0.234299
v -0.229523 0.039383 0.210633
v -0.218417 0.039383 0.237445
v -0.223970 0.039383 0.209528
v -0.229523 0.039383 0.237445
v -0.218417 0.039383 0.210633
v -0.234231 0.039383 0.234299
v -0.213710 0.039383 0.213778
v -0.237376 0.039383 0.229592
v -0.210454 0.042747 0.218440
v -0.238600 0.042747 0.224039
v -0.223970 0.042747 0.238668
v -0.209341 0.042747 0.224039
v -0.237486 0.042747 0.218440
v -0.210454 0.042747 0.229637
v -0.234315 0.042747 0.213694
v -0.213626 0.042747 0.234383
v -0.229569 0.042747 0.210523
v -0.218372 0.042747 0.237555
v -0.223970 0.042747 0.209409
v -0.229569 0.042747 0.237555
v -0.218372 0.042747 0.210523
v -0.234315 0.042747 0.234383
v -0.213626 0.042747 0.213694
v -0.237486 0.042747 0.229637
v -0.208344 0.035858 0.224039
v -0.238407 0.035858 0.218059
v -0.209533 0.035858 0.230019
v -0.235020 0.035858 0.212989
v -0.212921 0.035858 0.235088
v -0.229950 0.035858 0.209602
v -0.217990 0.035858 0.238475
v -0.223970 0.035858 0.208413
v -0.229950 0.035858 0.238475
v -0.217990 0.035858 0.209602
v -0.235020 0.035858 0.235088
v -0.212921 0.035858 0.212989
v -0.238407 0.035858 0.230019
v -0.209533 0.035858 0.218059
v -0.239596 0.035858 0.224039
v -0.223970 0.035858 0.239665
v -0.223970 0.000000 0.239893
v -0.230037 0.000000 0.238686
v -0.235181 0.000000 0.235250
v -0.238618 0.000000 0.230106
v -0.239825 0.000000 0.224039
v -0.238618 0.000000 0.217972
v -0.235181 0.000000 0.212828
v -0.230037 0.000000 0.209391
v -0.223970 0.000000 0.208184
v -0.217903 0.000000 0.209391
v -0.212759 0.000000 0.212828
v -0.209323 0.000000 0.217972
v -0.208116 0.000000 0.224039
v -0.209323 0.000000 0.230106
v -0.212759 0.000000 0.235250
v -0.217903 0.000000 0.238686
v -0.236565 0.024145 0.193632
v -0.236124 0.006862 0.194696
v -0.246428 0.006862 0.201581
v -0.247243 0.024145 0.200766
v -0.211375 0.024145 0.254446
v -0.211816 0.006862 0.253381
v -0.201512 0.006862 0.246497
v -0.200698 0.024145 0.247311
v -0.223970 0.024145 0.191126
v -0.223970 0.006862 0.192279
v -0.236565 0.024145 0.254446
v -0.236124 0.006862 0.253381
v -0.223970 0.006862 0.255799
v -0.223970 0.024145 0.256951
v -0.211375 0.024145 0.193632
v -0.211816 0.006862 0.194696
v -0.247243 0.024145 0.247311
v -0.246428 0.006862 0.246497
v -0.200698 0.024145 0.200766
v -0.201512 0.006862 0.201581
v -0.254377 0.024145 0.236634
v -0.253313 0.006862 0.236193
v -0.193563 0.024145 0.211444
v -0.194628 0.006862 0.211885
v -0.256883 0.024145 0.224039
v -0.255730 0.006862 0.224039
v -0.191058 0.024145 0.224039
v -0.192210 0.006862 0.224039
v -0.254377 0.024145 0.211444
v -0.253313 0.006862 0.211885
v -0.193563 0.024145 0.236634
v -0.194628 0.006862 0.236193
v -0.237316 0.018384 0.191820
v -0.237158 0.012623 0.192201
v -0.248338 0.012623 0.199671
v -0.248629 0.018384 0.199380
v -0.210625 0.018384 0.256257
v -0.210783 0.012623 0.255877
v -0.199603 0.012623 0.248406
v -0.199311 0.018384 0.248698
v -0.223970 0.018384 0.189166
v -0.223970 0.012623 0.189578
v -0.237316 0.018384 0.256257
v -0.237158 0.012623 0.255877
v -0.223970 0.012623 0.258500
v -0.223970 0.018384 0.258912
v -0.210625 0.018384 0.191820
v -0.210783 0.012623 0.192201
v -0.248629 0.018384 0.248698
v -0.248338 0.012623 0.248406
v -0.199311 0.018384 0.199380
v -0.199603 0.012623 0.199671
v -0.256189 0.018384 0.237384
v -0.255808 0.012623 0.237226
v -0.191752 0.018384 0.210693
v -0.192132 0.012623 0.210851
v -0.258843 0.018384 0.224039
v -0.258431 0.012623 0.224039
v -0.189097 0.018384 0.224039
v -0.189509 0.012623 0.224039
v -0.256189 0.018384 0.210693
v -0.255808 0.012623 0.210851
v -0.191752 0.018384 0.237384
v -0.192132 0.012623 0.237226
v -0.243834 0.028565 0.204175
v -0.204107 0.028565 0.243902
v -0.223970 0.028565 0.252130
v -0.234720 0.028565 0.198086
v -0.213220 0.028565 0.249992
v -0.223970 0.028565 0.195948
v -0.234720 0.028565 0.249992
v -0.213220 0.028565 0.198086
v -0.243834 0.028565 0.243902
v -0.204107 0.028565 0.204175
v -0.249923 0.028565 0.234789
v -0.198017 0.028565 0.213289
v -0.252061 0.028565 0.224039
v -0.195879 0.028565 0.224039
v -0.249923 0.028565 0.213289
v -0.198017 0.028565 0.234789
v -0.233674 0.002339 0.200612
v -0.214266 0.002339 0.247466
v -0.223970 0.002339 0.198682
v -0.233674 0.002339 0.247466
v -0.214267 0.002339 0.200612
v -0.241900 0.002339 0.241969
v -0.206040 0.002339 0.206109
v -0.247397 0.002339 0.233742
v -0.200543 0.002339 0.214335
v -0.249327 0.002339 0.224039
v -0.198613 0.002339 0.224039
v -0.247397 0.002339 0.214335
v -0.200543 0.002339 0.233742
v -0.241900 0.002339 0.206109
v -0.206040 0.002339 0.241969
v -0.223970 0.002339 0.249396
v -0.231550 0.398545 0.242339
v -0.223970 0.398545 0.243846
v -0.237976 0.398545 0.238045
v -0.242270 0.398545 0.231619
v -0.243778 0.398545 0.224039
v -0.242270 0.398545 0.216459
v -0.237976 0.398545 0.210033
v -0.231550 0.398545 0.205739
v -0.223970 0.398545 0.204231
v -0.216390 0.398545 0.205739
v -0.209964 0.398545 0.210033
v -0.205670 0.398545 0.216459
v -0.204163 0.398545 0.224039
v -0.205670 0.398545 0.231619
v -0.209964 0.398545 0.238045
v -0.216390 0.398545 0.242339
v -0.231550 0.408282 0.242339
v -0.223970 0.408282 0.243846
v -0.237976 0.408282 0.238045
v -0.242270 0.408282 0.231619
v -0.243778 0.408282 0.224039
v -0.242270 0.408282 0.216459
v -0.237976 0.408282 0.210033
v -0.231550 0.408282 0.205739
v -0.223970 0.408282 0.204231
v -0.216390 0.408282 0.205739
v -0.209964 0.408282 0.210033
v -0.205670 0.408282 0.216459
v -0.204163 0.408282 0.224039
v -0.205670 0.408282 0.231619
v -0.209964 0.408282 0.238045
v -0.216390 0.408282 0.242339
v -0.215530 0.376914 0.215599
v -0.216306 0.378704 0.216375
v -0.234998 0.376914 0.228606
v -0.233984 0.378704 0.228187
v -0.212943 0.376914 0.219471
v -0.213957 0.378704 0.219891
v -0.235906 0.376914 0.224039
v -0.234809 0.378704 0.224039
v -0.212034 0.376914 0.224039
v -0.213132 0.378704 0.224039
v -0.234998 0.376914 0.219471
v -0.233984 0.378704 0.219891
v -0.212943 0.376914 0.228606
v -0.213957 0.378704 0.228187
v -0.232410 0.376914 0.215599
v -0.231634 0.378704 0.216375
v -0.215530 0.376914 0.232479
v -0.216306 0.378704 0.231703
v -0.228538 0.376914 0.213011
v -0.228118 0.378704 0.214025
v -0.219402 0.376914 0.235066
v -0.219822 0.378704 0.234052
v -0.223970 0.376914 0.212103
v -0.223970 0.378704 0.213200
v -0.228538 0.376914 0.235066
v -0.228118 0.378704 0.234052
v -0.219822 0.378704 0.214025
v -0.219402 0.376914 0.213011
v -0.231634 0.378704 0.231703
v -0.232410 0.376914 0.232479
v -0.223970 0.378704 0.234877
v -0.223970 0.376914 0.235975
v -0.231897 0.000000 0.232351
v -0.223970 0.000000 0.233140
v -0.216043 0.000000 0.232351
v -0.232551 0.000000 0.224039
v -0.223970 0.000000 0.224039
v -0.215390 0.000000 0.224039
v -0.231897 0.000000 0.215726
v -0.223970 0.000000 0.214938
v -0.216043 0.000000 0.215726
v -0.241350 0.047245 -0.223970
v -0.247652 0.090504 -0.223970
v -0.240032 0.047245 -0.230595
v -0.245855 0.090504 -0.233007
v -0.236280 0.047245 -0.236211
v -0.240736 0.090504 -0.240667
v -0.230664 0.047245 -0.239964
v -0.233075 0.090504 -0.245786
v -0.224039 0.047245 -0.241282
v -0.224039 0.090504 -0.247584
v -0.217414 0.047245 -0.239964
v -0.215002 0.090504 -0.245786
v -0.211798 0.047245 -0.236211
v -0.207342 0.090504 -0.240667
v -0.208045 0.047245 -0.230595
v -0.202223 0.090504 -0.233007
v -0.206727 0.047245 -0.223970
v -0.200425 0.090504 -0.223970
v -0.208045 0.047245 -0.217345
v -0.202223 0.090504 -0.214934
v -0.211798 0.047245 -0.211729
v -0.207342 0.090504 -0.207273
v -0.217414 0.047245 -0.207976
v -0.215002 0.090504 -0.202154
v -0.224039 0.047245 -0.206659
v -0.224039 0.090504 -0.200357
v -0.230664 0.047245 -0.207976
v -0.233075 0.090504 -0.202154
v -0.236280 0.047245 -0.211729
v -0.240736 0.090504 -0.207273
v -0.240032 0.047245 -0.217345
v -0.245855 0.090504 -0.214934
v -0.241956 0.095418 -0.231392
v -0.243432 0.095418 -0.223970
v -0.237752 0.095418 -0.237684
v -0.231460 0.095418 -0.241888
v -0.224039 0.095418 -0.243364
v -0.216617 0.095418 -0.241888
v -0.210325 0.095418 -0.237684
v -0.206121 0.095418 -0.231392
v -0.204645 0.095418 -0.223970
v -0.206121 0.095418 -0.216549
v -0.210325 0.095418 -0.210257
v -0.216617 0.095418 -0.206053
v -0.224039 0.095418 -0.204576
v -0.231460 0.095418 -0.206053
v -0.237752 0.095418 -0.210257
v -0.241956 0.095418 -0.216549
v -0.235579 0.370670 -0.228750
v -0.236530 0.370670 -0.223970
v -0.232871 0.370670 -0.232803
v -0.228819 0.370670 -0.235511
v -0.224039 0.370670 -0.236462
v -0.219258 0.370670 -0.235511
v -0.215206 0.370670 -0.232803
v -0.212498 0.370670 -0.228750
v -0.211547 0.370670 -0.223970
v -0.212498 0.370670 -0.219190
v -0.215206 0.370670 -0.215138
v -0.219258 0.370670 -0.212430
v -0.224039 0.370670 -0.211479
v -0.228819 0.370670 -0.212430
v -0.232871 0.370670 -0.215138
v -0.235579 0.370670 -0.219190
v -0.236184 0.389963 -0.229001
v -0.237185 0.389963 -0.223970
v -0.233334 0.389963 -0.233266
v -0.229069 0.389963 -0.236116
v -0.224039 0.389963 -0.237116
v -0.219008 0.389963 -0.236116
v -0.214743 0.389963 -0.233266
v -0.211893 0.389963 -0.229001
v -0.210893 0.389963 -0.223970
v -0.211893 0.389963 -0.218940
v -0.214743 0.389963 -0.214675
v -0.219008 0.389963 -0.211825
v -0.224039 0.389963 -0.210824
v -0.229069 0.389963 -0.211825
v -0.233334 0.389963 -0.214675
v -0.236184 0.389963 -0.218940
v -0.241021 0.398545 -0.231004
v -0.242420 0.398545 -0.223970
v -0.237036 0.398545 -0.236968
v -0.231073 0.398545 -0.240952
v -0.224039 0.398545 -0.242351
v -0.217005 0.398545 -0.240952
v -0.211041 0.398545 -0.236968
v -0.207057 0.398545 -0.231004
v -0.205658 0.398545 -0.223970
v -0.207057 0.398545 -0.216936
v -0.211041 0.398545 -0.210973
v -0.217005 0.398545 -0.206988
v -0.224039 0.398545 -0.205589
v -0.231073 0.398545 -0.206988
v -0.237036 0.398545 -0.210973
v -0.241021 0.398545 -0.216936
v -0.235450 0.392154 -0.212559
v -0.236636 0.395314 -0.211373
v -0.240498 0.395314 -0.217153
v -0.238949 0.392154 -0.217794
v -0.209129 0.392154 -0.230146
v -0.207579 0.395314 -0.230788
v -0.206223 0.395314 -0.223970
v -0.207900 0.392154 -0.223970
v -0.240177 0.392154 -0.223970
v -0.241854 0.395314 -0.223970
v -0.240498 0.395314 -0.230788
v -0.238949 0.392154 -0.230146
v -0.207579 0.395314 -0.217153
v -0.209129 0.392154 -0.217794
v -0.236636 0.395314 -0.236568
v -0.235450 0.392154 -0.235382
v -0.211441 0.395314 -0.211373
v -0.212627 0.392154 -0.212559
v -0.230856 0.395314 -0.240430
v -0.230215 0.392154 -0.238880
v -0.217221 0.395314 -0.207511
v -0.217863 0.392154 -0.209060
v -0.224039 0.395314 -0.241786
v -0.224039 0.392154 -0.240109
v -0.224039 0.395314 -0.206155
v -0.224039 0.392154 -0.207832
v -0.217221 0.395314 -0.240430
v -0.217863 0.392154 -0.238880
v -0.230856 0.395314 -0.207511
v -0.230215 0.392154 -0.209060
v -0.211441 0.395314 -0.236568
v -0.212627 0.392154 -0.235382
v -0.213779 0.386142 -0.219720
v -0.216186 0.386142 -0.216118
v -0.231891 0.386142 -0.231823
v -0.228289 0.386142 -0.234230
v -0.219789 0.386142 -0.213710
v -0.224039 0.386142 -0.235076
v -0.224039 0.386142 -0.212865
v -0.219789 0.386142 -0.234230
v -0.228289 0.386142 -0.213710
v -0.216186 0.386142 -0.231823
v -0.231891 0.386142 -0.216118
v -0.213779 0.386142 -0.228220
v -0.234299 0.386142 -0.219720
v -0.212933 0.386142 -0.223970
v -0.235144 0.386142 -0.223970
v -0.234299 0.386142 -0.228220
v -0.211469 0.388556 -0.218764
v -0.233659 0.388556 -0.233591
v -0.237644 0.388556 -0.223970
v -0.214418 0.388556 -0.214350
v -0.229245 0.388556 -0.236540
v -0.218832 0.388556 -0.211400
v -0.224039 0.388556 -0.237576
v -0.224039 0.388556 -0.210365
v -0.218832 0.388556 -0.236540
v -0.229245 0.388556 -0.211400
v -0.214418 0.388556 -0.233591
v -0.233659 0.388556 -0.214350
v -0.211469 0.388556 -0.229177
v -0.236609 0.388556 -0.218764
v -0.210433 0.388556 -0.223970
v -0.236609 0.388556 -0.229177
v -0.216437 0.381887 -0.216369
v -0.228153 0.381887 -0.233902
v -0.219925 0.381887 -0.214038
v -0.224039 0.381887 -0.234720
v -0.224039 0.381887 -0.213220
v -0.219925 0.381887 -0.233902
v -0.228153 0.381887 -0.214038
v -0.216437 0.381887 -0.231572
v -0.231640 0.381887 -0.216369
v -0.214107 0.381887 -0.228084
v -0.233971 0.381887 -0.219856
v -0.213288 0.381887 -0.223970
v -0.233971 0.381887 -0.228084
v -0.214107 0.381887 -0.219856
v -0.231640 0.381887 -0.231572
v -0.234789 0.381887 -0.223970
v -0.213514 0.369732 -0.228330
v -0.235431 0.369732 -0.223970
v -0.234564 0.369732 -0.219611
v -0.212647 0.369732 -0.223970
v -0.234564 0.369732 -0.228330
v -0.213514 0.369732 -0.219611
v -0.232094 0.369732 -0.232026
v -0.215983 0.369732 -0.215915
v -0.228398 0.369732 -0.234495
v -0.219679 0.369732 -0.213445
v -0.224039 0.369732 -0.235362
v -0.224039 0.369732 -0.212578
v -0.219679 0.369732 -0.234495
v -0.228398 0.369732 -0.213445
v -0.215983 0.369732 -0.232026
v -0.232094 0.369732 -0.215915
v -0.215445 0.372552 -0.215376
v -0.228690 0.372552 -0.235199
v -0.219388 0.372552 -0.212741
v -0.224039 0.372552 -0.236124
v -0.224039 0.372552 -0.211816
v -0.219388 0.372552 -0.235199
v -0.228690 0.372552 -0.212741
v -0.215445 0.372552 -0.232564
v -0.232633 0.372552 -0.215376
v -0.212810 0.372552 -0.228621
v -0.235268 0.372552 -0.219319
v -0.211885 0.372552 -0.223970
v -0.235268 0.372552 -0.228621
v -0.212810 0.372552 -0.219319
v -0.232633 0.372552 -0.232564
v -0.236193 0.372552 -0.223970
v -0.210843 0.374203 -0.218505
v -0.211141 0.375790 -0.218628
v -0.234138 0.374203 -0.234069
v -0.233910 0.375790 -0.233842
v -0.238321 0.374203 -0.223970
v -0.237999 0.375790 -0.223970
v -0.214167 0.375790 -0.214099
v -0.213940 0.374203 -0.213871
v -0.229381 0.375790 -0.236868
v -0.229504 0.374203 -0.237166
v -0.218696 0.375790 -0.211073
v -0.218573 0.374203 -0.210775
v -0.224039 0.375790 -0.237930
v -0.224039 0.374203 -0.238253
v -0.224039 0.375790 -0.210010
v -0.224039 0.374203 -0.209688
v -0.218696 0.375790 -0.236868
v -0.218573 0.374203 -0.237166
v -0.229381 0.375790 -0.211073
v -0.229504 0.374203 -0.210775
v -0.214167 0.375790 -0.233842
v -0.213940 0.374203 -0.234069
v -0.233910 0.375790 -0.214099
v -0.234138 0.374203 -0.213871
v -0.211141 0.375790 -0.229313
v -0.210843 0.374203 -0.229436
v -0.236936 0.375790 -0.218628
v -0.237234 0.374203 -0.218505
v -0.210079 0.375790 -0.223970
v -0.209756 0.374203 -0.223970
v -0.236936 0.375790 -0.229313
v -0.237234 0.374203 -0.229436
v -0.214252 0.373108 -0.214184
v -0.229335 0.373108 -0.236757
v -0.218742 0.373108 -0.211184
v -0.224039 0.373108 -0.237810
v -0.224039 0.373108 -0.210130
v -0.218742 0.373108 -0.236757
v -0.229335 0.373108 -0.211184
v -0.214252 0.373108 -0.233757
v -0.233825 0.373108 -0.214184
v -0.211252 0.373108 -0.229267
v -0.236825 0.373108 -0.218674
v -0.210199 0.373108 -0.223970
v -0.236825 0.373108 -0.229267
v -0.211252 0.373108 -0.218674
v -0.233825 0.373108 -0.233757
v -0.237879 0.373108 -0.223970
v -0.206772 0.166398 -0.223970
v -0.239991 0.166398 -0.230578
v -0.208086 0.166398 -0.217362
v -0.236248 0.166398 -0.236180
v -0.211829 0.166398 -0.211761
v -0.230647 0.166398 -0.239923
v -0.217431 0.166398 -0.208018
v -0.224039 0.166398 -0.241237
v -0.224039 0.166398 -0.206703
v -0.217431 0.166398 -0.239923
v -0.230647 0.166398 -0.208018
v -0.211829 0.166398 -0.236180
v -0.236248 0.166398 -0.211761
v -0.208086 0.166398 -0.230578
v -0.241306 0.166398 -0.223970
v -0.239991 0.166398 -0.217362
v -0.205156 0.165455 -0.223970
v -0.241484 0.165455 -0.231196
v -0.206593 0.165455 -0.216744
v -0.237391 0.165455 -0.237323
v -0.210686 0.165455 -0.210618
v -0.231265 0.165455 -0.241416
v -0.216813 0.165455 -0.206525
v -0.224039 0.165455 -0.242853
v -0.224039 0.165455 -0.205087
v -0.216813 0.165455 -0.241416
v -0.231265 0.165455 -0.206525
v -0.210686 0.165455 -0.237323
v -0.237391 0.165455 -0.210618
v -0.206593 0.165455 -0.231196
v -0.242922 0.165455 -0.223970
v -0.241484 0.165455 -0.216744
v -0.204986 0.142138 -0.223970
v -0.241641 0.142138 -0.231262
v -0.206436 0.142138 -0.216679
v -0.237511 0.142138 -0.237443
v -0.210566 0.142138 -0.210498
v -0.231330 0.142138 -0.241573
v -0.216747 0.142138 -0.206368
v -0.224039 0.142138 -0.243023
v -0.224039 0.142138 -0.204917
v -0.216747 0.142138 -0.241573
v -0.231330 0.142138 -0.206368
v -0.210566 0.142138 -0.237443
v -0.237511 0.142138 -0.210498
v -0.206436 0.142138 -0.231262
v -0.243092 0.142138 -0.223970
v -0.241641 0.142138 -0.216679
v -0.204903 0.130840 -0.223970
v -0.241718 0.130840 -0.231293
v -0.206360 0.130840 -0.216647
v -0.237570 0.130840 -0.237501
v -0.210508 0.130840 -0.210439
v -0.231362 0.130840 -0.241649
v -0.216716 0.130840 -0.206291
v -0.224039 0.130840 -0.243106
v -0.224039 0.130840 -0.204835
v -0.216716 0.130840 -0.241649
v -0.231362 0.130840 -0.206291
v -0.210508 0.130840 -0.237501
v -0.237570 0.130840 -0.210439
v -0.206360 0.130840 -0.231293
v -0.243174 0.130840 -0.223970
v -0.241718 0.130840 -0.216647
v -0.201722 0.131684 -0.233214
v -0.201754 0.141294 -0.233201
v -0.248194 0.131684 -0.223970
v -0.248160 0.141294 -0.223970
v -0.246356 0.131684 -0.214726
v -0.246324 0.141294 -0.214740
v -0.199918 0.141294 -0.223970
v -0.199883 0.131684 -0.223970
v -0.246324 0.141294 -0.233201
v -0.246356 0.131684 -0.233214
v -0.201754 0.141294 -0.214740
v -0.201722 0.131684 -0.214726
v -0.241095 0.141294 -0.241026
v -0.241119 0.131684 -0.241051
v -0.206983 0.141294 -0.206914
v -0.206958 0.131684 -0.206890
v -0.233269 0.141294 -0.246255
v -0.233283 0.131684 -0.246287
v -0.214808 0.141294 -0.201685
v -0.214795 0.131684 -0.201653
v -0.224039 0.141294 -0.248091
v -0.224039 0.131684 -0.248126
v -0.224039 0.141294 -0.199849
v -0.224039 0.131684 -0.199815
v -0.214808 0.141294 -0.246255
v -0.214795 0.131684 -0.246287
v -0.233269 0.141294 -0.201685
v -0.233283 0.131684 -0.201653
v -0.206983 0.141294 -0.241026
v -0.206958 0.131684 -0.241051
v -0.241095 0.141294 -0.206914
v -0.241119 0.131684 -0.206890
v -0.247652 0.049707 -0.223970
v -0.245855 0.049707 -0.233007
v -0.240736 0.049707 -0.240667
v -0.233075 0.049707 -0.245786
v -0.224039 0.049707 -0.247584
v -0.215002 0.049707 -0.245786
v -0.207342 0.049707 -0.240667
v -0.202223 0.049707 -0.233007
v -0.200425 0.049707 -0.223970
v -0.202223 0.049707 -0.214934
v -0.207342 0.049707 -0.207273
v -0.215002 0.049707 -0.202154
v -0.224039 0.049707 -0.200357
v -0.233075 0.049707 -0.202154
v -0.240736 0.049707 -0.207273
v -0.245855 0.049707 -0.214934
v -0.241350 0.045129 -0.223970
v -0.240032 0.045129 -0.230595
v -0.236280 0.045129 -0.236211
v -0.230664 0.045129 -0.239964
v -0.224039 0.045129 -0.241282
v -0.217414 0.045129 -0.239964
v -0.211798 0.045129 -0.236211
v -0.208045 0.045129 -0.230595
v -0.206727 0.045129 -0.223970
v -0.208045 0.045129 -0.217345
v -0.211798 0.045129 -0.211729
v -0.217414 0.045129 -0.207976
v -0.224039 0.045129 -0.206659
v -0.230664 0.045129 -0.207976
v -0.236280 0.045129 -0.211729
v -0.240032 0.045129 -0.217345
v -0.242970 0.032433 -0.223970
v -0.241529 0.032433 -0.231215
v -0.237425 0.032433 -0.237356
v -0.231283 0.032433 -0.241460
v -0.224039 0.032433 -0.242901
v -0.216794 0.032433 -0.241460
v -0.210653 0.032433 -0.237356
v -0.206549 0.032433 -0.231215
v -0.205108 0.032433 -0.223970
v -0.206549 0.032433 -0.216726
v -0.210653 0.032433 -0.210584
v -0.216794 0.032433 -0.206480
v -0.224039 0.032433 -0.205039
v -0.231283 0.032433 -0.206480
v -0.237425 0.032433 -0.210584
v -0.241529 0.032433 -0.216726
v -0.224039 0.033637 -0.205193
v -0.216853 0.033637 -0.206622
v -0.216853 0.033637 -0.241318
v -0.224039 0.033637 -0.242748
v -0.231224 0.033637 -0.206622
v -0.210761 0.033637 -0.237248
v -0.237316 0.033637 -0.210693
v -0.206691 0.033637 -0.231156
v -0.241387 0.033637 -0.216784
v -0.205261 0.033637 -0.223970
v -0.241387 0.033637 -0.231156
v -0.242816 0.033637 -0.223970
v -0.206691 0.033637 -0.216784
v -0.237316 0.033637 -0.237248
v -0.210761 0.033637 -0.210693
v -0.231224 0.033637 -0.241318
v -0.218486 0.039383 -0.210564
v -0.224039 0.039383 -0.238481
v -0.238549 0.039383 -0.223970
v -0.224039 0.039383 -0.209460
v -0.218486 0.039383 -0.237376
v -0.229592 0.039383 -0.210564
v -0.213778 0.039383 -0.234231
v -0.234299 0.039383 -0.213710
v -0.210633 0.039383 -0.229523
v -0.237444 0.039383 -0.218417
v -0.209528 0.039383 -0.223970
v -0.237444 0.039383 -0.229523
v -0.210633 0.039383 -0.218417
v -0.234299 0.039383 -0.234231
v -0.213778 0.039383 -0.213710
v -0.229592 0.039383 -0.237376
v -0.218440 0.042747 -0.210454
v -0.224039 0.042747 -0.238600
v -0.238668 0.042747 -0.223970
v -0.224039 0.042747 -0.209341
v -0.218440 0.042747 -0.237486
v -0.229637 0.042747 -0.210454
v -0.213694 0.042747 -0.234315
v -0.234383 0.042747 -0.213626
v -0.210523 0.042747 -0.229569
v -0.237555 0.042747 -0.218372
v -0.209409 0.042747 -0.223970
v -0.237555 0.042747 -0.229569
v -0.210523 0.042747 -0.218372
v -0.234383 0.042747 -0.234315
v -0.213694 0.042747 -0.213626
v -0.229637 0.042747 -0.237486
v -0.224039 0.035858 -0.208344
v -0.218059 0.035858 -0.238407
v -0.230019 0.035858 -0.209534
v -0.212989 0.035858 -0.235020
v -0.235088 0.035858 -0.212921
v -0.209602 0.035858 -0.229950
v -0.238475 0.035858 -0.217990
v -0.208413 0.035858 -0.223970
v -0.238475 0.035858 -0.229950
v -0.209602 0.035858 -0.217990
v -0.235088 0.035858 -0.235020
v -0.212989 0.035858 -0.212921
v -0.230019 0.035858 -0.238407
v -0.218059 0.035858 -0.209534
v -0.224039 0.035858 -0.239596
v -0.239665 0.035858 -0.223970
v -0.239893 -0.000000 -0.223970
v -0.238686 -0.000000 -0.230037
v -0.235249 -0.000000 -0.235181
v -0.230106 -0.000000 -0.238618
v -0.224039 -0.000000 -0.239825
v -0.217972 -0.000000 -0.238618
v -0.212828 -0.000000 -0.235181
v -0.209391 -0.000000 -0.230037
v -0.208184 -0.000000 -0.223970
v -0.209391 -0.000000 -0.217903
v -0.212828 -0.000000 -0.212759
v -0.217972 -0.000000 -0.209323
v -0.224039 -0.000000 -0.208116
v -0.230106 -0.000000 -0.209323
v -0.235249 -0.000000 -0.212759
v -0.238686 -0.000000 -0.217903
v -0.193632 0.024145 -0.236565
v -0.194696 0.006862 -0.236124
v -0.201581 0.006862 -0.246428
v -0.200766 0.024145 -0.247243
v -0.254446 0.024145 -0.211375
v -0.253381 0.006862 -0.211816
v -0.246497 0.006862 -0.201512
v -0.247311 0.024145 -0.200698
v -0.191126 0.024145 -0.223970
v -0.192279 0.006862 -0.223970
v -0.254446 0.024145 -0.236565
v -0.253381 0.006862 -0.236124
v -0.255799 0.006862 -0.223970
v -0.256951 0.024145 -0.223970
v -0.193632 0.024145 -0.211375
v -0.194696 0.006862 -0.211816
v -0.247311 0.024145 -0.247243
v -0.246497 0.006862 -0.246428
v -0.200766 0.024145 -0.200698
v -0.201581 0.006862 -0.201512
v -0.236634 0.024145 -0.254377
v -0.236193 0.006862 -0.253313
v -0.211444 0.024145 -0.193563
v -0.211885 0.006862 -0.194628
v -0.224039 0.024145 -0.256883
v -0.224039 0.006862 -0.255730
v -0.224039 0.024145 -0.191058
v -0.224039 0.006862 -0.192210
v -0.211444 0.024145 -0.254377
v -0.211885 0.006862 -0.253313
v -0.236634 0.024145 -0.193563
v -0.236193 0.006862 -0.194628
v -0.191820 0.018384 -0.237316
v -0.192201 0.012623 -0.237158
v -0.199671 0.012623 -0.248338
v -0.199380 0.018384 -0.248629
v -0.256257 0.018384 -0.210625
v -0.255877 0.012623 -0.210783
v -0.248406 0.012623 -0.199603
v -0.248698 0.018384 -0.199311
v -0.189166 0.018384 -0.223970
v -0.189578 0.012623 -0.223970
v -0.256257 0.018384 -0.237316
v -0.255877 0.012623 -0.237158
v -0.258500 0.012623 -0.223970
v -0.258912 0.018384 -0.223970
v -0.191820 0.018384 -0.210625
v -0.192201 0.012623 -0.210783
v -0.248698 0.018384 -0.248629
v -0.248406 0.012623 -0.248338
v -0.199380 0.018384 -0.199311
v -0.199671 0.012623 -0.199603
v -0.237384 0.018384 -0.256189
v -0.237226 0.012623 -0.255808
v -0.210693 0.018384 -0.191752
v -0.210851 0.012623 -0.192132
v -0.224039 0.018384 -0.258843
v -0.224039 0.012623 -0.258431
v -0.224039 0.018384 -0.189097
v -0.224039 0.012623 -0.189509
v -0.210693 0.018384 -0.256189
v -0.210851 0.012623 -0.255808
v -0.237384 0.018384 -0.191752
v -0.237226 0.012623 -0.192132
v -0.204175 0.028565 -0.243834
v -0.243902 0.028565 -0.204107
v -0.252130 0.028565 -0.223970
v -0.198086 0.028565 -0.234720
v -0.249992 0.028565 -0.213220
v -0.195947 0.028565 -0.223970
v -0.249992 0.028565 -0.234720
v -0.198086 0.028565 -0.213220
v -0.243902 0.028565 -0.243834
v -0.204175 0.028565 -0.204107
v -0.234789 0.028565 -0.249923
v -0.213289 0.028565 -0.198017
v -0.224039 0.028565 -0.252061
v -0.224039 0.028565 -0.195879
v -0.213289 0.028565 -0.249923
v -0.234789 0.028565 -0.198017
v -0.200612 0.002339 -0.233674
v -0.247466 0.002339 -0.214267
v -0.198682 0.002339 -0.223970
v -0.247466 0.002339 -0.233674
v -0.200612 0.002339 -0.214267
v -0.241969 0.002339 -0.241900
v -0.206109 0.002339 -0.206040
v -0.233742 0.002339 -0.247397
v -0.214335 0.002339 -0.200543
v -0.224039 0.002339 -0.249327
v -0.224039 0.002339 -0.198613
v -0.214335 0.002339 -0.247397
v -0.233742 0.002339 -0.200543
v -0.206109 0.002339 -0.241900
v -0.241969 0.002339 -0.206040
v -0.249396 0.002339 -0.223970
v -0.242339 0.398545 -0.231550
v -0.243846 0.398545 -0.223970
v -0.238045 0.398545 -0.237976
v -0.231619 0.398545 -0.242270
v -0.224039 0.398545 -0.243778
v -0.216459 0.398545 -0.242270
v -0.210033 0.398545 -0.237976
v -0.205739 0.398545 -0.231550
v -0.204231 0.398545 -0.223970
v -0.205739 0.398545 -0.216390
v -0.210033 0.398545 -0.209964
v -0.216459 0.398545 -0.205670
v -0.224039 0.398545 -0.204163
v -0.231619 0.398545 -0.205670
v -0.238045 0.398545 -0.209964
v -0.242339 0.398545 -0.216390
v -0.242339 0.408282 -0.231550
v -0.243846 0.408282 -0.223970
v -0.238045 0.408282 -0.237976
v -0.231619 0.408282 -0.242270
v -0.224039 0.408282 -0.243778
v -0.216459 0.408282 -0.242270
v -0.210033 0.408282 -0.237976
v -0.205739 0.408282 -0.231550
v -0.204231 0.408282 -0.223970
v -0.205739 0.408282 -0.216390
v -0.210033 0.408282 -0.209964
v -0.216459 0.408282 -0.205670
v -0.224039 0.408282 -0.204163
v -0.231619 0.408282 -0.205670
v -0.238045 0.408282 -0.209964
v -0.242339 0.408282 -0.216390
v -0.215599 0.376914 -0.215530
v -0.216375 0.378704 -0.216306
v -0.228606 0.376914 -0.234998
v -0.228187 0.378704 -0.233984
v -0.219471 0.376914 -0.212943
v -0.219891 0.378704 -0.213957
v -0.224039 0.376914 -0.235906
v -0.224039 0.378704 -0.234809
v -0.224039 0.376914 -0.212034
v -0.224039 0.378704 -0.213132
v -0.219471 0.376914 -0.234998
v -0.219891 0.378704 -0.233984
v -0.228606 0.376914 -0.212943
v -0.228187 0.378704 -0.213957
v -0.215599 0.376914 -0.232410
v -0.216375 0.378704 -0.231634
v -0.232479 0.376914 -0.215530
v -0.231703 0.378704 -0.216306
v -0.213011 0.376914 -0.228538
v -0.214025 0.378704 -0.228118
v -0.235066 0.376914 -0.219403
v -0.234052 0.378704 -0.219822
v -0.212103 0.376914 -0.223970
v -0.213200 0.378704 -0.223970
v -0.235066 0.376914 -0.228538
v -0.234052 0.378704 -0.228118
v -0.214025 0.378704 -0.219822
v -0.213011 0.376914 -0.219403
v -0.231703 0.378704 -0.231634
v -0.232479 0.376914 -0.232410
v -0.234877 0.378704 -0.223970
v -0.235975 0.376914 -0.223970
v -0.232351 -0.000000 -0.231897
v -0.233140 -0.000000 -0.223970
v -0.232351 -0.000000 -0.216043
v -0.224039 -0.000000 -0.232551
v -0.224039 -0.000000 -0.223970
v -0.224039 -0.000000 -0.215390
v -0.215726 -0.000000 -0.231897
v -0.214938 -0.000000 -0.223970
v -0.215726 -0.000000 -0.216043
vn 0.5777 -0.5766 -0.5777
vn 0.4771 -0.4747 -0.7396
vn 0.6382 -0.4305 -0.6382
vn 0.4287 -0.6392 -0.6384
vn 0.3161 -0.5086 -0.8009
vn 0.2861 -0.6769 -0.6782
vn 0.1607 -0.5270 -0.8346
vn 0.1462 -0.6985 -0.7005
vn -0.0000 -0.5331 -0.8460
vn -0.1462 -0.6985 -0.7005
vn -0.0000 -0.7071 -0.7071
vn -0.2861 -0.6769 -0.6782
vn -0.1607 -0.5270 -0.8346
vn -0.4287 -0.6392 -0.6384
vn -0.3161 -0.5086 -0.8009
vn -0.5777 -0.5766 -0.5777
vn -0.4771 -0.4747 -0.7396
vn 0.5076 -0.3158 -0.8016
vn 0.6774 -0.2867 -0.6774
vn 0.3393 -0.3380 -0.8779
vn 0.1720 -0.3513 -0.9204
vn -0.0000 -0.3560 -0.9345
vn -0.1720 -0.3513 -0.9204
vn -0.3393 -0.3380 -0.8779
vn -0.6382 -0.4305 -0.6382
vn -0.5076 -0.3158 -0.8016
vn 0.5265 -0.1601 -0.8350
vn 0.6998 -0.1430 -0.6998
vn 0.3526 -0.1716 -0.9199
vn 0.1787 -0.1779 -0.9677
vn -0.0000 -0.1802 -0.9836
vn -0.1787 -0.1779 -0.9677
vn -0.3526 -0.1716 -0.9199
vn -0.6774 -0.2867 -0.6774
vn -0.5265 -0.1601 -0.8350
vn 0.5330 -0.0000 -0.8461
vn 0.7071 -0.0000 -0.7071
vn 0.3566 -0.0000 -0.9343
vn 0.1806 -0.0000 -0.9835
vn -0.0000 -0.0000 -1.0000
vn -0.1806 -0.0000 -0.9835
vn -0.3566 -0.0000 -0.9343
vn -0.6998 -0.1430 -0.6998
vn -0.5330 -0.0000 -0.8461
vn 0.6998 0.1430 -0.6998
vn 0.5265 0.1601 -0.8350
vn 0.3526 0.1716 -0.9199
vn 0.1787 0.1779 -0.9677
vn -0.1787 0.1779 -0.9677
vn -0.0000 0.1802 -0.9836
vn -0.3526 0.1716 -0.9199
vn -0.5265 0.1601 -0.8350
vn -0.6998 0.1430 -0.6998
vn 0.6774 0.2867 -0.6774
vn 0.5076 0.3158 -0.8016
vn 0.3393 0.3380 -0.8779
vn 0.1720 0.3513 -0.9204
vn -0.1720 0.3513 -0.9204
vn -0.0000 0.3560 -0.9345
vn -0.3393 0.3380 -0.8779
vn -0.5076 0.3158 -0.8016
vn -0.6774 0.2867 -0.6774
vn 0.6382 0.4305 -0.6382
vn 0.4771 0.4747 -0.7396
vn 0.3161 0.5086 -0.8009
vn 0.1607 0.5270 -0.8346
vn -0.1607 0.5270 -0.8346
vn -0.0000 0.5331 -0.8460
vn -0.3161 0.5086 -0.8009
vn -0.4771 0.4747 -0.7396
vn -0.6382 0.4305 -0.6382
vn 0.5777 0.5766 -0.5777
vn 0.4287 0.6392 -0.6384
vn 0.2861 0.6769 -0.6782
vn 0.1462 0.6985 -0.7005
vn -0.1462 0.6985 -0.7005
vn -0.0000 0.7071 -0.7071
vn -0.2861 0.6769 -0.6782
vn -0.4287 0.6392 -0.6384
vn -0.5777 0.5766 -0.5777
vn -0.7396 -0.4747 -0.4771
vn -0.6384 -0.6392 -0.4287
vn -0.8009 -0.5086 -0.3161
vn -0.6782 -0.6769 -0.2861
vn -0.8346 -0.5270 -0.1607
vn -0.7005 -0.6985 -0.1462
vn -0.8461 -0.5331 -0.0000
vn -0.7005 -0.6985 0.1462
vn -0.7071 -0.7071 -0.0000
vn -0.6782 -0.6769 0.2861
vn -0.8346 -0.5270 0.1607
vn -0.6384 -0.6392 0.4287
vn -0.8009 -0.5086 0.3161
vn -0.5777 -0.5766 0.5777
vn -0.7396 -0.4747 0.4771
vn -0.8016 -0.3158 -0.5076
vn -0.8779 -0.3380 -0.3393
vn -0.9204 -0.3513 -0.1720
vn -0.9345 -0.3560 -0.0000
vn -0.9204 -0.3513 0.1720
vn -0.8779 -0.3380 0.3393
vn -0.6382 -0.4305 0.6382
vn -0.8016 -0.3158 0.5076
vn -0.8350 -0.1601 -0.5265
vn -0.9199 -0.1716 -0.3526
vn -0.9677 -0.1779 -0.1787
vn -0.9836 -0.1802 -0.0000
vn -0.9677 -0.1779 0.1787
vn -0.9199 -0.1716 0.3526
vn -0.6774 -0.2867 0.6774
vn -0.8350 -0.1601 0.5265
vn -0.8461 -0.0000 -0.5330
vn -0.7071 -0.0000 -0.7071
vn -0.9343 -0.0000 -0.3566
vn -0.9835 -0.0000 -0.1806
vn -1.0000 -0.0000 -0.0000
vn -0.9835 -0.0000 0.1806
vn -0.9343 -0.0000 0.3566
vn -0.6998 -0.1430 0.6998
vn -0.8461 -0.0000 0.5330
vn -0.8350 0.1601 -0.5265
vn -0.9199 0.1716 -0.3526
vn -0.9677 0.1779 -0.1787
vn -0.9677 0.1779 0.1787
vn -0.9836 0.1802 -0.0000
vn -0.9199 0.1716 0.3526
vn -0.8350 0.1601 0.5265
vn -0.6998 0.1430 0.6998
vn -0.8016 0.3158 -0.5076
vn -0.8779 0.3380 -0.3393
vn -0.9204 0.3512 -0.1720
vn -0.9204 0.3512 0.1720
vn -0.9345 0.3560 -0.0000
vn -0.8779 0.3380 0.3393
vn -0.8016 0.3158 0.5076
vn -0.6774 0.2867 0.6774
vn -0.7396 0.4747 -0.4771
vn -0.8009 0.5086 -0.3161
vn -0.8346 0.5270 -0.1607
vn -0.8346 0.5270 0.1607
vn -0.8460 0.5331 -0.0000
vn -0.8009 0.5086 0.3161
vn -0.7396 0.4747 0.4771
vn -0.6382 0.4305 0.6382
vn -0.6384 0.6392 -0.4287
vn -0.6782 0.6769 -0.2861
vn -0.7005 0.6985 -0.1462
vn -0.7005 0.6985 0.1462
vn -0.7071 0.7071 -0.0000
vn -0.6782 0.6769 0.2861
vn -0.6384 0.6392 0.4287
vn -0.5777 0.5766 0.5777
vn -0.4771 -0.4747 0.7396
vn -0.4287 -0.6392 0.6384
vn -0.3161 -0.5086 0.8009
vn -0.2861 -0.6769 0.6782
vn -0.1607 -0.5270 0.8346
vn -0.1462 -0.6985 0.7005
vn -0.0000 -0.5331 0.8461
vn 0.1462 -0.6985 0.7005
vn -0.0000 -0.7071 0.7071
vn 0.2861 -0.6769 0.6782
vn 0.1607 -0.5270 0.8346
vn 0.4287 -0.6392 0.6384
vn 0.3161 -0.5086 0.8009
vn 0.5777 -0.5766 0.5777
vn 0.4771 -0.4747 0.7396
vn -0.5076 -0.3158 0.8016
vn -0.3393 -0.3380 0.8779
vn -0.1720 -0.3513 0.9204
vn -0.0000 -0.3560 0.9345
vn 0.1720 -0.3513 0.9204
vn 0.3393 -0.3380 0.8779
vn 0.6382 -0.4305 0.6382
vn 0.5076 -0.3158 0.8016
vn -0.5265 -0.1601 0.8350
vn -0.3526 -0.1716 0.9199
vn -0.1787 -0.1779 0.9677
vn -0.0000 -0.1802 0.9836
vn 0.1787 -0.1779 0.9677
vn 0.3526 -0.1716 0.9199
vn 0.6774 -0.2867 0.6774
vn 0.5265 -0.1601 0.8350
vn -0.5330 -0.0000 0.8461
vn -0.7071 -0.0000 0.7071
vn -0.3566 -0.0000 0.9343
vn -0.1806 -0.0000 0.9835
vn -0.0000 -0.0000 1.0000
vn 0.1806 -0.0000 0.9835
vn 0.3566 -0.0000 0.9343
vn 0.6998 -0.1430 0.6998
vn 0.5330 -0.0000 0.8461
vn -0.5265 0.1601 0.8350
vn -0.3526 0.1716 0.9199
vn -0.1787 0.1779 0.9677
vn 0.1787 0.1779 0.9677
vn -0.0000 0.1802 0.9836
vn 0.3526 0.1716 0.9199
vn 0.5265 0.1601 0.8350
vn 0.6998 0.1430 0.6998
vn -0.5076 0.3158 0.8016
vn -0.3393 0.3380 0.8779
vn -0.1720 0.3512 0.9204
vn 0.1720 0.3512 0.9204
vn -0.0000 0.3560 0.9345
vn 0.3393 0.3380 0.8779
vn 0.5076 0.3158 0.8016
vn 0.6774 0.2867 0.6774
vn -0.4771 0.4747 0.7396
vn -0.3161 0.5086 0.8009
vn -0.1607 0.5270 0.8346
vn 0.1607 0.5270 0.8346
vn -0.0000 0.5331 0.8460
vn 0.3161 0.5086 0.8009
vn 0.4771 0.4747 0.7396
vn 0.6382 0.4305 0.6382
vn -0.4287 0.6392 0.6384
vn -0.2861 0.6769 0.6782
vn -0.1462 0.6985 0.7005
vn 0.1462 0.6985 0.7005
vn -0.0000 0.7071 0.7071
vn 0.2861 0.6769 0.6782
vn 0.4287 0.6392 0.6384
vn 0.5777 0.5766 0.5777
vn 0.7396 -0.4747 0.4771
vn 0.6384 -0.6392 0.4287
vn 0.8009 -0.5086 0.3161
vn 0.6782 -0.6769 0.2861
vn 0.8346 -0.5270 0.1607
vn 0.7005 -0.6985 0.1462
vn 0.8461 -0.5331 -0.0000
vn 0.7005 -0.6985 -0.1462
vn 0.7071 -0.7071 -0.0000
vn 0.6782 -0.6769 -0.2861
vn 0.8346 -0.5270 -0.1607
vn 0.6384 -0.6392 -0.4287
vn 0.8009 -0.5086 -0.3161
vn 0.7396 -0.4747 -0.4771
vn 0.8016 -0.3158 0.5076
vn 0.8779 -0.3380 0.3393
vn 0.9204 -0.3513 0.1720
vn 0.9345 -0.3560 -0.0000
vn 0.9204 -0.3513 -0.1720
vn 0.8779 -0.3380 -0.3393
vn 0.8016 -0.3158 -0.5076
vn 0.8350 -0.1601 0.5265
vn 0.9199 -0.1716 0.3526
vn 0.9677 -0.1779 0.1787
vn 0.9836 -0.1802 -0.0000
vn 0.9677 -0.1779 -0.1787
vn 0.9199 -0.1716 -0.3526
vn 0.8350 -0.1601 -0.5265
vn 0.8461 -0.0000 0.5330
vn 0.7071 -0.0000 0.7071
vn 0.9343 -0.0000 0.3566
vn 0.9835 -0.0000 0.1806
vn 1.0000 -0.0000 -0.0000
vn 0.9835 -0.0000 -0.1806
vn 0.9343 -0.0000 -0.3566
vn 0.8461 -0.0000 -0.5330
vn 0.8350 0.1601 0.5265
vn 0.9199 0.1716 0.3526
vn 0.9677 0.1779 0.1787
vn 0.9677 0.1779 -0.1787
vn 0.9836 0.1802 -0.0000
vn 0.9199 0.1716 -0.3526
vn 0.8350 0.1601 -0.5265
vn 0.8016 0.3158 0.5076
vn 0.8779 0.3380 0.3393
vn 0.9204 0.3512 0.1720
vn 0.9204 0.3512 -0.1720
vn 0.9345 0.3560 -0.0000
vn 0.8779 0.3380 -0.3393
vn 0.8016 0.3158 -0.5076
vn 0.7396 0.4747 0.4771
vn 0.8009 0.5086 0.3161
vn 0.8346 0.5270 0.1607
vn 0.8346 0.5270 -0.1607
vn 0.8460 0.5331 -0.0000
vn 0.8009 0.5086 -0.3161
vn 0.7396 0.4747 -0.4771
vn 0.6384 0.6392 0.4287
vn 0.6782 0.6769 0.2861
vn 0.7005 0.6985 0.1462
vn 0.7005 0.6985 -0.1462
vn 0.7071 0.7071 -0.0000
vn 0.6782 0.6769 -0.2861
vn 0.6384 0.6392 -0.4287
vn 0.4767 -0.7386 0.4767
vn 0.3186 -0.7984 0.5109
vn 0.1597 -0.8337 0.5287
vn -0.0000 -0.8454 0.5342
vn -0.1597 -0.8337 0.5287
vn -0.3186 -0.7984 0.5109
vn -0.4767 -0.7386 0.4767
vn 0.5109 -0.7984 0.3186
vn 0.3404 -0.8765 0.3404
vn 0.1689 -0.9210 0.3510
vn -0.0000 -0.9344 0.3562
vn -0.1689 -0.9210 0.3510
vn -0.3404 -0.8765 0.3404
vn -0.5109 -0.7984 0.3186
vn 0.5287 -0.8337 0.1597
vn 0.3510 -0.9210 0.1689
vn 0.1754 -0.9687 0.1754
vn -0.0000 -0.9838 0.1790
vn -0.1754 -0.9687 0.1754
vn -0.3510 -0.9210 0.1689
vn -0.5287 -0.8337 0.1597
vn 0.5342 -0.8454 -0.0000
vn 0.3562 -0.9344 -0.0000
vn 0.1790 -0.9838 -0.0000
vn -0.0000 -1.0000 -0.0000
vn -0.1790 -0.9838 -0.0000
vn -0.3562 -0.9344 -0.0000
vn -0.5342 -0.8454 -0.0000
vn 0.5287 -0.8337 -0.1597
vn 0.3510 -0.9210 -0.1689
vn 0.1754 -0.9687 -0.1754
vn -0.1754 -0.9687 -0.1754
vn -0.0000 -0.9838 -0.1790
vn -0.3510 -0.9210 -0.1689
vn -0.5287 -0.8337 -0.1597
vn 0.5109 -0.7984 -0.3186
vn 0.3404 -0.8765 -0.3404
vn 0.1689 -0.9210 -0.3510
vn -0.1689 -0.9210 -0.3510
vn -0.0000 -0.9344 -0.3562
vn -0.3404 -0.8765 -0.3404
vn -0.5109 -0.7984 -0.3186
vn 0.4767 -0.7386 -0.4767
vn 0.3186 -0.7984 -0.5109
vn 0.1597 -0.8337 -0.5287
vn -0.1597 -0.8337 -0.5287
vn -0.0000 -0.8454 -0.5342
vn -0.3186 -0.7984 -0.5109
vn -0.4767 -0.7386 -0.4767
vn 0.4767 0.7386 -0.4767
vn 0.3186 0.7984 -0.5109
vn 0.1597 0.8337 -0.5287
vn -0.0000 0.8454 -0.5342
vn -0.1597 0.8337 -0.5287
vn -0.3186 0.7984 -0.5109
vn -0.4767 0.7386 -0.4767
vn 0.5109 0.7984 -0.3186
vn 0.3404 0.8765 -0.3404
vn 0.1689 0.9210 -0.3510
vn -0.0000 0.9344 -0.3562
vn -0.1689 0.9210 -0.3510
vn -0.3404 0.8765 -0.3404
vn -0.5109 0.7984 -0.3186
vn 0.5287 0.8337 -0.1597
vn 0.3510 0.9210 -0.1689
vn 0.1754 0.9687 -0.1754
vn -0.0000 0.9838 -0.1790
vn -0.1754 0.9687 -0.1754
vn -0.3510 0.9210 -0.1689
vn -0.5287 0.8337 -0.1597
vn 0.5342 0.8454 -0.0000
vn 0.3562 0.9344 -0.0000
vn 0.1790 0.9838 -0.0000
vn -0.0000 1.0000 -0.0000
vn -0.1790 0.9838 -0.0000
vn -0.3562 0.9344 -0.0000
vn -0.5342 0.8454 -0.0000
vn 0.5287 0.8337 0.1597
vn 0.3510 0.9210 0.1689
vn 0.1754 0.9687 0.1754
vn -0.1754 0.9687 0.1754
vn -0.0000 0.9838 0.1790
vn -0.3510 0.9210 0.1689
vn -0.5287 0.8337 0.1597
vn 0.5109 0.7984 0.3186
vn 0.3404 0.8765 0.3404
vn 0.1689 0.9210 0.3510
vn -0.1689 0.9210 0.3510
vn -0.0000 0.9344 0.3562
vn -0.3404 0.8765 0.3404
vn -0.5109 0.7984 0.3186
vn 0.4767 0.7386 0.4767
vn 0.3186 0.7984 0.5109
vn 0.1597 0.8337 0.5287
vn -0.1597 0.8337 0.5287
vn -0.0000 0.8454 0.5342
vn -0.3186 0.7984 0.5109
vn -0.4767 0.7386 0.4767
vn -0.9239 -0.0026 -0.3827
vn -0.9808 -0.0026 -0.1951
vn -0.0581 -0.9884 -0.1403
vn -0.0000 -0.9864 -0.1641
vn 0.0581 -0.9884 -0.1403
vn 0.1160 -0.9864 -0.1160
vn 0.1403 -0.9884 -0.0581
vn 0.1641 -0.9864 -0.0000
vn 0.1403 -0.9884 0.0581
vn 0.1160 -0.9864 0.1160
vn 0.0581 -0.9884 0.1403
vn -0.0000 -0.9864 0.1641
vn -0.0581 -0.9884 0.1403
vn -0.1160 -0.9864 0.1160
vn -0.1403 -0.9884 0.0581
vn -0.1641 -0.9864 -0.0000
vn -0.1403 -0.9884 -0.0581
vn -0.1160 -0.9864 -0.1160
vn -0.8315 -0.0026 0.5556
vn -0.9239 -0.0026 0.3827
vn -0.5556 -0.0026 -0.8315
vn -0.3827 -0.0026 -0.9239
vn 0.3827 -0.0026 -0.9239
vn 0.1951 -0.0026 -0.9808
vn 0.8315 -0.0026 -0.5556
vn 0.9239 -0.0026 -0.3827
vn 0.9239 -0.0026 0.3827
vn 0.9808 -0.0026 0.1951
vn 0.5556 -0.0026 0.8315
vn 0.3827 -0.0026 0.9239
vn -0.3827 -0.0026 0.9239
vn -0.1951 -0.0026 0.9808
vn -0.1951 -0.0026 -0.9808
vn -0.0000 -0.0026 -1.0000
vn 0.5556 -0.0026 -0.8315
vn 0.7071 -0.0026 -0.7071
vn 0.9808 -0.0026 -0.1951
vn 1.0000 -0.0026 -0.0000
vn 0.8315 -0.0026 0.5556
vn 0.7071 -0.0026 0.7071
vn 0.1951 -0.0026 0.9808
vn -0.0000 -0.0026 1.0000
vn -0.5556 -0.0026 0.8315
vn -0.7071 -0.0026 0.7071
vn -0.9808 -0.0026 0.1951
vn -1.0000 -0.0026 -0.0000
vn -0.8315 -0.0026 -0.5556
vn -0.7071 -0.0026 -0.7071
vn 0.3827 -0.0000 -0.9239
vn 0.9239 -0.0000 -0.3827
vn 0.9239 -0.0000 0.3827
vn 0.3827 -0.0000 0.9239
vn -0.3827 -0.0000 0.9239
vn -0.9239 -0.0000 0.3827
vn -0.9239 -0.0000 -0.3827
vn -0.3827 -0.0000 -0.9239
vn -0.1303 0.9403 -0.3145
vn -0.0000 0.9403 -0.3404
vn -0.2407 0.9403 -0.2407
vn -0.3145 0.9403 -0.1303
vn -0.3404 0.9403 -0.0000
vn -0.3145 0.9403 0.1303
vn -0.2407 0.9403 0.2407
vn -0.1303 0.9403 0.3145
vn -0.0000 0.9403 0.3404
vn 0.1303 0.9403 0.3145
vn 0.2407 0.9403 0.2407
vn 0.3145 0.9403 0.1303
vn 0.3404 0.9403 -0.0000
vn 0.3145 0.9403 -0.1303
vn 0.2407 0.9403 -0.2407
vn 0.1303 0.9403 -0.3145
vn -0.0000 0.3758 -0.9267
vn 0.3546 0.3760 -0.8561
vn 0.3546 0.3761 -0.8561
vn 0.6552 0.3760 -0.6552
vn 0.8561 0.3761 -0.3546
vn 0.8561 0.3760 -0.3546
vn 0.9267 0.3758 -0.0000
vn 0.8561 0.3760 0.3546
vn 0.8561 0.3761 0.3546
vn 0.6552 0.3760 0.6552
vn 0.3546 0.3761 0.8561
vn 0.3546 0.3760 0.8561
vn -0.0000 0.3758 0.9267
vn -0.3546 0.3760 0.8561
vn -0.3546 0.3761 0.8561
vn -0.6552 0.3760 0.6552
vn -0.8561 0.3761 0.3546
vn -0.8561 0.3760 0.3546
vn -0.9267 0.3758 -0.0000
vn -0.8561 0.3760 -0.3546
vn -0.8561 0.3761 -0.3546
vn -0.6552 0.3760 -0.6552
vn -0.3546 0.3761 -0.8561
vn -0.3546 0.3760 -0.8561
vn -0.3785 0.1469 -0.9139
vn -0.6994 0.1469 -0.6994
vn -0.9139 0.1469 -0.3785
vn -0.9892 0.1468 -0.0000
vn -0.9139 0.1469 0.3785
vn -0.6994 0.1469 0.6994
vn -0.3785 0.1469 0.9139
vn -0.0000 0.1468 0.9892
vn 0.3785 0.1469 0.9139
vn 0.6994 0.1469 0.6994
vn 0.9139 0.1469 0.3785
vn 0.9892 0.1468 -0.0000
vn 0.9139 0.1469 -0.3785
vn -0.0000 0.8190 -0.5738
vn 0.1614 0.9067 -0.3897
vn 0.2196 0.8189 -0.5302
vn 0.6994 0.1469 -0.6994
vn 0.2983 0.9067 -0.2983
vn 0.4057 0.8190 -0.4057
vn -0.0000 0.1468 -0.9892
vn 0.5302 0.8189 -0.2196
vn 0.3900 0.9065 -0.1615
vn 0.5738 0.8190 -0.0000
vn 0.3900 0.9065 0.1615
vn 0.5302 0.8189 0.2196
vn 0.2983 0.9067 0.2983
vn 0.4057 0.8190 0.4057
vn 0.2196 0.8189 0.5302
vn 0.1614 0.9067 0.3897
vn -0.0000 0.8190 0.5738
vn -0.1614 0.9067 0.3897
vn -0.2196 0.8189 0.5302
vn -0.2983 0.9067 0.2983
vn -0.4057 0.8190 0.4057
vn -0.5302 0.8189 0.2196
vn -0.3900 0.9065 0.1615
vn -0.5738 0.8190 -0.0000
vn -0.3900 0.9065 -0.1615
vn -0.5302 0.8189 -0.2196
vn -0.2983 0.9067 -0.2983
vn -0.4057 0.8190 -0.4057
vn -0.2196 0.8189 -0.5302
vn -0.1614 0.9067 -0.3897
vn -0.1863 -0.8734 -0.4499
vn -0.0000 -0.8734 -0.4869
vn -0.0000 -0.8735 -0.4869
vn -0.3443 -0.8734 -0.3443
vn -0.1864 -0.8734 -0.4499
vn -0.4499 -0.8734 -0.1864
vn -0.4499 -0.8734 -0.1863
vn -0.4869 -0.8734 -0.0000
vn -0.4869 -0.8735 -0.0000
vn -0.4499 -0.8734 0.1863
vn -0.3443 -0.8734 0.3443
vn -0.4499 -0.8734 0.1864
vn -0.1864 -0.8734 0.4499
vn -0.1863 -0.8734 0.4499
vn -0.0000 -0.8734 0.4869
vn -0.0000 -0.8735 0.4869
vn 0.1863 -0.8734 0.4499
vn 0.3443 -0.8734 0.3443
vn 0.1864 -0.8734 0.4499
vn 0.4499 -0.8734 0.1864
vn 0.4499 -0.8734 0.1863
vn 0.4869 -0.8734 -0.0000
vn 0.4869 -0.8735 -0.0000
vn 0.4499 -0.8734 -0.1863
vn 0.3443 -0.8734 -0.3443
vn 0.4499 -0.8734 -0.1864
vn 0.1864 -0.8734 -0.4499
vn 0.1863 -0.8734 -0.4499
vn -0.3546 -0.3760 -0.8561
vn -0.0000 -0.3758 -0.9267
vn -0.6552 -0.3760 -0.6552
vn -0.3546 -0.3761 -0.8561
vn -0.8561 -0.3761 -0.3546
vn -0.8561 -0.3760 -0.3546
vn -0.9267 -0.3758 -0.0000
vn -0.8561 -0.3760 0.3546
vn -0.6552 -0.3760 0.6552
vn -0.8561 -0.3761 0.3546
vn -0.3546 -0.3761 0.8561
vn -0.3546 -0.3760 0.8561
vn -0.0000 -0.3758 0.9267
vn 0.3546 -0.3760 0.8561
vn 0.6552 -0.3760 0.6552
vn 0.3546 -0.3761 0.8561
vn 0.8561 -0.3761 0.3546
vn 0.8561 -0.3760 0.3546
vn 0.9267 -0.3758 -0.0000
vn 0.8561 -0.3760 -0.3546
vn 0.6552 -0.3760 -0.6552
vn 0.8561 -0.3761 -0.3546
vn 0.3546 -0.3761 -0.8561
vn 0.3546 -0.3760 -0.8561
vn 0.3279 0.5159 -0.7914
vn -0.0000 0.5159 -0.8567
vn 0.3785 0.1469 -0.9139
vn 0.6057 0.5159 -0.6057
vn 0.7914 0.5159 -0.3279
vn 0.8567 0.5159 -0.0000
vn 0.7914 0.5159 0.3279
vn 0.6057 0.5159 0.6057
vn 0.3279 0.5159 0.7914
vn -0.0000 0.5159 0.8567
vn -0.3279 0.5159 0.7914
vn -0.6057 0.5159 0.6057
vn -0.7914 0.5159 0.3279
vn -0.8567 0.5159 -0.0000
vn -0.7914 0.5159 -0.3279
vn -0.6057 0.5159 -0.6057
vn -0.3279 0.5159 -0.7914
vn -0.0000 0.9794 -0.2018
vn 0.0772 0.9794 -0.1864
vn 0.1426 0.9794 -0.1426
vn 0.1864 0.9794 -0.0772
vn 0.2018 0.9794 -0.0000
vn 0.1864 0.9794 0.0772
vn 0.1426 0.9794 0.1426
vn 0.0772 0.9794 0.1864
vn -0.0000 0.9794 0.2018
vn -0.0772 0.9794 0.1864
vn -0.1427 0.9794 0.1427
vn -0.1864 0.9794 0.0772
vn -0.2018 0.9794 -0.0000
vn -0.1864 0.9794 -0.0772
vn -0.1427 0.9794 -0.1427
vn -0.0772 0.9794 -0.1864
vn -0.3083 0.9000 -0.3083
vn -0.2122 0.9539 -0.2122
vn -0.6744 0.3008 -0.6744
vn -0.7032 0.1056 -0.7031
vn -0.7031 0.1057 -0.7031
vn -0.5682 0.5952 -0.5682
vn 0.7072 -0.0000 -0.7070
vn 0.7072 -0.0000 -0.7071
vn -0.5226 0.6737 -0.5225
vn -0.5225 0.6737 -0.5225
vn -0.6744 0.3007 -0.6744
vn 0.7069 -0.0001 -0.7073
vn 0.3083 0.9000 -0.3083
vn 0.2122 0.9539 -0.2122
vn 0.7031 0.1057 -0.7031
vn 0.6744 0.3008 -0.6744
vn 0.5682 0.5952 -0.5682
vn 0.7071 -0.0000 0.7072
vn 0.5226 0.6737 -0.5226
vn 0.5226 0.6737 -0.5225
vn 0.7070 -0.0000 0.7072
vn 0.7071 0.0001 0.7071
vn 0.7071 -0.0001 0.7071
vn -0.3083 0.9000 0.3083
vn -0.2122 0.9539 0.2122
vn -0.6744 0.3008 0.6744
vn -0.7031 0.1056 0.7032
vn -0.7031 0.1057 0.7031
vn -0.5682 0.5952 0.5682
vn -0.7070 -0.0000 -0.7072
vn -0.7071 -0.0000 -0.7072
vn -0.5225 0.6737 0.5226
vn -0.5225 0.6737 0.5225
vn -0.6744 0.3007 0.6744
vn -0.7072 -0.0000 -0.7070
vn -0.7073 -0.0001 -0.7069
vn 0.3083 0.9000 0.3083
vn 0.2122 0.9539 0.2122
vn 0.6744 0.3008 0.6744
vn 0.7032 0.1056 0.7031
vn 0.7031 0.1057 0.7031
vn 0.5682 0.5952 0.5682
vn -0.7072 -0.0000 0.7070
vn -0.7072 -0.0000 0.7071
vn 0.5226 0.6737 0.5225
vn 0.5225 0.6737 0.5225
vn 0.6744 0.3007 0.6744
vn -0.7069 -0.0001 0.7073
vn 0.1951 -0.0000 -0.9808
vn 0.5556 -0.0000 -0.8315
vn 0.8315 -0.0000 -0.5556
vn 0.9808 -0.0000 -0.1951
vn 0.9808 -0.0000 0.1951
vn 0.8315 -0.0000 0.5556
vn 0.5556 -0.0000 0.8315
vn 0.1951 -0.0000 0.9808
vn -0.1951 -0.0000 0.9808
vn -0.5556 -0.0000 0.8315
vn -0.8315 -0.0000 0.5556
vn -0.9808 -0.0000 0.1951
vn -0.9808 -0.0000 -0.1951
vn -0.8315 -0.0000 -0.5556
vn -0.5556 -0.0000 -0.8315
vn -0.1951 -0.0000 -0.9808
vn -0.0000 0.8501 -0.5266
vn 0.1027 0.8501 -0.5165
vn 0.2015 0.8501 -0.4865
vn 0.2926 0.8501 -0.4378
vn 0.3724 0.8501 -0.3724
vn 0.4378 0.8501 -0.2926
vn 0.4865 0.8501 -0.2015
vn 0.5165 0.8501 -0.1027
vn 0.5266 0.8501 -0.0000
vn 0.5165 0.8501 0.1027
vn 0.4865 0.8501 0.2015
vn 0.4378 0.8501 0.2926
vn 0.3724 0.8501 0.3724
vn 0.2926 0.8501 0.4378
vn 0.2015 0.8501 0.4865
vn 0.1027 0.8501 0.5165
vn -0.0000 0.8501 0.5266
vn -0.1027 0.8501 0.5165
vn -0.2015 0.8501 0.4865
vn -0.2926 0.8501 0.4378
vn -0.3724 0.8501 0.3724
vn -0.4378 0.8501 0.2926
vn -0.4865 0.8501 0.2015
vn -0.5165 0.8501 0.1027
vn -0.5266 0.8501 -0.0000
vn -0.5165 0.8501 -0.1027
vn -0.4865 0.8501 -0.2015
vn -0.4378 0.8501 -0.2926
vn -0.3724 0.8501 -0.3724
vn -0.2926 0.8501 -0.4378
vn -0.2015 0.8501 -0.4865
vn -0.1027 0.8501 -0.5165
vn -0.0000 0.7619 -0.6477
vn 0.1264 0.7619 -0.6353
vn 0.2479 0.7619 -0.5984
vn 0.3598 0.7619 -0.5385
vn 0.4580 0.7618 -0.4580
vn 0.5385 0.7619 -0.3598
vn 0.5984 0.7619 -0.2479
vn 0.6353 0.7619 -0.1264
vn 0.6477 0.7619 -0.0000
vn 0.6353 0.7619 0.1264
vn 0.5984 0.7619 0.2479
vn 0.5385 0.7619 0.3598
vn 0.4580 0.7618 0.4580
vn 0.3598 0.7619 0.5385
vn 0.2479 0.7619 0.5984
vn 0.1264 0.7619 0.6353
vn -0.0000 0.7619 0.6477
vn -0.1264 0.7619 0.6353
vn -0.2479 0.7619 0.5984
vn -0.3598 0.7619 0.5385
vn -0.4580 0.7618 0.4580
vn -0.5385 0.7619 0.3598
vn -0.5984 0.7619 0.2479
vn -0.6353 0.7619 0.1264
vn -0.6477 0.7619 -0.0000
vn -0.6353 0.7619 -0.1264
vn -0.5984 0.7619 -0.2479
vn -0.5385 0.7619 -0.3598
vn -0.4580 0.7618 -0.4580
vn -0.3598 0.7619 -0.5385
vn -0.2479 0.7619 -0.5984
vn -0.1264 0.7619 -0.6353
vn -0.1828 0.3494 0.9190
vn -0.3586 0.3493 0.8657
vn 0.7791 0.3494 0.5205
vn 0.6626 0.3493 0.6626
vn 0.6626 0.3492 0.6626
vn -0.0000 0.3478 0.9376
vn 0.1829 0.3478 0.9196
vn 0.1829 0.3477 0.9196
vn -0.0000 0.3494 0.9370
vn 0.8657 0.3493 0.3586
vn 0.7791 0.3495 0.5205
vn 0.3588 0.3479 0.8662
vn 0.9190 0.3494 0.1828
vn 0.5209 0.3478 0.7796
vn 0.9370 0.3494 -0.0000
vn 0.6629 0.3479 0.6629
vn 0.9190 0.3494 -0.1828
vn 0.7796 0.3478 0.5209
vn 0.8657 0.3493 -0.3586
vn 0.8662 0.3479 0.3588
vn 0.7791 0.3495 -0.5205
vn 0.9196 0.3478 0.1829
vn 0.9196 0.3477 0.1830
vn 0.7791 0.3494 -0.5205
vn 0.6626 0.3493 -0.6626
vn 0.9376 0.3478 -0.0000
vn 0.5205 0.3494 -0.7791
vn 0.6626 0.3492 -0.6626
vn 0.9196 0.3478 -0.1829
vn 0.9196 0.3477 -0.1830
vn 0.3586 0.3493 -0.8657
vn 0.5205 0.3495 -0.7791
vn 0.8662 0.3479 -0.3588
vn 0.1828 0.3494 -0.9190
vn 0.7796 0.3478 -0.5209
vn -0.0000 0.3478 -0.9376
vn -0.1829 0.3478 -0.9196
vn -0.1830 0.3477 -0.9196
vn -0.0000 0.3494 -0.9370
vn 0.6629 0.3479 -0.6629
vn -0.3588 0.3479 -0.8662
vn -0.1828 0.3494 -0.9190
vn 0.5209 0.3478 -0.7796
vn -0.5209 0.3478 -0.7796
vn -0.3586 0.3493 -0.8657
vn -0.1829 0.3478 0.9196
vn 0.5205 0.3494 0.7791
vn 0.5205 0.3495 0.7791
vn -0.5205 0.3495 0.7791
vn -0.5205 0.3494 0.7791
vn -0.3588 0.3479 0.8662
vn -0.1830 0.3477 0.9196
vn 0.3586 0.3493 0.8657
vn -0.6626 0.3493 0.6626
vn -0.6626 0.3492 0.6626
vn -0.5209 0.3478 0.7796
vn 0.1828 0.3494 0.9190
vn -0.7791 0.3494 0.5205
vn -0.7791 0.3495 0.5205
vn -0.6629 0.3479 0.6629
vn -0.8657 0.3493 0.3586
vn -0.7796 0.3478 0.5209
vn -0.9190 0.3494 0.1828
vn -0.8662 0.3479 0.3588
vn -0.9370 0.3494 -0.0000
vn -0.9196 0.3478 0.1829
vn -0.9190 0.3494 -0.1828
vn -0.9376 0.3478 -0.0000
vn -0.9196 0.3477 0.1830
vn -0.8657 0.3493 -0.3586
vn -0.9196 0.3478 -0.1829
vn -0.7791 0.3495 -0.5205
vn -0.7791 0.3494 -0.5205
vn -0.8662 0.3479 -0.3588
vn -0.9196 0.3477 -0.1830
vn -0.6626 0.3493 -0.6626
vn -0.6626 0.3492 -0.6626
vn -0.7796 0.3478 -0.5209
vn 0.1829 0.3478 -0.9196
vn -0.5205 0.3494 -0.7791
vn -0.5205 0.3495 -0.7791
vn -0.6629 0.3479 -0.6629
vn 0.3588 0.3479 -0.8662
vn 0.1829 0.3477 -0.9196
vn 0.9835 -0.1811 -0.0000
vn 0.9339 -0.3575 -0.0000
vn -0.8452 -0.5344 -0.0000
vn 0.8452 -0.5344 -0.0000
vn -0.9339 -0.3575 -0.0000
vn -0.8452 0.5344 -0.0000
vn -0.9835 -0.1811 -0.0000
vn -0.9339 0.3575 -0.0000
vn -0.9835 0.1811 -0.0000
vn -0.3575 0.9339 -0.0000
vn -0.1811 0.9835 -0.0000
vn 0.5344 -0.8452 -0.0000
vn 0.9835 0.1811 -0.0000
vn -0.1811 -0.9835 -0.0000
vn -0.3575 -0.9339 -0.0000
vn 0.1811 0.9835 -0.0000
vn 0.9339 0.3575 -0.0000
vn 0.3575 0.9339 -0.0000
vn 0.8452 0.5344 -0.0000
vn 0.1811 -0.9835 -0.0000
vn 0.3575 -0.9339 -0.0000
vn -0.5344 -0.8452 -0.0000
vn -0.5344 0.8452 -0.0000
vn 0.5344 0.8452 -0.0000
vn 0.7587 0.6515 -0.0000
vn 0.7009 0.6515 -0.2903
vn 0.7586 0.6515 -0.0000
vn -0.0000 -0.7606 0.6492
vn 0.2483 -0.7608 0.5997
vn -0.0000 -0.7607 0.6491
vn -0.0000 0.6515 0.7587
vn -0.2903 0.6515 0.7009
vn -0.2904 0.6514 0.7009
vn -0.7009 0.6515 -0.2903
vn -0.5364 0.6515 -0.5364
vn 0.5365 0.6515 -0.5365
vn 0.2903 0.6515 -0.7009
vn 0.5365 0.6514 -0.5365
vn 0.2904 0.6514 0.7009
vn 0.5365 0.6514 0.5365
vn 0.2903 0.6515 0.7009
vn -0.7009 0.6515 0.2903
vn -0.7587 0.6515 -0.0000
vn -0.7587 0.6514 -0.0000
vn 0.7009 0.6515 0.2903
vn 0.7009 0.6514 0.2904
vn -0.5365 0.6514 0.5365
vn -0.5365 0.6515 0.5365
vn -0.2903 0.6515 -0.7009
vn 0.7009 0.6514 -0.2904
vn -0.0000 0.6515 0.7586
vn -0.0000 0.6515 -0.7586
vn -0.7009 0.6515 0.2904
vn -0.3639 0.3102 0.8783
vn -0.6721 0.3105 0.6722
vn -0.6723 0.3102 0.6722
vn -0.0000 -0.7606 -0.6492
vn 0.2485 -0.7605 -0.5999
vn -0.2483 -0.7608 -0.5996
vn -0.0000 -0.7608 -0.6489
vn -0.2483 -0.7609 0.5995
vn -0.2483 -0.7608 0.5996
vn 0.4591 -0.7606 -0.4591
vn -0.4591 -0.7606 0.4591
vn 0.5996 -0.7608 -0.2483
vn 0.5995 -0.7609 -0.2483
vn -0.5998 -0.7606 0.2485
vn -0.5996 -0.7608 0.2483
vn 0.6489 -0.7609 -0.0000
vn 0.6491 -0.7607 -0.0000
vn -0.6492 -0.7606 -0.0000
vn 0.5995 -0.7609 0.2483
vn 0.5996 -0.7608 0.2483
vn -0.5996 -0.7608 -0.2483
vn -0.5998 -0.7606 -0.2485
vn 0.4590 -0.7606 0.4591
vn -0.4591 -0.7606 -0.4591
vn 0.2484 -0.7607 0.5997
vn -0.2485 -0.7606 -0.5998
vn -0.6702 -0.3188 -0.6702
vn -0.3770 -0.1722 -0.9100
vn -0.3627 -0.3188 -0.8757
vn 0.8783 0.3102 -0.3639
vn 0.6722 0.3105 -0.6721
vn 0.8783 0.3103 -0.3638
vn -0.8782 0.3107 0.3637
vn -0.8781 0.3108 0.3637
vn 0.9505 0.3106 -0.0000
vn 0.9505 0.3107 -0.0000
vn -0.9507 0.3103 -0.0000
vn -0.9507 0.3101 -0.0000
vn 0.8783 0.3103 0.3638
vn 0.8783 0.3102 0.3638
vn -0.8782 0.3107 -0.3638
vn -0.8781 0.3108 -0.3637
vn 0.6722 0.3105 0.6722
vn -0.6722 0.3105 -0.6721
vn 0.3638 0.3102 0.8783
vn 0.3638 0.3103 0.8783
vn -0.3638 0.3107 -0.8782
vn -0.3637 0.3107 -0.8781
vn -0.0000 0.3107 0.9505
vn -0.0000 0.3108 0.9505
vn -0.0000 0.3103 -0.9507
vn 0.3637 0.3107 -0.8782
vn -0.0000 0.3102 -0.9507
vn -0.3638 0.3102 0.8783
vn -0.0000 -0.3187 0.9479
vn 0.3772 -0.1726 0.9099
vn -0.0000 -0.1723 0.9851
vn -0.0000 -0.3188 -0.9478
vn 0.3772 -0.1722 -0.9100
vn 0.3627 -0.3185 -0.8758
vn -0.0000 -0.1722 -0.9851
vn -0.3627 -0.3188 0.8757
vn -0.3770 -0.1724 0.9101
vn 0.6965 -0.1725 -0.6965
vn 0.6702 -0.3188 -0.6702
vn -0.6702 -0.3188 0.6702
vn -0.6965 -0.1725 0.6965
vn 0.9101 -0.1724 -0.3770
vn 0.8757 -0.3188 -0.3627
vn -0.8757 -0.3188 0.3627
vn -0.9100 -0.1722 0.3772
vn 0.9851 -0.1723 -0.0000
vn 0.9479 -0.3187 -0.0000
vn -0.9478 -0.3188 -0.0000
vn -0.9851 -0.1722 -0.0000
vn 0.9099 -0.1725 0.3771
vn 0.8757 -0.3187 0.3627
vn -0.8757 -0.3188 -0.3627
vn -0.9100 -0.1726 -0.3770
vn 0.6702 -0.3188 0.6702
vn 0.6965 -0.1724 0.6965
vn -0.6966 -0.1721 -0.6965
vn 0.3627 -0.3188 0.8757
vn 0.4177 -0.8068 0.4177
vn 0.2937 -0.6410 0.7092
vn 0.2261 -0.8068 0.5458
vn 0.5428 -0.6410 0.5428
vn -0.4177 -0.8069 -0.4177
vn -0.7092 -0.6409 -0.2938
vn -0.5428 -0.6410 -0.5428
vn 0.7091 -0.6410 0.2937
vn -0.5457 -0.8069 -0.2260
vn -0.7676 -0.6409 -0.0000
vn 0.5455 -0.8071 0.2259
vn 0.7676 -0.6409 -0.0000
vn -0.5908 -0.8068 -0.0000
vn -0.7092 -0.6409 0.2938
vn 0.5456 -0.8070 -0.2259
vn 0.5907 -0.8069 -0.0000
vn -0.5455 -0.8071 0.2259
vn -0.5428 -0.6409 0.5428
vn 0.4177 -0.8068 -0.4177
vn 0.7091 -0.6409 -0.2938
vn -0.4177 -0.8069 0.4177
vn -0.2938 -0.6409 0.7091
vn 0.2261 -0.8069 -0.5457
vn 0.5428 -0.6409 -0.5428
vn -0.2261 -0.8068 0.5458
vn -0.0000 -0.6409 0.7676
vn -0.2260 -0.8069 -0.5457
vn -0.0000 -0.6409 -0.7676
vn -0.0000 -0.8068 -0.5908
vn 0.2938 -0.6409 -0.7092
vn -0.0000 -0.8069 0.5907
vn -0.2938 -0.6409 -0.7092
vn 0.7069 -0.0279 -0.7068
vn 0.3814 -0.0832 -0.9207
vn 0.7047 -0.0831 -0.7046
vn -0.3826 -0.0279 0.9235
vn -0.0000 -0.0831 0.9965
vn -0.3814 -0.0832 0.9206
vn -0.3826 -0.0280 -0.9235
vn -0.0000 -0.0831 -0.9965
vn -0.0000 -0.0280 -0.9996
vn 0.3825 -0.0280 -0.9235
vn 0.3826 -0.0279 0.9235
vn -0.0000 -0.0280 0.9996
vn -0.7047 -0.0831 -0.7047
vn -0.3814 -0.0832 -0.9206
vn 0.7068 -0.0280 0.7068
vn 0.3814 -0.0832 0.9207
vn -0.7068 -0.0279 -0.7068
vn -0.9207 -0.0832 -0.3814
vn 0.9207 -0.0832 0.3813
vn 0.7047 -0.0831 0.7047
vn -0.9235 -0.0280 -0.3826
vn -0.9965 -0.0831 -0.0000
vn 0.9996 -0.0279 -0.0000
vn 0.9235 -0.0279 0.3825
vn -0.9235 -0.0280 0.3825
vn -0.9996 -0.0280 -0.0000
vn 0.9207 -0.0832 -0.3814
vn 0.9965 -0.0834 -0.0000
vn -0.7068 -0.0279 0.7069
vn -0.9207 -0.0832 0.3814
vn 0.9235 -0.0279 -0.3825
vn -0.7046 -0.0831 0.7047
vn 0.2658 -0.7194 -0.6417
vn 0.4912 -0.7194 -0.4911
vn -0.0000 -0.7194 0.6946
vn -0.2658 -0.7194 0.6418
vn -0.2659 -0.7194 0.6417
vn -0.0000 -0.7194 -0.6946
vn -0.2658 -0.7194 -0.6418
vn 0.2658 -0.7194 0.6417
vn -0.2659 -0.7194 -0.6417
vn -0.4912 -0.7194 -0.4912
vn 0.4911 -0.7194 0.4911
vn -0.6420 -0.7192 -0.2657
vn -0.4911 -0.7194 -0.4912
vn 0.6417 -0.7194 0.2658
vn 0.4913 -0.7192 0.4913
vn -0.6946 -0.7194 -0.0000
vn -0.6418 -0.7194 -0.2658
vn 0.6946 -0.7194 -0.0000
vn -0.6417 -0.7194 0.2658
vn 0.6418 -0.7194 -0.2658
vn -0.4911 -0.7194 0.4912
vn 0.6417 -0.7194 -0.2659
vn -0.3432 0.8743 0.3432
vn -0.2581 0.7383 0.6232
vn -0.4769 0.7383 0.4769
vn 0.3432 0.8743 -0.3432
vn 0.6232 0.7383 -0.2581
vn 0.4485 0.8743 -0.1858
vn -0.4485 0.8743 0.1858
vn -0.6231 0.7383 0.2581
vn 0.4855 0.8742 -0.0000
vn 0.6745 0.7382 -0.0000
vn -0.4855 0.8742 -0.0000
vn -0.6744 0.7384 -0.0000
vn 0.6231 0.7383 0.2581
vn 0.4485 0.8743 0.1858
vn -0.6232 0.7383 -0.2581
vn -0.4485 0.8743 -0.1858
vn 0.4769 0.7384 0.4769
vn 0.3431 0.8744 0.3432
vn -0.4769 0.7383 -0.4769
vn -0.3433 0.8742 -0.3433
vn 0.1858 0.8743 0.4485
vn 0.2581 0.7383 0.6231
vn -0.1858 0.8743 -0.4485
vn -0.2581 0.7383 -0.6232
vn -0.0000 0.8742 0.4855
vn -0.0000 0.7383 0.6745
vn -0.0000 0.8743 -0.4855
vn 0.2581 0.7383 -0.6231
vn 0.1858 0.8743 -0.4485
vn -0.0000 0.7384 -0.6744
vn -0.1858 0.8743 0.4485
vn 0.4769 0.7383 -0.4769
vn -0.0000 0.2940 -0.9558
vn 0.3657 0.2940 -0.8831
vn 0.6758 0.2940 -0.6759
vn -0.0000 0.2939 0.9558
vn -0.3658 0.2940 0.8830
vn -0.3658 0.2939 -0.8831
vn 0.6759 0.2940 0.6759
vn 0.3658 0.2941 0.8830
vn -0.8831 0.2939 -0.3658
vn -0.6758 0.2941 -0.6758
vn -0.9558 0.2940 -0.0000
vn 0.8830 0.2941 0.3658
vn 0.8830 0.2940 -0.3658
vn -0.6759 0.2940 0.6758
vn 0.9558 0.2940 -0.0000
vn 0.3824 0.0289 0.9235
vn 0.7068 0.0289 0.7068
vn -0.7068 0.0289 -0.7068
vn -0.9235 0.0289 -0.3826
vn 0.9235 0.0289 0.3825
vn 0.9235 0.0289 0.3824
vn -0.9996 0.0289 -0.0000
vn 0.9996 0.0289 -0.0000
vn -0.9235 0.0289 0.3826
vn -0.9235 0.0289 0.3825
vn 0.9235 0.0289 -0.3825
vn -0.7068 0.0289 0.7068
vn -0.7067 0.0289 0.7069
vn 0.7069 0.0289 -0.7067
vn 0.7068 0.0289 -0.7068
vn -0.3825 0.0289 0.9235
vn 0.3826 0.0289 -0.9235
vn 0.3825 0.0289 -0.9235
vn -0.0000 0.0289 0.9996
vn -0.3826 0.0289 -0.9235
vn -0.0000 0.0289 -0.9996
vn 0.3825 0.0289 0.9235
vn -0.6960 0.1764 0.6961
vn -0.3767 0.1766 0.9093
vn -0.6960 0.1764 0.6960
vn 0.6960 0.1764 -0.6960
vn 0.9094 0.1765 -0.3767
vn 0.9093 0.1766 -0.3767
vn -0.9094 0.1763 0.3768
vn -0.9094 0.1763 0.3767
vn 0.9843 0.1764 -0.0000
vn 0.9843 0.1763 -0.0000
vn -0.9843 0.1767 -0.0000
vn -0.9843 0.1763 -0.0000
vn 0.9094 0.1764 0.3767
vn 0.9094 0.1763 0.3767
vn -0.9094 0.1766 -0.3767
vn -0.9094 0.1761 -0.3768
vn 0.6960 0.1768 0.6960
vn 0.6960 0.1767 0.6960
vn -0.6960 0.1764 -0.6960
vn -0.6961 0.1761 -0.6961
vn 0.3767 0.1762 0.9094
vn 0.3766 0.1766 0.9094
vn -0.3768 0.1761 -0.9094
vn -0.3767 0.1761 -0.9094
vn -0.0000 0.1767 0.9843
vn -0.0000 0.1768 0.9843
vn -0.0000 0.1767 -0.9843
vn 0.3767 0.1761 -0.9094
vn 0.3767 0.1765 -0.9094
vn -0.3767 0.1762 0.9094
vn 0.6960 0.1764 -0.6961
vn -0.6557 -0.3743 0.6557
vn -0.3547 -0.3747 0.8566
vn -0.6558 -0.3743 0.6556
vn -0.3750 0.1991 0.9054
vn -0.6930 0.1987 0.6930
vn -0.6931 0.1987 0.6929
vn 0.6557 -0.3743 -0.6557
vn 0.8566 -0.3747 -0.3547
vn 0.8566 -0.3747 -0.3548
vn 0.9054 0.1991 -0.3750
vn 0.6930 0.1987 -0.6930
vn -0.8565 -0.3747 0.3549
vn -0.8566 -0.3747 0.3548
vn -0.9054 0.1991 0.3751
vn -0.9054 0.1991 0.3750
vn 0.9270 -0.3750 -0.0000
vn 0.9799 0.1994 -0.0000
vn -0.9273 -0.3744 -0.0000
vn -0.9273 -0.3743 -0.0000
vn -0.9800 0.1989 -0.0000
vn 0.8566 -0.3747 0.3548
vn 0.8566 -0.3747 0.3549
vn 0.9054 0.1991 0.3750
vn 0.9054 0.1990 0.3751
vn -0.8566 -0.3747 -0.3548
vn -0.8565 -0.3747 -0.3549
vn -0.9054 0.1991 -0.3750
vn -0.9054 0.1991 -0.3751
vn 0.6557 -0.3743 0.6557
vn 0.6557 -0.3742 0.6557
vn 0.6930 0.1984 0.6931
vn 0.6931 0.1983 0.6931
vn -0.6556 -0.3748 -0.6556
vn -0.6929 0.1991 -0.6930
vn 0.3549 -0.3747 0.8566
vn 0.3548 -0.3747 0.8565
vn 0.3751 0.1990 0.9054
vn 0.3750 0.1991 0.9054
vn -0.3549 -0.3747 -0.8565
vn -0.3548 -0.3747 -0.8566
vn -0.3751 0.1991 -0.9054
vn -0.3750 0.1990 -0.9054
vn -0.0000 -0.3746 0.9272
vn -0.0000 -0.3750 0.9270
vn -0.0000 0.1994 0.9799
vn -0.0000 -0.3744 -0.9273
vn 0.3548 -0.3747 -0.8566
vn 0.3549 -0.3747 -0.8565
vn 0.3750 0.1990 -0.9054
vn -0.0000 0.1989 -0.9800
vn 0.3751 0.1990 -0.9054
vn -0.0000 -0.3743 -0.9273
vn -0.3548 -0.3747 0.8566
vn 0.6556 -0.3743 -0.6558
vn 0.6929 0.1987 -0.6931
vn 0.2214 -0.9497 -0.2214
vn 0.1199 -0.9497 -0.2894
vn -0.0000 -0.9497 0.3132
vn -0.1198 -0.9497 0.2893
vn -0.0000 -0.9497 -0.3132
vn -0.1199 -0.9497 -0.2894
vn 0.1198 -0.9497 0.2893
vn -0.2215 -0.9497 -0.2215
vn 0.2217 -0.9496 0.2217
vn 0.1198 -0.9497 0.2892
vn -0.2894 -0.9497 -0.1199
vn 0.2892 -0.9497 0.1198
vn 0.2216 -0.9496 0.2216
vn -0.3132 -0.9497 -0.0000
vn 0.2893 -0.9497 0.1198
vn 0.3132 -0.9497 -0.0000
vn -0.2894 -0.9497 0.1199
vn 0.2893 -0.9497 -0.1198
vn -0.2214 -0.9497 0.2214
vn 0.1928 0.8637 0.4657
vn -0.0000 0.8637 0.5040
vn 0.1929 0.8637 -0.4657
vn -0.0000 0.8637 -0.5040
vn -0.1929 0.8637 -0.4657
vn -0.0000 0.8639 -0.5036
vn -0.1929 0.8637 0.4657
vn 0.3563 0.8637 -0.3563
vn 0.3563 0.8638 -0.3563
vn -0.3563 0.8637 0.3563
vn -0.3563 0.8638 0.3563
vn 0.4657 0.8637 -0.1929
vn -0.4657 0.8637 0.1929
vn 0.5040 0.8637 -0.0000
vn -0.5040 0.8637 -0.0000
vn 0.4657 0.8637 0.1928
vn 0.4657 0.8637 0.1929
vn -0.4657 0.8637 -0.1929
vn -0.4656 0.8637 -0.1929
vn 0.3563 0.8637 0.3563
vn 0.3563 0.8638 0.3563
vn -0.3563 0.8637 -0.3563
vn -0.3563 0.8638 -0.3563
vn 0.1929 0.8637 0.4657
vn -0.1929 0.8637 -0.4656
vn -0.7071 0.0073 -0.7071
vn -0.3827 0.0073 -0.9238
vn 0.3826 0.0073 0.9239
vn 0.7071 0.0073 0.7071
vn -0.9238 0.0073 -0.3827
vn 0.9239 0.0073 0.3826
vn -1.0000 0.0073 -0.0000
vn 1.0000 0.0073 -0.0000
vn -0.9239 0.0073 0.3827
vn 0.9239 0.0073 -0.3827
vn -0.9238 0.0073 0.3827
vn -0.7071 0.0073 0.7071
vn 0.7071 0.0073 -0.7071
vn 0.9239 0.0073 -0.3826
vn -0.3826 0.0073 0.9239
vn 0.3827 0.0073 -0.9238
vn -0.0000 0.0073 1.0000
vn -0.3827 0.0073 0.9239
vn -0.0000 0.0073 -1.0000
vn 0.3827 0.0073 -0.9239
vn -0.0000 0.9864 0.1643
vn 0.0629 0.9864 0.1518
vn 0.0629 0.9864 -0.1518
vn -0.0000 0.9864 -0.1643
vn 0.0629 0.9864 -0.1517
vn -0.0629 0.9864 -0.1518
vn -0.0629 0.9864 0.1518
vn 0.1162 0.9864 -0.1162
vn -0.1162 0.9864 0.1162
vn 0.1518 0.9864 -0.0629
vn -0.1518 0.9864 0.0629
vn 0.1643 0.9864 -0.0000
vn -0.1643 0.9864 -0.0000
vn 0.1518 0.9864 0.0629
vn -0.1518 0.9864 -0.0629
vn -0.1517 0.9864 -0.0629
vn 0.1162 0.9864 0.1162
vn -0.1161 0.9864 -0.1161
vn -0.0629 0.9864 -0.1517
vn -0.3826 0.0073 -0.9239
vn -0.3827 0.0073 -0.9239
vn 0.3827 0.0073 0.9238
vn -0.9239 0.0073 -0.3826
vn 0.9238 0.0073 0.3827
vn -0.9239 0.0073 0.3826
vn 0.9238 0.0073 -0.3827
vn -0.3827 0.0073 0.9238
vn 0.3826 0.0073 -0.9239
vn -0.0634 -0.9862 -0.1532
vn -0.1173 -0.9862 -0.1173
vn -0.3827 0.0036 -0.9239
vn -0.7071 0.0036 -0.7071
vn -0.3826 0.0036 -0.9239
vn 0.1172 -0.9862 0.1172
vn 0.0634 -0.9862 0.1532
vn 0.0635 -0.9862 0.1532
vn 0.7071 0.0036 0.7071
vn 0.3827 0.0036 0.9239
vn -0.1532 -0.9862 -0.0634
vn -0.9239 0.0036 -0.3827
vn -0.7071 0.0035 -0.7071
vn 0.1532 -0.9862 0.0634
vn 0.9239 0.0036 0.3827
vn 0.7071 0.0037 0.7071
vn -0.1658 -0.9862 -0.0000
vn -1.0000 0.0036 -0.0000
vn -0.9239 0.0036 -0.3826
vn 0.1658 -0.9862 -0.0000
vn 0.1532 -0.9862 0.0635
vn 1.0000 0.0036 -0.0000
vn -0.1532 -0.9862 0.0634
vn -0.9239 0.0036 0.3827
vn 0.1532 -0.9862 -0.0635
vn 0.9239 0.0036 -0.3827
vn -0.1172 -0.9862 0.1172
vn -0.7071 0.0036 0.7071
vn 0.1172 -0.9862 -0.1172
vn 0.7071 0.0036 -0.7071
vn -0.0635 -0.9862 0.1532
vn -0.3827 0.0036 0.9239
vn 0.0634 -0.9862 -0.1532
vn 0.3827 0.0036 -0.9239
vn -0.0000 -0.9862 0.1658
vn -0.0000 0.0036 1.0000
vn -0.0000 -0.9862 -0.1658
vn -0.0000 0.0036 -1.0000
vn 0.1392 -0.9315 -0.3362
vn -0.0000 -0.9314 -0.3639
vn 0.2573 -0.9314 -0.2573
vn 0.3362 -0.9314 -0.1393
vn 0.3639 -0.9314 -0.0000
vn 0.3362 -0.9314 0.1393
vn 0.2573 -0.9314 0.2573
vn 0.1393 -0.9314 0.3362
vn -0.0000 -0.9314 0.3639
vn -0.1393 -0.9314 0.3362
vn -0.2573 -0.9314 0.2573
vn -0.3362 -0.9314 0.1392
vn -0.3362 -0.9314 0.1393
vn -0.3639 -0.9314 -0.0000
vn -0.3362 -0.9314 -0.1393
vn -0.2573 -0.9314 -0.2573
vn -0.1393 -0.9314 -0.3362
vn -0.1392 -0.9314 -0.3362
vn -0.9165 0.1263 0.3796
vn -0.9920 0.1264 -0.0000
vn -0.9164 0.1267 0.3796
vn 0.7071 -0.0000 -0.7072
vn 0.1661 -0.9009 0.4010
vn 0.0956 -0.9908 0.0956
vn 0.3069 -0.9009 0.3069
vn 0.9164 0.1270 0.3795
vn 0.9920 0.1261 -0.0000
vn -0.9165 0.1262 -0.3796
vn 0.7015 0.1259 0.7015
vn -0.7014 0.1270 -0.7013
vn 0.3795 0.1270 0.9164
vn 0.7015 0.1258 0.7015
vn -0.3797 0.1264 -0.9164
vn -0.0000 0.1261 0.9920
vn 0.3795 0.1271 0.9164
vn 0.3796 0.1263 -0.9165
vn -0.0000 0.1269 -0.9919
vn -0.3796 0.1260 -0.9165
vn -0.3796 0.1267 0.9164
vn 0.7014 0.1264 -0.7015
vn -0.3795 0.1268 0.9165
vn -0.7015 0.1264 0.7014
vn 0.7015 0.1264 -0.7014
vn 0.9164 0.1267 -0.3796
vn -0.7014 0.1264 0.7015
vn 0.9165 0.1266 -0.3796
vn 0.5760 0.8174 -0.0000
vn 0.5323 0.8173 -0.2205
vn -0.5322 0.8174 0.2205
vn -0.4074 0.8174 0.4074
vn 0.4074 0.8174 -0.4074
vn -0.2205 0.8174 0.5323
vn 0.2205 0.8174 -0.5322
vn -0.0000 0.8174 0.5760
vn -0.0000 0.8174 -0.5761
vn -0.2205 0.8174 -0.5322
vn 0.2204 0.8174 0.5323
vn 0.2205 0.8174 0.5323
vn -0.4074 0.8174 -0.4074
vn 0.4074 0.8174 0.4074
vn -0.5322 0.8174 -0.2205
vn 0.5323 0.8174 0.2205
vn 0.5323 0.8174 0.2204
vn -0.5761 0.8174 -0.0000
vn -0.9994 -0.0354 -0.0000
vn -0.9150 0.1380 0.3790
vn -0.9233 -0.0354 0.3824
vn 0.9994 -0.0354 -0.0000
vn 0.9151 0.1381 0.3790
vn 0.9904 0.1380 -0.0000
vn -0.9233 -0.0353 -0.3824
vn -0.9904 0.1381 -0.0000
vn 0.9233 -0.0354 0.3824
vn 0.7003 0.1381 0.7003
vn -0.7066 -0.0353 -0.7067
vn -0.9150 0.1380 -0.3791
vn 0.3824 -0.0354 0.9233
vn 0.7067 -0.0353 0.7067
vn -0.3791 0.1380 -0.9150
vn -0.7003 0.1381 -0.7004
vn -0.0000 -0.0354 0.9994
vn 0.3790 0.1381 0.9151
vn -0.0000 -0.0354 -0.9994
vn 0.3790 0.1380 -0.9150
vn -0.0000 0.1381 -0.9904
vn -0.3825 -0.0355 -0.9233
vn -0.3825 -0.0353 0.9233
vn -0.0000 0.1380 0.9904
vn 0.7067 -0.0354 -0.7067
vn 0.3824 -0.0357 -0.9233
vn -0.7066 -0.0353 0.7067
vn -0.3790 0.1381 0.9150
vn 0.9150 0.1381 -0.3790
vn 0.7003 0.1381 -0.7004
vn -0.7003 0.1381 0.7003
vn 0.9233 -0.0353 -0.3825
vn 0.6640 -0.7477 -0.0000
vn 0.6135 -0.7477 -0.2541
vn -0.4696 -0.7477 0.4696
vn -0.6135 -0.7477 0.2541
vn -0.4695 -0.7477 0.4696
vn 0.4696 -0.7477 -0.4695
vn 0.4696 -0.7477 -0.4696
vn -0.2541 -0.7477 0.6135
vn 0.2541 -0.7476 -0.6136
vn 0.2542 -0.7476 -0.6136
vn -0.0000 -0.7477 0.6640
vn -0.0000 -0.7477 -0.6641
vn -0.2542 -0.7476 -0.6136
vn -0.2542 -0.7476 -0.6135
vn 0.2541 -0.7477 0.6135
vn 0.2542 -0.7477 0.6135
vn -0.4695 -0.7477 -0.4695
vn -0.4695 -0.7478 -0.4695
vn 0.4696 -0.7476 0.4696
vn -0.6134 -0.7477 -0.2541
vn -0.6135 -0.7477 -0.2541
vn 0.6135 -0.7477 0.2542
vn 0.6135 -0.7477 0.2541
vn -0.6641 -0.7477 -0.0000
vn -0.9534 0.3017 -0.0000
vn -0.8808 0.3016 0.3649
vn 0.9534 0.3017 -0.0000
vn 0.8808 0.3018 0.3648
vn -0.8808 0.3016 -0.3649
vn 0.3648 0.3018 0.8808
vn 0.6741 0.3018 0.6741
vn -0.6741 0.3018 -0.6741
vn -0.0000 0.3017 0.9534
vn 0.3648 0.3018 -0.8808
vn -0.0000 0.3018 -0.9534
vn -0.3649 0.3018 -0.8808
vn -0.6742 0.3018 0.6741
vn -0.3648 0.3018 0.8808
vn 0.6741 0.3018 -0.6742
vn 0.8808 0.3018 -0.3648
vn -0.3069 -0.9009 -0.3069
vn -0.0517 -0.9908 -0.1249
vn -0.0956 -0.9908 -0.0956
vn -0.0000 -0.9009 0.4340
vn 0.0517 -0.9908 0.1249
vn -0.0000 -0.9009 -0.4340
vn 0.0517 -0.9908 -0.1249
vn -0.0000 -0.9908 -0.1351
vn -0.1661 -0.9009 -0.4010
vn -0.1661 -0.9009 0.4010
vn -0.0000 -0.9908 0.1352
vn 0.3069 -0.9009 -0.3069
vn 0.1661 -0.9009 -0.4010
vn -0.3069 -0.9009 0.3069
vn -0.0517 -0.9908 0.1249
vn 0.1249 -0.9908 -0.0517
vn 0.0956 -0.9908 -0.0956
vn -0.4010 -0.9009 0.1661
vn -0.0956 -0.9908 0.0956
vn 0.4010 -0.9009 -0.1661
vn 0.1352 -0.9908 -0.0000
vn -0.4340 -0.9009 -0.0000
vn -0.1249 -0.9908 0.0517
vn 0.4340 -0.9009 -0.0000
vn 0.1249 -0.9908 0.0517
vn -0.4010 -0.9009 -0.1661
vn -0.1351 -0.9908 -0.0000
vn 0.4010 -0.9009 0.1661
vn -0.1249 -0.9908 -0.0517
vn -0.5128 0.8318 -0.2124
vn -0.5983 0.5331 -0.5983
vn -0.7817 0.5330 -0.3238
vn -0.6852 -0.2468 -0.6852
vn -0.7199 -0.6268 -0.2982
vn -0.8953 -0.2468 -0.3709
vn 0.3924 0.8318 0.3924
vn 0.7817 0.5331 0.3237
vn 0.5128 0.8318 0.2124
vn 0.8953 -0.2468 0.3708
vn 0.5510 -0.6268 0.5510
vn 0.7199 -0.6267 0.2982
vn -0.8461 0.5330 -0.0000
vn -0.5550 0.8318 -0.0000
vn -0.7792 -0.6268 -0.0000
vn -0.9691 -0.2468 -0.0000
vn 0.5550 0.8319 -0.0000
vn 0.8461 0.5330 -0.0000
vn 0.9691 -0.2468 -0.0000
vn 0.7792 -0.6268 -0.0000
vn -0.5128 0.8318 0.2124
vn -0.7817 0.5330 0.3238
vn -0.7199 -0.6268 0.2982
vn -0.8953 -0.2468 0.3708
vn 0.7817 0.5331 -0.3238
vn 0.5128 0.8318 -0.2124
vn 0.8953 -0.2468 -0.3708
vn 0.7199 -0.6267 -0.2982
vn -0.5983 0.5330 0.5983
vn -0.3924 0.8318 0.3925
vn -0.5510 -0.6267 0.5510
vn -0.6852 -0.2468 0.6853
vn 0.3925 0.8318 -0.3924
vn 0.5983 0.5330 -0.5983
vn 0.6853 -0.2468 -0.6852
vn 0.5510 -0.6267 -0.5510
vn -0.3238 0.5331 0.7817
vn -0.2124 0.8318 0.5127
vn -0.2982 -0.6267 0.7199
vn -0.3708 -0.2468 0.8953
vn 0.2124 0.8318 -0.5128
vn 0.3238 0.5330 -0.7817
vn 0.3708 -0.2468 -0.8953
vn 0.2982 -0.6268 -0.7199
vn -0.0000 0.8318 0.5550
vn -0.0000 0.5330 0.8461
vn -0.0000 -0.6268 0.7792
vn -0.0000 -0.2468 0.9691
vn -0.2124 0.8318 -0.5128
vn -0.0000 0.5330 -0.8461
vn -0.3238 0.5330 -0.7817
vn -0.3709 -0.2468 -0.8953
vn -0.0000 -0.6268 -0.7792
vn -0.2982 -0.6268 -0.7199
vn -0.0000 0.8318 -0.5550
vn -0.0000 -0.2468 -0.9691
vn 0.3238 0.5331 0.7817
vn 0.2124 0.8318 0.5128
vn 0.2982 -0.6267 0.7199
vn 0.3708 -0.2468 0.8953
vn -0.3924 0.8318 -0.3924
vn -0.5510 -0.6267 -0.5510
vn 0.5983 0.5330 0.5983
vn 0.6852 -0.2468 0.6852
vn 0.3797 0.1250 0.9166
vn 0.7016 0.1249 0.7016
vn -0.3797 0.1250 -0.9166
vn -0.7016 0.1249 -0.7016
vn -0.0000 0.1249 0.9922
vn -0.0000 0.1250 -0.9922
vn -0.3797 0.1249 0.9166
vn 0.3797 0.1250 -0.9166
vn 0.7016 0.1250 -0.7016
vn 0.9166 0.1249 -0.3797
vn -0.9166 0.1250 0.3797
vn -0.7016 0.1250 0.7016
vn 0.9922 0.1249 -0.0000
vn -0.9922 0.1250 -0.0000
vn -0.9166 0.1250 -0.3797
vn 0.9166 0.1250 0.3797
vn 0.1489 0.9212 0.3594
vn 0.2750 0.9213 0.2750
vn -0.1489 0.9212 -0.3594
vn -0.2751 0.9212 -0.2751
vn -0.0000 0.9212 0.3890
vn -0.0000 0.9212 -0.3890
vn 0.1489 0.9212 -0.3594
vn -0.1489 0.9212 0.3594
vn 0.3594 0.9212 -0.1489
vn 0.2751 0.9212 -0.2750
vn -0.3594 0.9212 0.1489
vn -0.2750 0.9212 0.2751
vn -0.3890 0.9212 -0.0000
vn 0.3890 0.9212 -0.0000
vn -0.3594 0.9212 -0.1489
vn 0.3594 0.9212 0.1489
vn -0.3826 -0.0000 -0.9239
vn 0.3826 -0.0000 -0.9239
vn -0.9239 -0.0000 0.3826
vn -0.8831 0.2940 0.3657
vn -0.0000 0.6514 0.7587
vn 0.2903 0.6514 0.7010
vn -0.6493 -0.7606 -0.0000
vn -0.5997 -0.7608 0.2483
vn -0.6489 -0.7609 -0.0000
vn -0.7009 0.6514 -0.2904
vn 0.5364 0.6515 -0.5364
vn 0.2904 0.6515 -0.7009
vn 0.5367 0.6511 -0.5367
vn 0.5365 0.6515 0.5365
vn 0.7009 0.6515 0.2904
vn -0.7009 0.6514 0.2904
vn -0.0000 0.6514 -0.7587
vn -0.2903 0.6514 0.7010
vn -0.5365 0.6514 -0.5365
vn -0.5365 0.6515 -0.5365
vn 0.7009 0.6515 -0.2904
vn -0.7586 0.6515 -0.0000
vn 0.7587 0.6514 -0.0000
vn -0.6721 0.3105 -0.6722
vn -0.8784 0.3100 -0.3638
vn 0.6492 -0.7606 -0.0000
vn 0.5997 -0.7607 0.2484
vn 0.5999 -0.7605 0.2485
vn 0.5998 -0.7606 -0.2484
vn -0.5995 -0.7609 -0.2483
vn 0.4591 -0.7606 0.4591
vn 0.2483 -0.7608 0.5996
vn 0.2483 -0.7609 0.5995
vn -0.2484 -0.7606 -0.5998
vn -0.0000 -0.7609 0.6489
vn -0.0000 -0.7609 -0.6488
vn 0.2485 -0.7606 -0.5998
vn -0.4591 -0.7606 0.4590
vn -0.5997 -0.7607 0.2484
vn 0.5998 -0.7606 -0.2485
vn 0.9100 -0.1722 -0.3770
vn 0.3639 0.3102 0.8783
vn 0.6721 0.3105 0.6722
vn -0.3637 0.3107 -0.8782
vn -0.0000 0.3106 0.9505
vn 0.3638 0.3107 -0.8782
vn 0.3637 0.3107 -0.8781
vn -0.6722 0.3105 0.6722
vn 0.6721 0.3105 -0.6722
vn -0.8783 0.3102 0.3638
vn -0.8783 0.3103 0.3638
vn 0.8782 0.3105 -0.3639
vn 0.8782 0.3105 -0.3638
vn -0.9505 0.3107 -0.0001
vn 0.9507 0.3102 -0.0000
vn 0.8781 0.3107 0.3637
vn 0.9507 0.3102 0.0001
vn -0.8784 0.3100 -0.3637
vn -0.9479 -0.3187 -0.0000
vn -0.9101 -0.1723 0.3769
vn -0.9850 -0.1726 -0.0000
vn 0.9478 -0.3188 -0.0000
vn 0.9100 -0.1725 0.3769
vn 0.8757 -0.3188 0.3627
vn 0.9851 -0.1722 -0.0000
vn -0.9101 -0.1724 -0.3770
vn 0.6965 -0.1725 0.6965
vn -0.6965 -0.1725 -0.6965
vn 0.3770 -0.1724 0.9101
vn -0.3772 -0.1722 -0.9100
vn -0.0000 -0.1721 -0.9851
vn -0.3772 -0.1726 0.9099
vn -0.3627 -0.3187 0.8757
vn 0.3627 -0.3188 -0.8757
vn 0.3770 -0.1722 -0.9100
vn -0.8757 -0.3187 0.3627
vn -0.4177 -0.8068 0.4177
vn -0.7091 -0.6410 0.2937
vn -0.5458 -0.8068 0.2261
vn -0.5428 -0.6410 0.5428
vn 0.2260 -0.8069 -0.5457
vn 0.4176 -0.8069 -0.4177
vn -0.2937 -0.6410 0.7091
vn -0.2260 -0.8070 0.5456
vn -0.2937 -0.6409 -0.7092
vn 0.2259 -0.8071 0.5454
vn -0.2261 -0.8069 -0.5457
vn -0.5428 -0.6409 -0.5428
vn 0.4177 -0.8069 0.4177
vn 0.2938 -0.6409 0.7091
vn 0.5457 -0.8069 0.2261
vn 0.5428 -0.6409 0.5428
vn -0.5458 -0.8068 -0.2261
vn 0.5904 -0.8071 -0.0000
vn 0.7092 -0.6409 -0.2938
vn 0.7092 -0.6409 0.2938
vn -0.5907 -0.8069 -0.0000
vn 0.5457 -0.8069 -0.2261
vn 0.7068 -0.0279 0.7069
vn 0.9207 -0.0832 0.3814
vn 0.7046 -0.0831 0.7047
vn -0.9235 -0.0279 -0.3826
vn -0.9206 -0.0832 -0.3814
vn 0.9235 -0.0280 -0.3826
vn 0.9965 -0.0831 -0.0000
vn 0.9996 -0.0280 -0.0000
vn 0.9235 -0.0280 0.3825
vn -0.9235 -0.0279 0.3826
vn 0.7047 -0.0831 -0.7047
vn 0.9206 -0.0832 -0.3814
vn -0.7068 -0.0280 0.7068
vn -0.9207 -0.0831 0.3814
vn 0.3826 -0.0280 -0.9235
vn 0.7068 -0.0279 -0.7068
vn -0.3813 -0.0832 0.9207
vn -0.7047 -0.0831 0.7047
vn -0.0000 -0.0279 0.9996
vn -0.3825 -0.0279 0.9235
vn -0.3825 -0.0280 -0.9235
vn -0.0000 -0.0834 0.9965
vn -0.7069 -0.0279 -0.7068
vn -0.3814 -0.0832 -0.9207
vn 0.3825 -0.0279 0.9235
vn -0.7047 -0.0831 -0.7046
vn 0.4911 -0.7194 0.4912
vn -0.6417 -0.7194 -0.2659
vn 0.6420 -0.7192 0.2658
vn 0.4912 -0.7194 -0.4912
vn -0.4911 -0.7194 0.4911
vn 0.2659 -0.7194 -0.6417
vn 0.4911 -0.7194 -0.4912
vn -0.2658 -0.7194 0.6417
vn 0.2658 -0.7194 -0.6418
vn -0.2658 -0.7192 -0.6420
vn 0.2658 -0.7194 0.6418
vn -0.4912 -0.7194 -0.4911
vn -0.2658 -0.7194 -0.6417
vn 0.2659 -0.7194 0.6417
vn -0.3432 0.8743 -0.3432
vn 0.3432 0.8743 0.3432
vn 0.2581 0.7383 0.6232
vn -0.2581 0.7383 -0.6231
vn -0.2581 0.7383 0.6231
vn 0.2581 0.7383 -0.6232
vn -0.4769 0.7384 0.4769
vn -0.3431 0.8744 0.3432
vn 0.3433 0.8742 -0.3433
vn -0.6745 0.7382 -0.0000
vn 0.6744 0.7384 -0.0000
vn 0.4769 0.7383 0.4769
vn 0.8831 0.2940 0.3657
vn 0.6759 0.2940 0.6758
vn -0.9558 0.2939 -0.0000
vn -0.8830 0.2940 -0.3658
vn 0.8831 0.2939 -0.3658
vn -0.6759 0.2940 0.6759
vn -0.8830 0.2941 0.3658
vn 0.3658 0.2939 -0.8831
vn 0.6758 0.2941 -0.6758
vn -0.3658 0.2941 0.8830
vn 0.3658 0.2940 0.8830
vn -0.6758 0.2940 -0.6759
vn -0.0000 0.2940 0.9558
vn -0.9235 0.0289 0.3824
vn -0.3824 0.0289 0.9235
vn -0.3825 0.0289 -0.9235
vn -0.7069 0.0289 -0.7067
vn 0.7067 0.0289 0.7069
vn -0.9235 0.0289 -0.3825
vn 0.9235 0.0289 0.3826
vn 0.9235 0.0289 -0.3826
vn -0.9093 0.1766 -0.3767
vn 0.6960 0.1764 0.6960
vn 0.3766 0.1762 0.9095
vn 0.3767 0.1766 0.9093
vn -0.3768 0.1763 -0.9094
vn -0.3767 0.1763 -0.9094
vn -0.0000 0.1764 0.9843
vn -0.3767 0.1763 0.9094
vn 0.3767 0.1766 -0.9094
vn -0.6960 0.1768 0.6960
vn -0.6960 0.1767 0.6960
vn 0.6961 0.1761 -0.6961
vn -0.9094 0.1766 0.3767
vn -0.9094 0.1766 0.3766
vn 0.9094 0.1764 -0.3767
vn 0.9094 0.1761 -0.3767
vn -0.9843 0.1764 -0.0000
vn 0.9843 0.1766 -0.0000
vn 0.9094 0.1761 0.3767
vn 0.9094 0.1765 0.3767
vn 0.6961 0.1764 0.6960
vn -0.6557 -0.3743 -0.6557
vn -0.8566 -0.3747 -0.3547
vn -0.6556 -0.3743 -0.6558
vn -0.6930 0.1987 -0.6930
vn -0.6929 0.1987 -0.6931
vn 0.6557 -0.3743 0.6558
vn 0.3549 -0.3741 0.8568
vn 0.3548 -0.3744 0.8567
vn 0.3750 0.1986 0.9055
vn 0.6930 0.1987 0.6931
vn 0.3750 0.1985 0.9055
vn -0.3751 0.1990 -0.9054
vn -0.0000 -0.3749 0.9271
vn -0.0000 0.1993 0.9799
vn -0.3549 -0.3741 0.8568
vn -0.3549 -0.3740 0.8568
vn -0.3750 0.1986 0.9055
vn -0.3750 0.1985 0.9055
vn 0.3750 0.1991 -0.9054
vn 0.3751 0.1991 -0.9054
vn -0.6558 -0.3741 0.6557
vn -0.6931 0.1983 0.6931
vn 0.6556 -0.3748 -0.6556
vn 0.6929 0.1991 -0.6930
vn -0.8566 -0.3746 0.3549
vn -0.9054 0.1990 0.3751
vn 0.8565 -0.3747 -0.3549
vn 0.9054 0.1991 -0.3751
vn -0.9272 -0.3746 -0.0000
vn -0.9271 -0.3747 -0.0000
vn -0.9799 0.1994 -0.0000
vn 0.9273 -0.3744 -0.0000
vn 0.8565 -0.3747 0.3549
vn 0.9800 0.1989 -0.0000
vn 0.9054 0.1991 0.3751
vn 0.9273 -0.3743 -0.0000
vn 0.9800 0.1988 -0.0000
vn 0.6930 0.1987 0.6930
vn 0.2214 -0.9497 0.2214
vn 0.2894 -0.9497 0.1199
vn -0.2893 -0.9497 -0.1198
vn 0.2894 -0.9497 -0.1199
vn -0.2895 -0.9496 0.1200
vn 0.2215 -0.9497 -0.2215
vn -0.2216 -0.9496 0.2216
vn -0.2892 -0.9497 0.1198
vn -0.1198 -0.9497 0.2892
vn -0.2214 -0.9497 -0.2214
vn -0.4657 0.8637 0.1928
vn -0.0000 0.8640 0.5036
vn -0.1928 0.8637 0.4657
vn 0.1929 0.8637 -0.4656
vn 0.3827 0.0073 0.9239
vn -0.9239 0.0073 -0.3827
vn 0.9239 0.0073 0.3827
vn 0.1517 0.9864 0.0629
vn -0.1162 0.9864 -0.1162
vn 0.1161 0.9864 -0.1161
vn 0.1517 0.9864 -0.0629
vn 0.1173 -0.9862 -0.1173
vn 0.1532 -0.9862 -0.0634
vn 0.9239 0.0036 -0.3826
vn -0.1532 -0.9862 0.0635
vn 0.7071 0.0035 -0.7071
vn -0.0634 -0.9862 0.1532
vn -0.7071 0.0037 0.7071
vn 0.3826 0.0036 -0.9239
vn -0.1172 -0.9862 -0.1172
vn -0.1532 -0.9862 -0.0635
vn 0.3362 -0.9315 0.1392
vn 0.1393 -0.9314 -0.3362
vn 0.3362 -0.9314 -0.1392
vn -0.3796 0.1267 -0.9164
vn -0.3795 0.1262 -0.9165
vn 0.7072 -0.0000 0.7071
vn -0.3796 0.1266 0.9164
vn -0.0000 0.1264 0.9920
vn 0.3795 0.1264 -0.9165
vn -0.7015 0.1259 0.7015
vn 0.3797 0.1264 -0.9164
vn 0.7014 0.1265 -0.7014
vn -0.9164 0.1266 0.3796
vn -0.7014 0.1263 0.7014
vn 0.9166 0.1262 -0.3795
vn 0.7014 0.1266 -0.7014
vn -0.9920 0.1261 -0.0000
vn -0.9164 0.1270 0.3795
vn 0.9164 0.1267 0.3796
vn 0.9920 0.1265 -0.0000
vn 0.9165 0.1260 -0.3796
vn -0.9165 0.1264 -0.3796
vn 0.7015 0.1264 0.7014
vn -0.9164 0.1264 -0.3797
vn -0.7014 0.1264 -0.7015
vn 0.3795 0.1267 0.9165
vn 0.7014 0.1264 0.7015
vn -0.7015 0.1264 -0.7014
vn 0.3796 0.1263 0.9165
vn -0.2205 0.8174 -0.5323
vn -0.5323 0.8174 -0.2205
vn 0.5322 0.8174 0.2205
vn -0.5760 0.8174 -0.0000
vn -0.5760 0.8175 -0.0000
vn 0.5761 0.8174 -0.0000
vn 0.5322 0.8174 -0.2205
vn -0.5323 0.8174 0.2204
vn -0.5323 0.8174 0.2205
vn 0.4074 0.8173 -0.4074
vn 0.2205 0.8174 -0.5323
vn -0.2204 0.8174 0.5323
vn -0.3790 0.1381 -0.9150
vn -0.3824 -0.0354 -0.9233
vn -0.3790 0.1381 0.9151
vn 0.3824 -0.0353 -0.9233
vn -0.3824 -0.0354 0.9233
vn 0.7067 -0.0353 -0.7067
vn 0.3790 0.1381 -0.9150
vn -0.7067 -0.0353 0.7067
vn 0.9150 0.1380 -0.3791
vn 0.7003 0.1381 -0.7003
vn -0.9151 0.1381 0.3790
vn 0.9150 0.1380 0.3790
vn 0.9904 0.1381 -0.0000
vn 0.9233 -0.0353 -0.3824
vn -0.9233 -0.0353 -0.3825
vn -0.9904 0.1380 -0.0000
vn -0.7067 -0.0353 -0.7066
vn -0.9150 0.1381 -0.3790
vn 0.7066 -0.0353 0.7067
vn 0.3790 0.1381 0.9150
vn -0.7004 0.1381 -0.7003
vn 0.3825 -0.0353 0.9233
vn -0.4696 -0.7477 -0.4696
vn -0.2541 -0.7477 -0.6135
vn -0.4696 -0.7477 -0.4695
vn 0.4695 -0.7477 0.4696
vn 0.4696 -0.7477 0.4696
vn 0.6136 -0.7476 0.2541
vn 0.6136 -0.7476 0.2542
vn -0.6640 -0.7477 -0.0000
vn 0.6641 -0.7477 -0.0000
vn 0.6136 -0.7476 -0.2542
vn 0.6135 -0.7476 -0.2542
vn -0.6135 -0.7477 0.2542
vn 0.4695 -0.7477 -0.4695
vn 0.4695 -0.7478 -0.4695
vn -0.4696 -0.7476 0.4696
vn 0.2541 -0.7477 -0.6134
vn 0.2541 -0.7477 -0.6135
vn -0.2542 -0.7477 0.6135
vn -0.0000 -0.7477 0.6641
vn -0.3648 0.3018 -0.8808
vn 0.6742 0.3018 -0.6741
vn 0.3649 0.3018 -0.8808
vn -0.8808 0.3018 0.3648
vn -0.6741 0.3018 0.6741
vn 0.8808 0.3016 -0.3649
vn 0.8808 0.3020 0.3648
vn -0.6742 0.3018 -0.6741
vn -0.8808 0.3018 -0.3648
vn 0.6742 0.3018 0.6741
vn 0.1351 -0.9908 -0.0000
vn -0.1352 -0.9908 -0.0000
vn 0.5983 0.5331 -0.5983
vn 0.6852 -0.2468 -0.6852
vn 0.3709 -0.2468 -0.8953
vn -0.3924 0.8318 0.3924
vn -0.3237 0.5331 0.7817
vn -0.2124 0.8318 0.5128
vn -0.5510 -0.6268 0.5510
vn -0.0000 0.8319 0.5550
vn -0.3708 -0.2468 -0.8953
vn -0.5983 0.5330 -0.5983
vn -0.3925 0.8318 -0.3924
vn -0.6853 -0.2468 -0.6852
vn 0.3924 0.8318 0.3925
vn 0.6852 -0.2468 0.6853
vn 0.5510 -0.6267 0.5510
vn -0.7817 0.5331 -0.3238
vn -0.5127 0.8319 -0.2124
vn -0.7199 -0.6267 -0.2982
vn -0.8953 -0.2468 -0.3708
vn 0.7817 0.5330 0.3238
vn 0.7199 -0.6268 0.2982
vn 0.7817 0.5330 -0.3238
vn 0.8953 -0.2468 -0.3709
vn 0.7199 -0.6268 -0.2982
vn 0.5550 0.8318 -0.0000
vn -0.7817 0.5331 0.3238
vn -0.7199 -0.6267 0.2982
vn 0.3924 0.8318 -0.3924
vn -0.6852 -0.2468 0.6852
vn -0.7016 0.1249 0.7016
vn 0.9166 0.1250 -0.3797
vn 0.7016 0.1249 -0.7016
vn -0.9922 0.1249 -0.0000
vn 0.9922 0.1250 -0.0000
vn -0.9166 0.1249 -0.3797
vn 0.7016 0.1250 0.7016
vn 0.3797 0.1249 0.9166
vn -0.7016 0.1250 -0.7016
vn -0.3797 0.1250 0.9166
vn -0.2750 0.9213 0.2750
vn 0.2751 0.9212 -0.2751
vn 0.2750 0.9212 0.2751
vn -0.2751 0.9212 -0.2750
vn 0.9239 -0.0000 0.3826
vn -0.3657 0.2940 -0.8831
vn -0.7010 0.6514 0.2903
vn -0.0000 -0.7607 -0.6491
vn -0.0000 0.6515 -0.7587
vn 0.2904 0.6514 -0.7009
vn 0.5364 0.6515 0.5364
vn -0.2904 0.6514 -0.7009
vn -0.7010 0.6514 -0.2903
vn 0.3638 0.3100 -0.8784
vn -0.2485 -0.7605 0.5999
vn 0.2485 -0.7606 0.5998
vn -0.0000 -0.7608 0.6489
vn 0.2483 -0.7609 -0.5995
vn 0.2483 -0.7608 -0.5995
vn 0.4588 -0.7608 -0.4590
vn 0.4590 -0.7607 -0.4589
vn -0.5995 -0.7609 0.2483
vn 0.5999 -0.7605 -0.2484
vn 0.6000 -0.7605 -0.2484
vn -0.5997 -0.7608 -0.2483
vn -0.5997 -0.7607 -0.2484
vn 0.5998 -0.7606 0.2484
vn 0.5998 -0.7606 0.2485
vn 0.4590 -0.7608 0.4589
vn 0.4589 -0.7608 0.4590
vn -0.2484 -0.7607 -0.5997
vn 0.6702 -0.3187 0.6702
vn 0.3770 -0.1722 0.9100
vn -0.8784 0.3100 0.3638
vn -0.8784 0.3100 0.3637
vn 0.8782 0.3107 -0.3637
vn 0.8781 0.3108 -0.3637
vn -0.9505 0.3107 0.0001
vn 0.9507 0.3102 -0.0001
vn -0.8783 0.3103 -0.3638
vn -0.8783 0.3102 -0.3638
vn 0.8782 0.3105 0.3638
vn 0.8781 0.3105 0.3639
vn -0.6722 0.3105 -0.6722
vn 0.6722 0.3105 0.6721
vn -0.3638 0.3102 -0.8783
vn -0.3638 0.3103 -0.8783
vn 0.3639 0.3105 0.8782
vn 0.3638 0.3105 0.8782
vn 0.0001 0.3107 -0.9505
vn -0.0000 0.3102 0.9507
vn -0.3637 0.3107 0.8782
vn -0.0001 0.3102 0.9507
vn 0.3637 0.3100 -0.8784
vn -0.0000 -0.3187 -0.9479
vn -0.3772 -0.1726 -0.9099
vn -0.0000 -0.1723 -0.9851
vn -0.0000 -0.3188 0.9478
vn -0.3772 -0.1722 0.9100
vn -0.0000 -0.1722 0.9851
vn 0.3770 -0.1724 -0.9101
vn -0.9101 -0.1724 0.3770
vn 0.9100 -0.1722 -0.3772
vn -0.9851 -0.1723 -0.0000
vn -0.9099 -0.1725 -0.3771
vn -0.8757 -0.3187 -0.3627
vn 0.9100 -0.1726 0.3770
vn -0.6965 -0.1724 -0.6965
vn 0.6966 -0.1721 0.6965
vn -0.4177 -0.8068 -0.4177
vn -0.2937 -0.6410 -0.7092
vn -0.2261 -0.8068 -0.5458
vn 0.4176 -0.8070 0.4176
vn 0.7092 -0.6409 0.2937
vn -0.7091 -0.6410 -0.2937
vn 0.5908 -0.8068 -0.0000
vn -0.5455 -0.8071 -0.2259
vn 0.7092 -0.6409 -0.2937
vn -0.5456 -0.8070 0.2260
vn 0.4177 -0.8069 -0.4177
vn -0.2261 -0.8069 0.5457
vn 0.2261 -0.8068 -0.5458
vn -0.0000 -0.8070 0.5905
vn 0.2937 -0.6409 0.7092
vn -0.2937 -0.6409 0.7092
vn -0.0000 -0.8072 -0.5903
vn 0.2261 -0.8069 0.5457
vn -0.7069 -0.0279 0.7068
vn -0.3814 -0.0832 0.9207
vn -0.7047 -0.0831 0.7046
vn -0.0000 -0.0279 -0.9996
vn 0.3825 -0.0279 -0.9235
vn 0.3826 -0.0280 0.9235
vn -0.3825 -0.0280 0.9235
vn -0.3813 -0.0832 -0.9207
vn -0.0000 -0.0834 -0.9965
vn 0.3814 -0.0832 0.9206
vn -0.7068 -0.0280 -0.7068
vn -0.3825 -0.0279 -0.9235
vn 0.7068 -0.0279 0.7068
vn -0.9207 -0.0832 -0.3813
vn 0.9235 -0.0280 0.3826
vn -0.9996 -0.0279 -0.0000
vn -0.9235 -0.0279 -0.3825
vn 0.9235 -0.0280 -0.3825
vn -0.9965 -0.0834 -0.0000
vn 0.7068 -0.0279 -0.7069
vn -0.9235 -0.0279 0.3825
vn 0.7046 -0.0831 -0.7047
vn -0.4912 -0.7194 0.4911
vn 0.4912 -0.7194 0.4912
vn -0.4911 -0.7194 -0.4911
vn 0.6420 -0.7192 0.2657
vn -0.6417 -0.7194 -0.2658
vn -0.4913 -0.7192 -0.4913
vn 0.6418 -0.7194 0.2658
vn 0.6417 -0.7194 -0.2658
vn -0.6418 -0.7194 0.2658
vn -0.6417 -0.7194 0.2659
vn 0.3433 0.8743 -0.3432
vn 0.4770 0.7383 -0.4768
vn -0.6232 0.7383 0.2581
vn 0.6231 0.7383 -0.2581
vn -0.6231 0.7383 -0.2581
vn 0.6232 0.7383 0.2581
vn -0.4769 0.7384 -0.4769
vn -0.3431 0.8744 -0.3432
vn 0.3433 0.8742 0.3433
vn 0.1858 0.8742 0.4486
vn -0.0000 0.8742 -0.4855
vn -0.0000 0.7383 -0.6745
vn -0.0000 0.7384 0.6744
vn 0.1858 0.8742 -0.4486
vn -0.3657 0.2940 0.8831
vn -0.6758 0.2940 0.6759
vn 0.3658 0.2941 -0.8830
vn -0.6759 0.2940 -0.6759
vn -0.3658 0.2941 -0.8830
vn 0.8831 0.2939 0.3658
vn 0.6758 0.2941 0.6758
vn -0.8830 0.2941 -0.3658
vn -0.8830 0.2940 0.3658
vn 0.6759 0.2940 -0.6758
vn -0.3824 0.0289 -0.9235
vn 0.7068 0.0289 0.7069
vn -0.9235 0.0289 -0.3824
vn 0.7067 0.0289 -0.7069
vn -0.7069 0.0289 0.7067
vn -0.3826 0.0289 0.9235
vn 0.3826 0.0289 0.9235
vn 0.6961 0.1767 -0.6959
vn -0.9094 0.1765 0.3767
vn -0.9093 0.1766 0.3767
vn 0.9094 0.1762 -0.3767
vn 0.9843 0.1767 -0.0000
vn 0.9094 0.1762 0.3767
vn -0.6960 0.1767 -0.6960
vn -0.6960 0.1768 -0.6960
vn -0.3767 0.1762 -0.9094
vn -0.3766 0.1766 -0.9094
vn 0.3767 0.1765 0.9094
vn 0.3767 0.1761 0.9094
vn -0.0000 0.1768 -0.9843
vn -0.3767 0.1761 0.9094
vn -0.3767 0.1765 0.9094
vn 0.3767 0.1762 -0.9094
vn 0.6557 -0.3743 -0.6558
vn 0.3549 -0.3741 -0.8568
vn 0.3750 0.1986 -0.9055
vn 0.6930 0.1987 -0.6931
vn -0.6558 -0.3743 0.6557
vn -0.8568 -0.3741 0.3549
vn -0.8568 -0.3740 0.3549
vn -0.9055 0.1986 0.3750
vn -0.9055 0.1985 0.3750
vn -0.9271 -0.3749 -0.0000
vn -0.9270 -0.3750 -0.0000
vn -0.9799 0.1993 -0.0000
vn -0.8568 -0.3741 -0.3549
vn -0.8568 -0.3740 -0.3549
vn -0.9055 0.1986 -0.3750
vn -0.9055 0.1985 -0.3750
vn -0.6557 -0.3744 -0.6557
vn -0.6557 -0.3742 -0.6557
vn -0.6930 0.1988 -0.6930
vn 0.6556 -0.3748 0.6556
vn 0.6929 0.1991 0.6930
vn -0.3549 -0.3740 -0.8568
vn -0.3549 -0.3741 -0.8568
vn -0.3750 0.1985 -0.9055
vn -0.3750 0.1986 -0.9055
vn 0.3549 -0.3747 0.8565
vn 0.3548 -0.3747 0.8566
vn 0.3751 0.1991 0.9054
vn 0.3750 0.1990 0.9054
vn -0.0000 -0.3749 -0.9271
vn -0.0000 -0.3750 -0.9270
vn -0.0000 0.1993 -0.9799
vn -0.0000 0.1994 -0.9799
vn -0.0000 -0.3744 0.9273
vn -0.3549 -0.3747 0.8565
vn -0.3750 0.1990 0.9054
vn -0.0000 0.1989 0.9800
vn -0.3751 0.1990 0.9054
vn -0.0000 -0.3743 0.9273
vn 0.3549 -0.3740 -0.8568
vn 0.3750 0.1985 -0.9055
vn -0.1199 -0.9497 0.2894
vn 0.1198 -0.9497 -0.2893
vn 0.1199 -0.9497 0.2894
vn -0.1198 -0.9497 -0.2893
vn 0.2215 -0.9497 0.2215
vn -0.2217 -0.9496 -0.2217
vn -0.1198 -0.9497 -0.2892
vn -0.2892 -0.9497 -0.1198
vn -0.2216 -0.9496 -0.2216
vn -0.2893 -0.9497 0.1198
vn -0.3564 0.8637 0.3565
vn -0.3564 0.8637 0.3564
vn 0.3564 0.8638 -0.3563
vn 0.3564 0.8637 -0.3563
vn 0.4656 0.8638 -0.1928
vn 0.4659 0.8636 -0.1930
vn -0.4654 0.8639 -0.1927
vn 0.4659 0.8636 0.1930
vn 0.4656 0.8637 0.1927
vn -0.3564 0.8637 -0.3564
vn 0.3563 0.8637 0.3564
vn 0.1929 0.8637 0.4656
vn -0.0629 0.9864 0.1517
vn 0.1161 0.9864 0.1161
vn 0.0629 0.9864 0.1517
vn 0.1173 -0.9862 0.1173
vn 0.3826 0.0036 0.9239
vn -0.0635 -0.9862 -0.1532
vn 0.7071 0.0035 0.7071
vn -0.7071 0.0037 -0.7071
vn 0.9239 0.0036 0.3826
vn 0.0635 -0.9862 -0.1532
vn -0.1392 -0.9314 0.3362
vn 0.9165 0.1263 -0.3796
vn 0.9919 0.1269 -0.0000
vn -0.9164 0.1270 -0.3795
vn -0.9920 0.1265 -0.0000
vn 0.9165 0.1260 0.3796
vn -0.7015 0.1259 -0.7015
vn 0.9164 0.1264 0.3797
vn 0.7014 0.1269 0.7014
vn -0.3795 0.1270 -0.9164
vn -0.7015 0.1258 -0.7015
vn 0.3797 0.1264 0.9164
vn 0.7014 0.1270 0.7014
vn -0.0000 0.1261 -0.9920
vn -0.3795 0.1271 -0.9164
vn -0.3796 0.1263 0.9165
vn -0.0000 0.1269 0.9919
vn 0.3796 0.1260 0.9165
vn 0.3796 0.1267 -0.9164
vn 0.3795 0.1268 -0.9165
vn -0.9165 0.1267 0.3795
vn 0.5323 0.8174 -0.2205
vn -0.2205 0.8174 0.5322
vn -0.0000 0.8174 -0.5760
vn -0.0000 0.8174 0.5761
vn 0.2205 0.8174 0.5322
vn -0.2204 0.8174 -0.5323
vn -0.5323 0.8174 -0.2204
vn 0.9233 -0.0354 -0.3824
vn -0.9151 0.1381 -0.3790
vn 0.9233 -0.0353 0.3824
vn -0.9233 -0.0354 -0.3824
vn -0.7003 0.1381 -0.7003
vn 0.9150 0.1381 0.3790
vn -0.7067 -0.0353 -0.7067
vn 0.3791 0.1380 0.9150
vn -0.3790 0.1381 -0.9151
vn -0.3790 0.1380 0.9150
vn -0.0000 0.1381 0.9904
vn 0.3824 -0.0353 0.9233
vn 0.3825 -0.0353 -0.9233
vn -0.0000 0.1380 -0.9904
vn 0.7066 -0.0353 -0.7067
vn -0.7067 -0.0353 0.7066
vn -0.9150 0.1381 0.3790
vn -0.9233 -0.0353 0.3825
vn 0.4695 -0.7477 -0.4696
vn -0.4696 -0.7477 0.4695
vn -0.0000 -0.7477 -0.6640
vn 0.2541 -0.7477 0.6134
vn -0.2542 -0.7477 -0.6135
vn 0.4695 -0.7478 0.4695
vn -0.4696 -0.7476 -0.4696
vn 0.6134 -0.7477 0.2541
vn -0.6135 -0.7477 -0.2542
vn 0.9534 0.3018 -0.0000
vn 0.6741 0.3018 0.6742
vn 0.8808 0.3018 0.3649
vn 0.3649 0.3016 0.8808
vn -0.0000 0.3017 -0.9534
vn -0.3649 0.3016 0.8808
vn -0.6741 0.3018 0.6742
vn -0.0000 -0.9908 0.1351
vn -0.0000 -0.9908 -0.1352
vn 0.5983 0.5331 0.5983
vn 0.8953 -0.2468 0.3709
vn -0.7817 0.5331 -0.3237
vn -0.5510 -0.6268 -0.5510
vn -0.5550 0.8319 -0.0000
vn 0.3924 0.8318 -0.3925
vn 0.6852 -0.2468 -0.6853
vn -0.3925 0.8318 0.3924
vn -0.6853 -0.2468 0.6852
vn 0.3238 0.5331 -0.7817
vn 0.2982 -0.6267 -0.7199
vn -0.3238 0.5330 0.7817
vn -0.2982 -0.6268 0.7199
vn -0.0000 0.8319 -0.5550
vn 0.3238 0.5330 0.7817
vn 0.3709 -0.2468 0.8953
vn 0.2982 -0.6268 0.7199
vn -0.3237 0.5331 -0.7817
vn -0.2982 -0.6267 -0.7199
vn -0.0000 0.1249 -0.9922
vn -0.0000 0.1250 0.9922
vn 0.3797 0.1249 -0.9166
vn -0.9166 0.1249 0.3797
vn -0.2750 0.9213 -0.2750
vn 0.2751 0.9212 0.2751
vn -0.2751 0.9212 0.2750
vn 0.2750 0.9212 -0.2751
vn 0.3826 -0.0000 0.9239
vn -0.3826 -0.0000 0.9239
vn 0.8831 0.2940 -0.3657
vn 0.6493 -0.7606 -0.0000
vn 0.5997 -0.7608 -0.2483
vn -0.5364 0.6515 0.5364
vn -0.2904 0.6515 0.7009
vn -0.5367 0.6511 0.5367
vn 0.8783 0.3102 0.3639
vn 0.6722 0.3102 0.6723
vn -0.5999 -0.7605 -0.2485
vn -0.5998 -0.7606 0.2484
vn -0.2483 -0.7609 -0.5995
vn 0.2484 -0.7606 0.5998
vn -0.0000 -0.7609 -0.6489
vn -0.0000 -0.7609 0.6488
vn 0.2483 -0.7608 -0.5996
vn -0.2485 -0.7606 0.5998
vn 0.4591 -0.7606 -0.4590
vn 0.5997 -0.7607 -0.2484
vn -0.9100 -0.1722 0.3770
vn -0.3639 0.3102 -0.8783
vn 0.3637 0.3107 0.8782
vn -0.0000 0.3106 -0.9505
vn -0.0000 0.3108 -0.9505
vn -0.0000 0.3103 0.9507
vn 0.3638 0.3102 -0.8783
vn -0.3638 0.3107 0.8782
vn -0.3637 0.3107 0.8781
vn 0.6722 0.3105 -0.6722
vn -0.6722 0.3101 0.6722
vn -0.6722 0.3105 0.6721
vn 0.8783 0.3102 -0.3638
vn -0.8782 0.3107 0.3638
vn -0.8781 0.3107 0.3637
vn -0.9506 0.3103 -0.0000
vn -0.8781 0.3107 -0.3637
vn -0.9507 0.3102 -0.0000
vn 0.9101 -0.1723 -0.3769
vn 0.9850 -0.1726 -0.0000
vn -0.9100 -0.1725 -0.3769
vn 0.9101 -0.1724 0.3770
vn -0.3770 -0.1724 -0.9101
vn 0.3772 -0.1722 0.9100
vn -0.0000 -0.1721 0.9851
vn 0.3772 -0.1726 -0.9099
vn 0.3627 -0.3187 -0.8757
vn -0.3770 -0.1722 0.9100
vn 0.8757 -0.3187 -0.3627
vn 0.7091 -0.6410 -0.2937
vn 0.5458 -0.8068 -0.2261
vn 0.5428 -0.6410 -0.5428
vn -0.2938 -0.6409 0.7092
vn 0.2937 -0.6410 -0.7091
vn -0.2260 -0.8069 0.5457
vn 0.2260 -0.8070 -0.5456
vn -0.0000 -0.8068 0.5908
vn 0.2938 -0.6409 0.7092
vn -0.0000 -0.8069 -0.5907
vn -0.2938 -0.6409 -0.7091
vn 0.7091 -0.6409 0.2938
vn -0.5457 -0.8069 -0.2261
vn 0.5456 -0.8070 0.2259
vn -0.5457 -0.8069 0.2260
vn 0.5903 -0.8072 -0.0000
vn -0.7068 -0.0279 -0.7069
vn -0.7046 -0.0831 -0.7047
vn 0.9235 -0.0279 0.3826
vn 0.9206 -0.0832 0.3814
vn -0.9235 -0.0280 0.3826
vn -0.9235 -0.0280 -0.3825
vn 0.9235 -0.0279 -0.3826
vn -0.9206 -0.0832 0.3814
vn 0.7068 -0.0280 -0.7068
vn -0.3826 -0.0280 0.9235
vn -0.7068 -0.0279 0.7068
vn 0.3813 -0.0832 -0.9207
vn 0.3825 -0.0280 0.9235
vn 0.7069 -0.0279 0.7068
vn 0.7047 -0.0831 0.7046
vn 0.6417 -0.7194 0.2659
vn -0.6420 -0.7192 -0.2658
vn -0.4912 -0.7194 0.4912
vn 0.4911 -0.7194 -0.4911
vn 0.2658 -0.7192 0.6420
vn 0.4912 -0.7194 0.4911
vn -0.0000 0.8743 0.4855
vn 0.4769 0.7384 -0.4769
vn 0.3431 0.8744 -0.3432
vn -0.3433 0.8742 0.3433
vn -0.8831 0.2940 -0.3657
vn -0.6759 0.2940 -0.6758
vn 0.9558 0.2939 -0.0000
vn 0.8830 0.2940 0.3658
vn -0.8831 0.2939 0.3658
vn 0.6759 0.2940 -0.6759
vn 0.8830 0.2941 -0.3658
vn -0.3658 0.2939 0.8831
vn -0.6758 0.2941 0.6758
vn -0.3658 0.2940 -0.8830
vn 0.6758 0.2940 0.6759
vn 0.9235 0.0289 -0.3824
vn 0.3824 0.0289 -0.9235
vn 0.7069 0.0289 0.7067
vn -0.7067 0.0289 -0.7069
vn 0.9093 0.1766 0.3767
vn -0.3767 0.1766 -0.9093
vn 0.3768 0.1763 0.9094
vn 0.3767 0.1763 0.9094
vn -0.0000 0.1764 -0.9843
vn -0.0000 0.1766 0.9843
vn 0.3767 0.1763 -0.9094
vn -0.3767 0.1766 0.9094
vn 0.6960 0.1768 -0.6960
vn 0.6960 0.1767 -0.6960
vn -0.6961 0.1761 0.6961
vn 0.9094 0.1766 -0.3767
vn 0.9094 0.1766 -0.3766
vn -0.9094 0.1764 0.3767
vn -0.9094 0.1761 0.3767
vn -0.9843 0.1766 -0.0000
vn -0.9094 0.1761 -0.3767
vn -0.9094 0.1765 -0.3767
vn -0.6961 0.1764 -0.6960
vn 0.8566 -0.3747 0.3547
vn 0.6556 -0.3743 0.6558
vn 0.6929 0.1987 0.6931
vn -0.3547 -0.3747 -0.8566
vn -0.3749 0.1991 -0.9054
vn -0.3750 0.1991 -0.9054
vn -0.0000 -0.3746 -0.9272
vn -0.0000 0.1990 -0.9800
vn -0.0000 0.1991 -0.9800
vn 0.3549 -0.3746 -0.8566
vn -0.3751 0.1991 0.9054
vn 0.6558 -0.3739 -0.6558
vn 0.6559 -0.3738 -0.6559
vn 0.6930 0.1984 -0.6931
vn 0.6930 0.1986 -0.6930
vn -0.6556 -0.3748 0.6556
vn -0.6929 0.1991 0.6930
vn 0.8566 -0.3746 -0.3549
vn 0.9054 0.1990 -0.3751
vn 0.9272 -0.3746 -0.0000
vn 0.9271 -0.3747 -0.0000
vn -0.9800 0.1988 -0.0000
vn -0.6558 -0.3743 -0.6556
vn -0.6931 0.1987 -0.6929
vn 0.2895 -0.9496 -0.1200
vn -0.2215 -0.9497 0.2215
vn 0.2216 -0.9496 -0.2216
vn 0.2892 -0.9497 -0.1198
vn 0.1198 -0.9497 -0.2892
vn 0.4657 0.8637 -0.1928
vn -0.0000 0.8640 -0.5036
vn 0.1928 0.8637 -0.4657
vn -0.1929 0.8637 0.4656
vn -0.1161 0.9864 0.1161
vn -0.1517 0.9864 0.0629
vn -0.1173 -0.9862 0.1173
vn -0.9239 0.0036 0.3826
vn -0.7071 0.0035 0.7071
vn 0.7071 0.0037 -0.7071
vn -0.3826 0.0036 0.9239
vn -0.3362 -0.9315 -0.1392
vn 0.1392 -0.9314 0.3362
vn 0.3796 0.1267 0.9164
vn 0.3795 0.1262 0.9165
vn -0.7072 -0.0000 -0.7071
vn 0.3796 0.1266 -0.9164
vn -0.3796 0.1262 0.9165
vn -0.0000 0.1265 0.9920
vn 0.7015 0.1259 -0.7015
vn -0.7014 0.1266 0.7014
vn 0.9164 0.1266 -0.3796
vn 0.7014 0.1263 -0.7014
vn -0.9166 0.1262 0.3795
vn -0.7013 0.1269 0.7014
vn 0.9164 0.1270 -0.3795
vn -0.9164 0.1267 -0.3796
vn -0.9165 0.1260 0.3796
vn 0.9165 0.1264 0.3796
vn -0.3796 0.1266 -0.9164
vn -0.3796 0.1266 -0.9165
vn -0.2205 0.8173 -0.5323
vn -0.4074 0.8173 -0.4074
vn 0.5760 0.8175 -0.0000
vn 0.5323 0.8174 -0.2204
vn -0.4074 0.8173 0.4074
vn 0.2204 0.8174 -0.5323
vn 0.3790 0.1380 0.9150
vn 0.3790 0.1381 -0.9151
vn -0.3824 -0.0353 0.9233
vn 0.3824 -0.0354 -0.9233
vn -0.3791 0.1380 0.9150
vn -0.9150 0.1380 0.3791
vn -0.7004 0.1381 0.7003
vn 0.9151 0.1381 -0.3790
vn -0.9150 0.1380 -0.3790
vn -0.9233 -0.0355 0.3825
vn 0.9233 -0.0353 0.3825
vn -0.7067 -0.0354 -0.7067
vn 0.7067 -0.0353 0.7066
vn -0.3825 -0.0353 -0.9233
vn 0.4696 -0.7477 0.4695
vn -0.4695 -0.7477 -0.4696
vn -0.6136 -0.7476 -0.2541
vn -0.6136 -0.7476 -0.2542
vn -0.6136 -0.7476 0.2542
vn -0.6135 -0.7476 0.2542
vn 0.6135 -0.7477 -0.2542
vn -0.4695 -0.7477 0.4695
vn -0.4695 -0.7478 0.4695
vn 0.4696 -0.7476 -0.4696
vn -0.2541 -0.7477 0.6134
vn 0.2542 -0.7477 -0.6135
vn 0.6741 0.3018 -0.6741
vn -0.9534 0.3018 -0.0000
vn -0.8808 0.3018 0.3649
vn -0.5983 0.5331 0.5983
vn -0.3709 -0.2468 0.8953
vn 0.3237 0.5331 -0.7817
vn 0.5510 -0.6268 -0.5510
vn -0.3238 0.5331 -0.7817
vn 0.3925 0.8318 0.3924
vn 0.6853 -0.2468 0.6852
vn -0.3924 0.8318 -0.3925
vn -0.6852 -0.2468 -0.6853
vn 0.7817 0.5331 0.3238
vn 0.5127 0.8319 0.2124
vn -0.8953 -0.2468 0.3709
vn 0.9166 0.1249 0.3797
vn -0.3797 0.1249 -0.9166
vn 0.2750 0.9213 -0.2750
vn -0.2751 0.9212 0.2751
vn -0.2750 0.9212 -0.2751
vn 0.2751 0.9212 0.2750
vn -0.9239 -0.0000 -0.3826
vn 0.3657 0.2940 0.8831
vn -0.0000 0.9064 -0.4224
vn 0.4219 0.9066 -0.0000
vn -0.0000 0.9064 0.4224
vn -0.4219 0.9066 -0.0000
vn -0.3443 -0.8735 -0.3443
vn -0.3443 -0.8735 0.3443
vn 0.3443 -0.8735 0.3443
vn 0.3443 -0.8735 -0.3443
s 1
f 1//1 10//2 9//3
f 2//4 11//5 10//2
f 3//6 12//7 11//5
f 4//8 13//9 12//7
f 6//10 13//9 5//11
f 7//12 14//13 6//10
f 8//14 15//15 7//12
f 65//16 16//17 8//14
f 9//3 18//18 17//19
f 10//2 19//20 18//18
f 11//5 20//21 19//20
f 12//7 21//22 20//21
f 14//13 21//22 13//9
f 15//15 22//23 14//13
f 16//17 23//24 15//15
f 73//25 24//26 16//17
f 17//19 26//27 25//28
f 18//18 27//29 26//27
f 19//20 28//30 27//29
f 20//21 29//31 28//30
f 22//23 29//31 21//22
f 23//24 30//32 22//23
f 24//26 31//33 23//24
f 81//34 32//35 24//26
f 25//28 34//36 33//37
f 26//27 35//38 34//36
f 27//29 36//39 35//38
f 28//30 37//40 36//39
f 30//32 37//40 29//31
f 31//33 38//41 30//32
f 32//35 39//42 31//33
f 89//43 40//44 32//35
f 34//36 41//45 33//37
f 35//38 42//46 34//36
f 36//39 43//47 35//38
f 37//40 44//48 36//39
f 37//40 46//49 45//50
f 38//41 47//51 46//49
f 39//42 48//52 47//51
f 40//44 105//53 48//52
f 42//46 49//54 41//45
f 43//47 50//55 42//46
f 44//48 51//56 43//47
f 45//50 52//57 44//48
f 45//50 54//58 53//59
f 46//49 55//60 54//58
f 47//51 56//61 55//60
f 48//52 113//62 56//61
f 50//55 57//63 49//54
f 51//56 58//64 50//55
f 52//57 59//65 51//56
f 53//59 60//66 52//57
f 53//59 62//67 61//68
f 54//58 63//69 62//67
f 55//60 64//70 63//69
f 56//61 121//71 64//70
f 58//64 306//72 57//63
f 59//65 307//73 58//64
f 60//66 308//74 59//65
f 61//68 309//75 60//66
f 61//68 311//76 310//77
f 62//67 312//78 311//76
f 63//69 313//79 312//78
f 64//70 314//80 313//79
f 65//16 74//81 73//25
f 66//82 75//83 74//81
f 67//84 76//85 75//83
f 68//86 77//87 76//85
f 70//88 77//87 69//89
f 71//90 78//91 70//88
f 72//92 79//93 71//90
f 129//94 80//95 72//92
f 73//25 82//96 81//34
f 74//81 83//97 82//96
f 75//83 84//98 83//97
f 76//85 85//99 84//98
f 78//91 85//99 77//87
f 79//93 86//100 78//91
f 80//95 87//101 79//93
f 137//102 88//103 80//95
f 81//34 90//104 89//43
f 82//96 91//105 90//104
f 83//97 92//106 91//105
f 84//98 93//107 92//106
f 86//100 93//107 85//99
f 87//101 94//108 86//100
f 88//103 95//109 87//101
f 145//110 96//111 88//103
f 89//43 98//112 97//113
f 90//104 99//114 98//112
f 91//105 100//115 99//114
f 92//106 101//116 100//115
f 94//108 101//116 93//107
f 95//109 102//117 94//108
f 96//111 103//118 95//109
f 153//119 104//120 96//111
f 98//112 105//53 97//113
f 99//114 106//121 98//112
f 100//115 107//122 99//114
f 101//116 108//123 100//115
f 101//116 110//124 109//125
f 102//117 111//126 110//124
f 103//118 112//127 111//126
f 104//120 169//128 112//127
f 106//121 113//62 105//53
f 107//122 114//129 106//121
f 108//123 115//130 107//122
f 109//125 116//131 108//123
f 109//125 118//132 117//133
f 110//124 119//134 118//132
f 111//126 120//135 119//134
f 112//127 177//136 120//135
f 114//129 121//71 113//62
f 115//130 122//137 114//129
f 116//131 123//138 115//130
f 117//133 124//139 116//131
f 117//133 126//140 125//141
f 118//132 127//142 126//140
f 119//134 128//143 127//142
f 120//135 185//144 128//143
f 122//137 314//80 121//71
f 123//138 323//145 122//137
f 124//139 332//146 123//138
f 125//141 341//147 124//139
f 125//141 359//148 350//149
f 126//140 368//150 359//148
f 127//142 377//151 368//150
f 128//143 386//152 377//151
f 129//94 138//153 137//102
f 130//154 139//155 138//153
f 131//156 140//157 139//155
f 132//158 141//159 140//157
f 134//160 141//159 133//161
f 135//162 142//163 134//160
f 136//164 143//165 135//162
f 193//166 144//167 136//164
f 137//102 146//168 145//110
f 138//153 147//169 146//168
f 139//155 148//170 147//169
f 140//157 149//171 148//170
f 142//163 149//171 141//159
f 143//165 150//172 142//163
f 144//167 151//173 143//165
f 201//174 152//175 144//167
f 145//110 154//176 153//119
f 146//168 155//177 154//176
f 147//169 156//178 155//177
f 148//170 157//179 156//178
f 150//172 157//179 149//171
f 151//173 158//180 150//172
f 152//175 159//181 151//173
f 209//182 160//183 152//175
f 153//119 162//184 161//185
f 154//176 163//186 162//184
f 155//177 164//187 163//186
f 156//178 165//188 164//187
f 158//180 165//188 157//179
f 159//181 166//189 158//180
f 160//183 167//190 159//181
f 217//191 168//192 160//183
f 162//184 169//128 161//185
f 163//186 170//193 162//184
f 164//187 171//194 163//186
f 165//188 172//195 164//187
f 165//188 174//196 173//197
f 166//189 175//198 174//196
f 167//190 176//199 175//198
f 168//192 233//200 176//199
f 170//193 177//136 169//128
f 171//194 178//201 170//193
f 172//195 179//202 171//194
f 173//197 180//203 172//195
f 173//197 182//204 181//205
f 174//196 183//206 182//204
f 175//198 184//207 183//206
f 176//199 241//208 184//207
f 178//201 185//144 177//136
f 179//202 186//209 178//201
f 180//203 187//210 179//202
f 181//205 188//211 180//203
f 181//205 190//212 189//213
f 182//204 191//214 190//212
f 183//206 192//215 191//214
f 184//207 249//216 192//215
f 186//209 386//152 185//144
f 187//210 385//217 186//209
f 188//211 384//218 187//210
f 189//213 383//219 188//211
f 189//213 381//220 382//221
f 190//212 380//222 381//220
f 191//214 379//223 380//222
f 192//215 378//224 379//223
f 193//166 202//225 201//174
f 194//226 203//227 202//225
f 195//228 204//229 203//227
f 196//230 205//231 204//229
f 198//232 205//231 197//233
f 199//234 206//235 198//232
f 200//236 207//237 199//234
f 1//1 208//238 200//236
f 201//174 210//239 209//182
f 202//225 211//240 210//239
f 203//227 212//241 211//240
f 204//229 213//242 212//241
f 206//235 213//242 205//231
f 207//237 214//243 206//235
f 208//238 215//244 207//237
f 9//3 216//245 208//238
f 209//182 218//246 217//191
f 210//239 219//247 218//246
f 211//240 220//248 219//247
f 212//241 221//249 220//248
f 214//243 221//249 213//242
f 215//244 222//250 214//243
f 216//245 223//251 215//244
f 17//19 224//252 216//245
f 217//191 226//253 225//254
f 218//246 227//255 226//253
f 219//247 228//256 227//255
f 220//248 229//257 228//256
f 222//250 229//257 221//249
f 223//251 230//258 222//250
f 224//252 231//259 223//251
f 25//28 232//260 224//252
f 226//253 233//200 225//254
f 227//255 234//261 226//253
f 228//256 235//262 227//255
f 229//257 236//263 228//256
f 229//257 238//264 237//265
f 230//258 239//266 238//264
f 231//259 240//267 239//266
f 232//260 41//45 240//267
f 234//261 241//208 233//200
f 235//262 242//268 234//261
f 236//263 243//269 235//262
f 237//265 244//270 236//263
f 237//265 246//271 245//272
f 238//264 247//273 246//271
f 239//266 248//274 247//273
f 240//267 49//54 248//274
f 242//268 249//216 241//208
f 243//269 250//275 242//268
f 244//270 251//276 243//269
f 245//272 252//277 244//270
f 245//272 254//278 253//279
f 246//271 255//280 254//278
f 247//273 256//281 255//280
f 248//274 57//63 256//281
f 250//275 378//224 249//216
f 251//276 369//282 250//275
f 252//277 360//283 251//276
f 253//279 351//284 252//277
f 253//279 333//285 342//286
f 254//278 324//287 333//285
f 255//280 315//288 324//287
f 256//281 306//72 315//288
f 193//166 257//289 194//226
f 136//164 258//290 257//289
f 135//162 259//291 258//290
f 134//160 260//292 259//291
f 132//158 260//292 133//161
f 131//156 261//293 132//158
f 130//154 262//294 131//156
f 129//94 263//295 130//154
f 194//226 264//296 195//228
f 257//289 265//297 264//296
f 258//290 266//298 265//297
f 259//291 267//299 266//298
f 261//293 267//299 260//292
f 262//294 268//300 261//293
f 263//295 269//301 262//294
f 72//92 270//302 263//295
f 195//228 271//303 196//230
f 264//296 272//304 271//303
f 265//297 273//305 272//304
f 266//298 274//306 273//305
f 268//300 274//306 267//299
f 269//301 275//307 268//300
f 270//302 276//308 269//301
f 71//90 277//309 270//302
f 196//230 278//310 197//233
f 271//303 279//311 278//310
f 272//304 280//312 279//311
f 273//305 281//313 280//312
f 275//307 281//313 274//306
f 276//308 282//314 275//307
f 277//309 283//315 276//308
f 70//88 284//316 277//309
f 278//310 198//232 197//233
f 279//311 285//317 278//310
f 280//312 286//318 279//311
f 281//313 287//319 280//312
f 281//313 289//320 288//321
f 282//314 290//322 289//320
f 283//315 291//323 290//322
f 284//316 68//86 291//323
f 285//317 199//234 198//232
f 286//318 292//324 285//317
f 287//319 293//325 286//318
f 288//321 294//326 287//319
f 288//321 296//327 295//328
f 289//320 297//329 296//327
f 290//322 298//330 297//329
f 291//323 67//84 298//330
f 292//324 200//236 199//234
f 293//325 299//331 292//324
f 294//326 300//332 293//325
f 295//328 301//333 294//326
f 295//328 303//334 302//335
f 296//327 304//336 303//334
f 297//329 305//337 304//336
f 298//330 66//82 305//337
f 299//331 1//1 200//236
f 300//332 2//4 299//331
f 301//333 3//6 300//332
f 302//335 4//8 301//333
f 302//335 6//10 5//11
f 303//334 7//12 6//10
f 304//336 8//14 7//12
f 305//337 65//16 8//14
f 306//72 316//338 315//288
f 307//73 317//339 316//338
f 308//74 318//340 317//339
f 309//75 319//341 318//340
f 311//76 319//341 310//77
f 312//78 320//342 311//76
f 313//79 321//343 312//78
f 314//80 322//344 313//79
f 315//288 325//345 324//287
f 316//338 326//346 325//345
f 317//339 327//347 326//346
f 318//340 328//348 327//347
f 320//342 328//348 319//341
f 321//343 329//349 320//342
f 322//344 330//350 321//343
f 323//145 331//351 322//344
f 324//287 334//352 333//285
f 325//345 335//353 334//352
f 326//346 336//354 335//353
f 327//347 337//355 336//354
f 329//349 337//355 328//348
f 330//350 338//356 329//349
f 331//351 339//357 330//350
f 332//146 340//358 331//351
f 333//285 343//359 342//286
f 334//352 344//360 343//359
f 335//353 345//361 344//360
f 336//354 346//362 345//361
f 338//356 346//362 337//355
f 339//357 347//363 338//356
f 340//358 348//364 339//357
f 341//147 349//365 340//358
f 343//359 351//284 342//286
f 344//360 352//366 343//359
f 345//361 353//367 344//360
f 346//362 354//368 345//361
f 346//362 356//369 355//370
f 347//363 357//371 356//369
f 348//364 358//372 357//371
f 349//365 359//148 358//372
f 352//366 360//283 351//284
f 353//367 361//373 352//366
f 354//368 362//374 353//367
f 355//370 363//375 354//368
f 355//370 365//376 364//377
f 356//369 366//378 365//376
f 357//371 367//379 366//378
f 358//372 368//150 367//379
f 361//373 369//282 360//283
f 362//374 370//380 361//373
f 363//375 371//381 362//374
f 364//377 372//382 363//375
f 364//377 374//383 373//384
f 365//376 375//385 374//383
f 366//378 376//386 375//385
f 367//379 377//151 376//386
f 370//380 378//224 369//282
f 371//381 379//223 370//380
f 372//382 380//222 371//381
f 373//384 381//220 372//382
f 373//384 383//219 382//221
f 374//383 384//218 383//219
f 375//385 385//217 384//218
f 376//386 386//152 385//217
f 510//40 404//40 509//40
f 528//37 405//37 527//37
f 546//257 406//257 545//257
f 564//254 407//254 563//254
f 438//188 408//188 437//188
f 456//185 409//185 455//185
f 414//387 555//388 560//388
f 474//116 410//116 473//116
f 492//113 403//113 491//113
f 397//188 446//188 443//188
f 387//389 507//390 513//390
f 389//391 525//392 531//392
f 391//393 543//394 549//394
f 393//395 561//396 567//396
f 395//397 435//398 441//398
f 397//399 453//400 459//400
f 399//401 471//402 477//402
f 401//403 489//404 495//404
f 542//405 392//406 537//405
f 393//257 554//257 551//257
f 389//40 518//40 515//40
f 387//113 500//113 497//113
f 399//185 464//185 461//185
f 395//254 572//254 569//254
f 391//37 536//37 533//37
f 401//116 482//116 479//116
f 390//362 510//362 519//362
f 392//362 528//362 537//362
f 394//362 546//362 555//362
f 396//362 564//362 573//362
f 398//362 438//362 447//362
f 400//362 456//362 465//362
f 402//362 474//362 483//362
f 388//362 492//362 501//362
f 411//313 516//313 522//313
f 412//313 534//313 540//313
f 413//313 552//313 558//313
f 414//313 570//313 576//313
f 415//313 444//313 450//313
f 416//313 462//313 468//313
f 417//313 480//313 486//313
f 418//313 498//313 504//313
f 578//407 396//408 573//407
f 416//409 447//410 452//410
f 470//411 400//412 465//411
f 418//413 483//414 488//414
f 506//415 388//416 501//415
f 412//417 519//418 524//418
f 415//408 449//419 396//408
f 450//419 448//420 449//419
f 452//410 448//420 451//420
f 416//313 446//313 432//313
f 452//313 445//313 446//313
f 450//313 445//313 451//313
f 396//362 440//362 423//362
f 449//362 439//362 440//362
f 447//362 439//362 448//362
f 397//399 437//398 408//399
f 443//398 436//398 437//398
f 441//398 436//398 442//398
f 441//188 431//188 395//188
f 442//188 444//188 441//188
f 443//188 445//188 442//188
f 423//188 435//188 407//188
f 440//188 436//188 435//188
f 439//188 437//188 436//188
f 468//421 398//409 416//409
f 469//422 467//421 468//421
f 469//422 465//411 466//422
f 417//313 464//313 433//313
f 470//313 463//313 464//313
f 468//313 463//313 469//313
f 398//362 458//362 424//362
f 467//362 457//362 458//362
f 465//362 457//362 466//362
f 459//185 432//185 397//185
f 460//185 462//185 459//185
f 461//185 463//185 460//185
f 399//401 455//400 409//401
f 461//400 454//400 455//400
f 459//400 454//400 460//400
f 424//185 453//185 408//185
f 458//185 454//185 453//185
f 457//185 455//185 454//185
f 417//412 485//423 400//412
f 486//423 484//424 485//423
f 488//414 484//424 487//424
f 418//313 482//313 434//313
f 488//313 481//313 482//313
f 486//313 481//313 487//313
f 400//362 476//362 425//362
f 485//362 475//362 476//362
f 483//362 475//362 484//362
f 477//116 433//116 399//116
f 478//116 480//116 477//116
f 479//116 481//116 478//116
f 401//403 473//402 410//403
f 479//402 472//402 473//402
f 477//402 472//402 478//402
f 425//116 471//116 409//116
f 476//116 472//116 471//116
f 475//116 473//116 472//116
f 504//425 402//413 418//413
f 505//426 503//425 504//425
f 505//426 501//415 502//426
f 411//313 500//313 427//313
f 506//313 499//313 500//313
f 504//313 499//313 505//313
f 402//362 494//362 426//362
f 503//362 493//362 494//362
f 501//362 493//362 502//362
f 495//113 434//113 401//113
f 496//113 498//113 495//113
f 497//113 499//113 496//113
f 387//389 491//404 403//389
f 497//404 490//404 491//404
f 495//404 490//404 496//404
f 426//113 489//113 410//113
f 494//113 490//113 489//113
f 493//113 491//113 490//113
f 411//416 521//427 388//416
f 522//427 520//428 521//427
f 524//418 520//428 523//428
f 412//313 518//313 428//313
f 524//313 517//313 518//313
f 522//313 517//313 523//313
f 388//362 512//362 420//362
f 521//362 511//362 512//362
f 519//362 511//362 520//362
f 513//40 427//40 387//40
f 514//40 516//40 513//40
f 515//40 517//40 514//40
f 389//391 509//390 404//391
f 515//390 508//390 509//390
f 513//390 508//390 514//390
f 420//40 507//40 403//40
f 512//40 508//40 507//40
f 511//40 509//40 508//40
f 413//313 536//313 429//313
f 542//313 535//313 536//313
f 540//313 535//313 541//313
f 390//362 530//362 419//362
f 539//362 529//362 530//362
f 537//362 529//362 538//362
f 531//37 428//37 389//37
f 532//37 534//37 531//37
f 533//37 535//37 532//37
f 540//429 390//417 412//417
f 541//430 539//429 540//429
f 541//430 537//405 538//430
f 391//393 527//392 405//393
f 533//392 526//392 527//392
f 531//392 526//392 532//392
f 419//37 525//37 404//37
f 530//37 526//37 525//37
f 529//37 527//37 526//37
f 414//313 554//313 430//313
f 560//313 553//313 554//313
f 558//313 553//313 559//313
f 392//362 548//362 421//362
f 557//362 547//362 548//362
f 555//362 547//362 556//362
f 549//257 429//257 391//257
f 550//257 552//257 549//257
f 551//257 553//257 550//257
f 393//395 545//394 406//395
f 551//394 544//394 545//394
f 549//394 544//394 550//394
f 413//406 557//431 392//406
f 558//431 556//432 557//431
f 560//388 556//432 559//432
f 421//257 543//257 405//257
f 548//257 544//257 543//257
f 547//257 545//257 544//257
f 576//433 394//387 414//387
f 577//434 575//433 576//433
f 577//434 573//407 574//434
f 415//313 572//313 431//313
f 578//313 571//313 572//313
f 576//313 571//313 577//313
f 394//362 566//362 422//362
f 575//362 565//362 566//362
f 573//362 565//362 574//362
f 567//254 430//254 393//254
f 568//254 570//254 567//254
f 569//254 571//254 568//254
f 395//397 563//396 407//397
f 569//396 562//396 563//396
f 567//396 562//396 568//396
f 422//254 561//254 406//254
f 566//254 562//254 561//254
f 565//254 563//254 562//254
f 580//40 612//435 611//40
f 582//435 613//37 612//435
f 584//37 614//436 613//37
f 586//436 615//257 614//436
f 588//257 616//437 615//257
f 590//437 617//254 616//437
f 592//254 618//438 617//254
f 594//438 619//188 618//438
f 596//188 620//439 619//188
f 598//439 621//185 620//439
f 600//185 622//440 621//185
f 602//440 623//116 622//440
f 604//116 624//441 623//116
f 582//362 739//362 584//362
f 606//441 625//113 624//441
f 608//113 626//442 625//113
f 641//443 611//444 642//444
f 625//445 641//443 640//445
f 639//446 625//445 640//445
f 623//447 639//446 638//447
f 637//448 623//447 638//447
f 621//449 637//448 636//449
f 635//450 621//449 636//449
f 619//451 635//450 634//451
f 633//452 619//451 634//451
f 617//453 633//452 632//453
f 631//454 617//453 632//453
f 615//455 631//454 630//455
f 629//456 615//455 630//455
f 613//457 629//456 628//457
f 627//458 613//457 628//457
f 611//444 627//458 642//444
f 675//459 627//460 676//461
f 676//461 628//462 677//462
f 628//462 678//463 677//462
f 629//464 679//465 678//463
f 679//465 631//466 680//467
f 680//467 632//468 681//468
f 632//468 682//469 681//468
f 633//470 683//471 682//469
f 683//471 635//472 684//473
f 684//473 636//474 685//474
f 636//474 686//475 685//474
f 637//476 687//477 686//475
f 687//477 639//478 688//479
f 688//479 640//480 689//480
f 640//480 690//481 689//480
f 641//482 675//459 690//481
f 734//483 579//40 609//442
f 731//484 609//442 607//113
f 728//485 607//113 605//441
f 725//486 605//441 603//116
f 722//487 603//116 601//440
f 719//488 601//440 599//185
f 716//489 599//185 597//439
f 713//490 597//439 595//188
f 710//491 595//188 593//438
f 707//492 593//438 591//254
f 704//493 591//254 589//437
f 701//494 589//437 587//257
f 698//495 587//257 585//436
f 737//496 643//497 691//498
f 695//499 585//436 583//37
f 691//498 644//500 694//501
f 736//502 581//435 579//40
f 644//500 697//503 694//501
f 645//504 700//505 697//503
f 700//505 647//506 703//507
f 703//507 648//508 706//509
f 648//508 709//510 706//509
f 649//511 712//512 709//510
f 712//512 651//513 715//514
f 715//514 652//515 718//516
f 652//515 721//517 718//516
f 653//518 724//519 721//517
f 724//519 655//520 727//521
f 727//521 656//522 730//523
f 656//522 733//524 730//523
f 657//525 737//496 733//524
f 657//526 659//527 658//528
f 656//529 674//530 657//526
f 672//531 656//529 655//532
f 671//533 655//532 654//534
f 653//535 671//533 654//534
f 652//536 670//537 653//535
f 668//538 652//536 651//539
f 667//540 651//539 650//541
f 649//542 667//540 650//541
f 648//543 666//544 649//542
f 664//545 648//543 647//546
f 663//547 647//546 646//548
f 645//549 663//547 646//548
f 644//550 662//551 645//549
f 660//552 644//550 643//553
f 659//527 643//553 658//528
f 674//554 675//555 659//555
f 673//556 690//557 674//554
f 688//558 673//556 672//559
f 687//560 672//559 671//560
f 670//561 687//560 671//560
f 669//562 686//563 670//561
f 684//564 669//562 668//565
f 683//566 668//565 667//566
f 666//567 683//566 667//566
f 665//568 682//569 666//567
f 680//570 665//568 664//571
f 679//572 664//571 663//572
f 662//573 679//572 663//572
f 661//574 678//575 662//573
f 676//576 661//574 660//577
f 675//555 660//577 659//555
f 737//496 693//578 738//579
f 738//579 692//580 736//502
f 691//498 696//581 693//578
f 693//578 695//499 692//580
f 697//503 696//581 694//501
f 699//582 695//499 696//581
f 700//505 699//582 697//503
f 702//583 698//495 699//582
f 700//505 705//584 702//583
f 702//583 704//493 701//494
f 703//507 708//585 705//584
f 705//584 707//492 704//493
f 709//510 708//585 706//509
f 711//586 707//492 708//585
f 712//512 711//586 709//510
f 714//587 710//491 711//586
f 712//512 717//588 714//587
f 714//587 716//489 713//490
f 715//514 720//589 717//588
f 717//588 719//488 716//489
f 721//517 720//589 718//516
f 723//590 719//488 720//589
f 724//519 723//590 721//517
f 726//591 722//487 723//590
f 724//519 729//592 726//591
f 726//591 728//485 725//486
f 727//521 732//593 729//592
f 729//592 731//484 728//485
f 733//524 732//593 730//523
f 735//594 731//484 732//593
f 737//496 735//594 733//524
f 738//579 734//483 735//594
f 692//580 583//37 581//435
f 610//442 611//40 626//442
f 610//362 739//362 580//362
f 606//362 739//362 608//362
f 602//362 739//362 604//362
f 598//362 739//362 600//362
f 594//362 739//362 596//362
f 590//362 739//362 592//362
f 586//362 739//362 588//362
f 773//40 742//435 740//40
f 772//435 744//37 742//435
f 774//37 746//436 744//37
f 775//436 748//257 746//436
f 776//257 750//437 748//257
f 777//437 752//254 750//437
f 778//254 754//438 752//254
f 779//438 756//188 754//438
f 780//188 758//439 756//188
f 781//439 760//185 758//439
f 782//185 762//440 760//185
f 783//440 764//116 762//440
f 784//116 766//441 764//116
f 785//441 768//113 766//441
f 786//113 770//442 768//113
f 787//442 740//40 770//442
f 789//595 772//596 773//595
f 790//597 772//596 788//596
f 791//598 774//597 790//597
f 791//598 776//599 775//598
f 793//600 776//599 792//599
f 793//600 778//601 777//600
f 794//601 779//602 778//601
f 796//603 779//602 795//602
f 797//604 780//603 796//603
f 798//605 781//604 797//604
f 798//605 783//606 782//605
f 799//606 784//607 783//606
f 801//608 784//607 800//607
f 802//609 785//608 801//608
f 802//609 787//610 786//609
f 803//610 773//595 787//610
f 797//439 814//185 798//185
f 749//116 823//440 747//440
f 796//188 813//439 797//439
f 747//440 822//185 745//185
f 795//438 812//188 796//188
f 741//188 835//438 771//438
f 745//185 820//439 743//439
f 794//254 811//438 795//438
f 771//438 834//254 769//254
f 743//439 821//188 741//188
f 793//437 810//254 794//254
f 769//254 833//437 767//437
f 792//257 809//437 793//437
f 767//437 832//257 765//257
f 791//436 808//257 792//257
f 765//257 831//436 763//436
f 820//362 805//362 821//362
f 820//362 806//362 804//362
f 822//362 807//362 806//362
f 824//362 807//362 823//362
f 824//362 809//362 808//362
f 826//362 809//362 825//362
f 827//362 810//362 826//362
f 827//362 812//362 811//362
f 828//362 813//362 812//362
f 829//362 814//362 813//362
f 831//362 814//362 830//362
f 832//362 815//362 831//362
f 832//362 817//362 816//362
f 833//362 818//362 817//362
f 835//362 818//362 834//362
f 821//362 819//362 835//362
f 751//441 824//116 749//116
f 798//185 815//440 799//440
f 753//113 825//441 751//441
f 799//440 816//116 800//116
f 755//442 826//113 753//113
f 800//116 817//441 801//441
f 757//40 827//442 755//442
f 801//441 818//113 802//113
f 759//435 828//40 757//40
f 789//40 804//435 788//435
f 802//113 819//442 803//442
f 761//37 829//435 759//435
f 788//435 806//37 790//37
f 803//442 805//40 789//40
f 763//436 830//37 761//37
f 790//37 807//436 791//436
f 771//362 836//362 741//362
f 767//362 836//362 769//362
f 763//362 836//362 765//362
f 759//362 836//362 761//362
f 755//362 836//362 757//362
f 751//362 836//362 753//362
f 747//362 836//362 749//362
f 742//313 837//313 740//313
f 746//313 837//313 744//313
f 750//313 837//313 748//313
f 754//313 837//313 752//313
f 758//313 837//313 756//313
f 762//313 837//313 760//313
f 766//313 837//313 764//313
f 770//313 837//313 768//313
f 743//362 836//362 745//362
f 859//313 858//313 839//313
f 880//362 921//362 881//362
f 842//362 838//362 880//362
f 879//37 842//37 880//37
f 840//313 839//313 858//313
f 851//611 846//612 845//612
f 849//613 847//614 844//615
f 840//313 857//313 841//313
f 845//616 843//616 842//616
f 852//313 847//313 853//313
f 848//185 840//185 846//185
f 857//617 854//617 851//618
f 855//619 851//611 854//620
f 849//613 854//620 850//621
f 846//185 858//185 898//185
f 850//37 853//37 847//622
f 855//185 856//185 848//185
f 852//313 857//313 856//313
f 849//185 852//185 855//185
f 843//185 898//185 838//185
f 839//37 845//37 879//37
f 841//37 851//618 845//37
f 862//362 880//362 881//362
f 876//254 862//254 881//254
f 860//313 859//313 839//313
f 871//623 866//624 865//624
f 864//625 870//626 867//625
f 860//313 878//313 861//313
f 862//627 866//627 863//627
f 872//313 867//313 873//313
f 868//113 860//113 866//113
f 878//628 874//254 871//254
f 875//629 871//623 874//630
f 870//626 875//629 874//630
f 866//113 839//113 879//113
f 870//631 873//632 867//633
f 875//113 877//113 868//113
f 872//313 878//313 877//313
f 869//113 872//113 875//113
f 863//113 879//113 880//113
f 859//254 865//254 876//254
f 861//254 871//254 865//254
f 884//362 921//362 838//362
f 898//113 884//113 838//113
f 882//313 858//313 902//313
f 893//634 888//635 887//635
f 891//636 889//637 886//638
f 899//313 883//313 882//313
f 884//639 888//639 885//639
f 894//313 889//313 895//313
f 890//254 882//254 888//254
f 900//640 896//640 893//641
f 897//642 893//634 896//643
f 891//636 896//643 892//644
f 888//254 902//254 901//254
f 892//113 895//645 889//646
f 897//254 899//254 890//254
f 894//313 900//313 899//313
f 891//254 894//254 897//254
f 885//254 901//254 921//254
f 858//113 887//113 898//113
f 883//641 893//641 887//113
f 905//362 881//362 921//362
f 901//185 905//185 921//185
f 903//313 902//313 859//313
f 914//647 909//648 908//648
f 912//649 910//650 907//651
f 903//313 920//313 904//313
f 908//652 906//652 905//652
f 915//313 910//313 916//313
f 911//37 903//37 909//37
f 920//653 917//653 914//654
f 918//655 914//647 917//656
f 912//649 917//656 913//657
f 909//37 859//37 876//37
f 913//185 916//185 910//658
f 918//37 919//37 911//37
f 915//313 920//313 919//313
f 912//37 915//37 918//37
f 906//37 876//37 881//37
f 902//185 908//185 901//185
f 904//185 914//654 908//185
f 987//40 924//659 922//40
f 986//659 926//435 924//659
f 988//435 928//660 926//435
f 989//660 930//37 928//660
f 990//37 932//661 930//37
f 991//661 934//436 932//661
f 992//436 936//662 934//436
f 993//662 938//257 936//662
f 994//257 940//663 938//257
f 995//663 942//437 940//663
f 996//437 944//664 942//437
f 997//664 946//254 944//664
f 998//254 948//665 946//254
f 999//665 950//438 948//665
f 1000//438 952//666 950//438
f 1001//666 954//188 952//666
f 1002//188 956//667 954//188
f 1003//667 958//439 956//667
f 1004//439 960//668 958//439
f 1005//668 962//185 960//668
f 1006//185 964//669 962//185
f 1007//669 966//440 964//669
f 1008//440 968//670 966//440
f 1009//670 970//116 968//670
f 1010//116 972//671 970//116
f 1011//671 974//441 972//671
f 1012//441 976//672 974//441
f 1013//672 978//113 976//672
f 1014//113 980//673 978//113
f 1015//673 982//442 980//673
f 928//313 1243//313 926//313
f 1016//442 984//674 982//442
f 1017//674 922//40 984//674
f 925//362 1242//362 927//362
f 1019//362 986//362 987//362
f 1020//362 986//362 1018//362
f 1021//362 988//362 1020//362
f 1021//362 990//362 989//362
f 1023//362 990//362 1022//362
f 1023//362 992//362 991//362
f 1024//362 993//362 992//362
f 1026//362 993//362 1025//362
f 1026//362 995//362 994//362
f 1028//362 995//362 1027//362
f 1029//362 996//362 1028//362
f 1029//362 998//362 997//362
f 1031//362 998//362 1030//362
f 1031//362 1000//362 999//362
f 1032//362 1001//362 1000//362
f 1034//362 1001//362 1033//362
f 1034//362 1003//362 1002//362
f 1036//362 1003//362 1035//362
f 1037//362 1004//362 1036//362
f 1037//362 1006//362 1005//362
f 1039//362 1006//362 1038//362
f 1039//362 1008//362 1007//362
f 1040//362 1009//362 1008//362
f 1042//362 1009//362 1041//362
f 1042//362 1011//362 1010//362
f 1044//362 1011//362 1043//362
f 1045//362 1012//362 1044//362
f 1045//362 1014//362 1013//362
f 1047//362 1014//362 1046//362
f 1047//362 1016//362 1015//362
f 1048//362 1017//362 1016//362
f 1019//362 1017//362 1049//362
f 1051//675 1018//676 1019//675
f 1050//676 1020//677 1018//676
f 1052//677 1021//678 1020//677
f 1054//679 1021//678 1053//678
f 1054//679 1023//680 1022//679
f 1056//681 1023//680 1055//680
f 1057//682 1024//681 1056//681
f 1058//683 1025//682 1057//682
f 1058//683 1027//684 1026//683
f 1059//684 1028//685 1027//684
f 1060//685 1029//686 1028//685
f 1062//687 1029//686 1061//686
f 1062//687 1031//688 1030//687
f 1064//689 1031//688 1063//688
f 1065//690 1032//689 1064//689
f 1066//691 1033//690 1065//690
f 1066//691 1035//692 1034//691
f 1067//692 1036//693 1035//692
f 1068//693 1037//694 1036//693
f 1070//695 1037//694 1069//694
f 1070//695 1039//696 1038//695
f 1072//697 1039//696 1071//696
f 1073//698 1040//697 1072//697
f 1074//699 1041//698 1073//698
f 1074//699 1043//700 1042//699
f 1075//700 1044//701 1043//700
f 1076//701 1045//702 1044//701
f 1078//703 1045//702 1077//702
f 1078//703 1047//704 1046//703
f 1080//705 1047//704 1079//704
f 1081//706 1048//705 1080//705
f 1051//675 1049//706 1081//706
f 1082//362 1051//362 1083//362
f 1082//362 1052//362 1050//362
f 1084//362 1053//362 1052//362
f 1085//362 1054//362 1053//362
f 1087//362 1054//362 1086//362
f 1088//362 1055//362 1087//362
f 1089//362 1056//362 1088//362
f 1089//362 1058//362 1057//362
f 1091//362 1058//362 1090//362
f 1091//362 1060//362 1059//362
f 1092//362 1061//362 1060//362
f 1093//362 1062//362 1061//362
f 1095//362 1062//362 1094//362
f 1096//362 1063//362 1095//362
f 1097//362 1064//362 1096//362
f 1097//362 1066//362 1065//362
f 1099//362 1066//362 1098//362
f 1099//362 1068//362 1067//362
f 1100//362 1069//362 1068//362
f 1101//362 1070//362 1069//362
f 1103//362 1070//362 1102//362
f 1104//362 1071//362 1103//362
f 1105//362 1072//362 1104//362
f 1105//362 1074//362 1073//362
f 1107//362 1074//362 1106//362
f 1107//362 1076//362 1075//362
f 1108//362 1077//362 1076//362
f 1109//362 1078//362 1077//362
f 1111//362 1078//362 1110//362
f 1112//362 1079//362 1111//362
f 1113//362 1080//362 1112//362
f 1113//362 1051//362 1081//362
f 1115//707 1082//708 1083//707
f 1114//708 1084//709 1082//708
f 1117//710 1084//709 1116//709
f 1118//711 1085//710 1117//710
f 1118//711 1087//712 1086//711
f 1119//712 1088//713 1087//712
f 1121//714 1088//713 1120//713
f 1122//715 1089//714 1121//714
f 1122//715 1091//716 1090//715
f 1123//716 1092//717 1091//716
f 1125//718 1092//717 1124//717
f 1126//719 1093//718 1125//718
f 1126//719 1095//720 1094//719
f 1127//720 1096//721 1095//720
f 1129//722 1096//721 1128//721
f 1130//723 1097//722 1129//722
f 1130//723 1099//724 1098//723
f 1131//724 1100//725 1099//724
f 1133//726 1100//725 1132//725
f 1134//727 1101//726 1133//726
f 1134//727 1103//728 1102//727
f 1135//728 1104//729 1103//728
f 1137//730 1104//729 1136//729
f 1138//731 1105//730 1137//730
f 1138//731 1107//732 1106//731
f 1139//732 1108//733 1107//732
f 1141//734 1108//733 1140//733
f 1142//735 1109//734 1141//734
f 1142//735 1111//736 1110//735
f 1143//736 1112//737 1111//736
f 1145//738 1112//737 1144//737
f 1115//707 1113//738 1145//738
f 1146//362 1115//362 1147//362
f 1146//362 1116//362 1114//362
f 1149//362 1116//362 1148//362
f 1149//362 1118//362 1117//362
f 1151//362 1118//362 1150//362
f 1151//362 1120//362 1119//362
f 1153//362 1120//362 1152//362
f 1153//362 1122//362 1121//362
f 1155//362 1122//362 1154//362
f 1155//362 1124//362 1123//362
f 1157//362 1124//362 1156//362
f 1157//362 1126//362 1125//362
f 1159//362 1126//362 1158//362
f 1159//362 1128//362 1127//362
f 1161//362 1128//362 1160//362
f 1161//362 1130//362 1129//362
f 1163//362 1130//362 1162//362
f 1163//362 1132//362 1131//362
f 1165//362 1132//362 1164//362
f 1165//362 1134//362 1133//362
f 1167//362 1134//362 1166//362
f 1167//362 1136//362 1135//362
f 1169//362 1136//362 1168//362
f 1169//362 1138//362 1137//362
f 1171//362 1138//362 1170//362
f 1171//362 1140//362 1139//362
f 1173//362 1140//362 1172//362
f 1173//362 1142//362 1141//362
f 1175//362 1142//362 1174//362
f 1175//362 1144//362 1143//362
f 1177//362 1144//362 1176//362
f 1177//362 1115//362 1145//362
f 1146//739 1180//740 1148//740
f 1173//741 1206//742 1174//743
f 955//744 1225//745 953//746
f 1147//747 1178//739 1146//739
f 1172//748 1205//749 1173//741
f 951//750 1225//745 1224//750
f 1171//751 1204//748 1172//748
f 951//750 1223//752 949//752
f 1170//753 1203//751 1171//751
f 949//752 1222//754 947//754
f 1170//753 1201//755 1202//753
f 945//756 1222//754 1221//756
f 1169//755 1200//757 1201//755
f 943//758 1221//756 1220//758
f 1168//757 1199//759 1200//757
f 943//758 1219//760 941//761
f 1167//762 1198//763 1199//759
f 939//764 1219//760 1218//764
f 1165//765 1198//763 1166//766
f 939//764 1217//767 937//768
f 1164//769 1197//770 1165//765
f 935//771 1217//767 1216//771
f 1163//772 1196//769 1164//769
f 935//771 1215//773 933//773
f 923//774 1241//775 985//776
f 1162//777 1195//772 1163//772
f 933//773 1214//778 931//778
f 983//779 1241//775 1240//779
f 1162//777 1193//780 1194//777
f 929//781 1214//778 1213//781
f 983//779 1239//782 981//782
f 1161//780 1192//783 1193//780
f 1211//362 1178//362 1179//362
f 1212//362 1178//362 1210//362
f 1212//362 1181//362 1180//362
f 1214//362 1181//362 1213//362
f 1214//362 1183//362 1182//362
f 1216//362 1183//362 1215//362
f 1216//362 1185//362 1184//362
f 1218//362 1185//362 1217//362
f 1218//362 1187//362 1186//362
f 1220//362 1187//362 1219//362
f 1220//362 1189//362 1188//362
f 1222//362 1189//362 1221//362
f 1222//362 1191//362 1190//362
f 1224//362 1191//362 1223//362
f 1224//362 1193//362 1192//362
f 1226//362 1193//362 1225//362
f 1226//362 1195//362 1194//362
f 1228//362 1195//362 1227//362
f 1228//362 1197//362 1196//362
f 1230//362 1197//362 1229//362
f 1230//362 1199//362 1198//362
f 1232//362 1199//362 1231//362
f 1232//362 1201//362 1200//362
f 1234//362 1201//362 1233//362
f 1234//362 1203//362 1202//362
f 1236//362 1203//362 1235//362
f 1236//362 1205//362 1204//362
f 1238//362 1205//362 1237//362
f 1238//362 1207//362 1206//362
f 1240//362 1207//362 1239//362
f 1240//362 1209//362 1208//362
f 1211//362 1209//362 1241//362
f 955//744 1227//784 1226//744
f 1175//785 1206//742 1207//786
f 1148//740 1181//787 1149//788
f 959//789 1227//784 957//790
f 1176//791 1207//786 1208//791
f 1149//788 1182//792 1150//793
f 959//789 1229//794 1228//789
f 1177//795 1208//791 1209//795
f 1151//796 1182//792 1183//797
f 961//794 1230//798 1229//794
f 1147//747 1209//795 1179//747
f 1152//799 1183//797 1184//799
f 965//800 1230//798 963//798
f 1153//801 1184//799 1185//801
f 967//802 1231//800 965//800
f 1154//803 1185//801 1186//803
f 967//802 1233//804 1232//802
f 1154//803 1187//805 1155//805
f 971//806 1233//804 969//807
f 1155//805 1188//808 1156//808
f 971//806 1235//809 1234//806
f 1156//808 1189//810 1157//811
f 975//812 1235//809 973//813
f 1157//811 1190//814 1158//815
f 975//812 1237//816 1236//812
f 923//774 1210//817 1211//774
f 1159//818 1190//814 1191//819
f 977//816 1238//820 1237//816
f 927//821 1210//817 925//822
f 1160//783 1191//819 1192//783
f 981//782 1238//820 979//820
f 927//821 1213//781 1212//821
f 985//362 1242//362 923//362
f 981//362 1242//362 983//362
f 977//362 1242//362 979//362
f 973//362 1242//362 975//362
f 969//362 1242//362 971//362
f 965//362 1242//362 967//362
f 961//362 1242//362 963//362
f 957//362 1242//362 959//362
f 953//362 1242//362 955//362
f 949//362 1242//362 951//362
f 945//362 1242//362 947//362
f 941//362 1242//362 943//362
f 937//362 1242//362 939//362
f 933//362 1242//362 935//362
f 929//362 1242//362 931//362
f 924//313 1243//313 922//313
f 932//313 1243//313 930//313
f 936//313 1243//313 934//313
f 940//313 1243//313 938//313
f 944//313 1243//313 942//313
f 948//313 1243//313 946//313
f 952//313 1243//313 950//313
f 956//313 1243//313 954//313
f 960//313 1243//313 958//313
f 964//313 1243//313 962//313
f 968//313 1243//313 966//313
f 972//313 1243//313 970//313
f 976//313 1243//313 974//313
f 980//313 1243//313 978//313
f 984//313 1243//313 982//313
f 1301//188 1268//188 1300//188
f 1300//188 1267//188 1299//188
f 1291//188 1267//188 1259//188
f 1290//188 1259//188 1258//188
f 1289//188 1258//188 1257//188
f 1289//188 1256//188 1288//188
f 1287//188 1256//188 1255//188
f 1287//188 1254//188 1286//188
f 1286//188 1253//188 1285//188
f 1285//188 1252//188 1284//188
f 1292//188 1252//188 1260//188
f 1293//188 1260//188 1261//188
f 1294//188 1261//188 1262//188
f 1294//188 1263//188 1295//188
f 1296//188 1263//188 1264//188
f 1296//188 1265//188 1297//188
f 1297//188 1266//188 1298//188
f 1298//188 1244//188 1276//188
f 1277//188 1244//188 1245//188
f 1278//188 1245//188 1246//188
f 1279//188 1246//188 1247//188
f 1279//188 1248//188 1280//188
f 1281//188 1248//188 1249//188
f 1281//188 1250//188 1282//188
f 1282//188 1251//188 1283//188
f 1283//188 1275//188 1307//188
f 1306//188 1275//188 1274//188
f 1305//188 1274//188 1273//188
f 1304//188 1273//188 1272//188
f 1304//188 1271//188 1303//188
f 1302//188 1271//188 1270//188
f 1302//188 1269//188 1301//188
f 1369//40 1370//40 1368//40
f 1366//40 1371//40 1367//40
f 1365//40 1366//40 1367//40
f 1363//40 1364//40 1365//40
f 1361//40 1362//40 1363//40
f 1358//40 1361//40 1359//40
f 1357//40 1358//40 1359//40
f 1354//40 1357//40 1355//40
f 1352//40 1355//40 1353//40
f 1350//40 1353//40 1351//40
f 1349//40 1350//40 1351//40
f 1347//40 1348//40 1349//40
f 1345//40 1346//40 1347//40
f 1342//40 1345//40 1343//40
f 1341//40 1342//40 1343//40
f 1338//40 1341//40 1339//40
f 1336//40 1339//40 1337//40
f 1334//40 1337//40 1335//40
f 1333//40 1334//40 1335//40
f 1331//40 1332//40 1333//40
f 1329//40 1330//40 1331//40
f 1326//40 1329//40 1327//40
f 1325//40 1326//40 1327//40
f 1322//40 1325//40 1323//40
f 1320//40 1323//40 1321//40
f 1318//40 1321//40 1319//40
f 1317//40 1318//40 1319//40
f 1315//40 1316//40 1317//40
f 1313//40 1314//40 1315//40
f 1310//40 1313//40 1311//40
f 1309//40 1310//40 1311//40
f 1309//40 1368//40 1308//40
f 1249//823 1322//824 1250//824
f 1277//825 1335//89 1276//89
f 1250//824 1320//826 1251//826
f 1278//827 1333//825 1277//825
f 1253//828 1350//149 1252//149
f 1279//829 1331//827 1278//827
f 1254//830 1352//828 1253//828
f 1280//116 1329//829 1279//829
f 1255//831 1354//830 1254//830
f 1281//831 1327//116 1280//116
f 1256//116 1356//831 1255//831
f 1282//830 1325//831 1281//831
f 1257//829 1358//116 1256//116
f 1283//828 1323//830 1282//830
f 1258//827 1360//829 1257//829
f 1284//233 1353//826 1285//826
f 1259//825 1362//827 1258//827
f 1285//826 1355//824 1286//824
f 1261//832 1344//833 1262//833
f 1286//824 1357//823 1287//823
f 1275//233 1316//834 1274//834
f 1287//823 1359//257 1288//257
f 1262//833 1342//362 1263//362
f 1288//257 1361//835 1289//835
f 1270//836 1368//837 1269//837
f 1263//362 1340//838 1264//838
f 1289//835 1363//839 1290//839
f 1264//838 1338//840 1265//840
f 1251//826 1318//233 1275//233
f 1290//839 1365//841 1291//841
f 1271//313 1308//836 1270//836
f 1272//842 1310//313 1271//313
f 1294//842 1347//843 1293//843
f 1268//844 1366//89 1267//89
f 1274//834 1314//843 1273//843
f 1306//845 1319//149 1307//149
f 1265//840 1336//846 1266//846
f 1269//837 1370//844 1268//844
f 1295//313 1345//842 1294//842
f 1267//89 1364//825 1259//825
f 1252//149 1348//845 1260//845
f 1301//840 1309//838 1302//838
f 1296//836 1343//313 1295//313
f 1273//843 1312//842 1272//842
f 1297//837 1341//836 1296//836
f 1307//149 1321//828 1283//828
f 1266//846 1334//286 1244//286
f 1302//838 1311//362 1303//362
f 1303//362 1313//833 1304//833
f 1260//845 1346//832 1261//832
f 1299//286 1371//846 1300//846
f 1305//832 1317//845 1306//845
f 1244//286 1332//841 1245//841
f 1298//844 1339//837 1297//837
f 1300//846 1369//840 1301//840
f 1245//841 1330//839 1246//839
f 1291//841 1367//286 1299//286
f 1292//834 1351//233 1284//233
f 1246//839 1328//835 1247//835
f 1304//833 1315//832 1305//832
f 1247//835 1326//257 1248//257
f 1276//89 1337//844 1298//844
f 1248//257 1324//823 1249//823
f 1293//843 1349//834 1292//834
f 1373//40 1725//435 1724//40
f 1375//435 1726//37 1725//435
f 1377//37 1727//436 1726//37
f 1379//436 1728//257 1727//436
f 1381//257 1729//437 1728//257
f 1383//437 1730//254 1729//437
f 1385//254 1731//438 1730//254
f 1387//438 1732//188 1731//438
f 1389//188 1733//439 1732//188
f 1391//439 1734//185 1733//439
f 1393//185 1735//440 1734//185
f 1395//440 1736//116 1735//440
f 1397//116 1737//441 1736//116
f 1399//441 1738//113 1737//441
f 1381//847 1407//848 1408//849
f 1401//113 1739//442 1738//113
f 1403//442 1724//40 1739//442
f 1400//641 1753//441 1398//441
f 1551//850 1427//851 1428//852
f 1389//853 1413//854 1391//855
f 1399//856 1418//857 1401//857
f 1377//858 1404//859 1406//860
f 1387//861 1410//862 1411//863
f 1395//864 1416//865 1397//866
f 1381//847 1409//867 1383//868
f 1391//855 1414//869 1393//870
f 1403//871 1418//857 1419//871
f 1379//872 1406//860 1407//848
f 1389//853 1411//863 1412//873
f 1399//856 1416//865 1417//856
f 1373//874 1404//859 1375//859
f 1383//868 1410//862 1385//862
f 1393//870 1415//875 1395//864
f 1373//874 1419//871 1405//874
f 1516//876 1446//877 1519//878
f 1549//879 1420//880 1552//880
f 1550//881 1421//882 1549//879
f 1553//883 1428//852 1429//884
f 1552//880 1422//885 1554//885
f 1555//886 1429//884 1430//886
f 1554//885 1423//887 1556//888
f 1555//886 1431//889 1557//890
f 1556//888 1424//891 1558//892
f 1557//890 1432//893 1559//893
f 1560//894 1424//891 1425//895
f 1561//896 1432//893 1433//897
f 1562//898 1425//895 1426//898
f 1563//899 1433//897 1434//899
f 1548//900 1426//898 1427//851
f 1563//899 1435//901 1550//881
f 1469//902 1467//903 1470//904
f 1520//905 1438//906 1439//907
f 1519//878 1447//908 1521//909
f 1522//910 1439//907 1440//911
f 1523//912 1447//908 1448//913
f 1522//910 1441//914 1524//915
f 1523//912 1449//916 1525//917
f 1524//915 1442//918 1526//918
f 1527//919 1449//916 1450//919
f 1528//920 1442//918 1443//921
f 1527//919 1451//922 1529//923
f 1530//924 1443//921 1444//925
f 1518//926 1436//927 1531//927
f 1518//926 1451//922 1437//928
f 1530//924 1445//929 1516//876
f 1517//906 1436//927 1438//906
f 1465//313 1960//313 1961//313
f 1474//930 1459//931 1460//932
f 1477//933 1452//934 1478//935
f 1470//904 1453//936 1477//933
f 1480//937 1460//932 1461//938
f 1478//935 1454//939 1482//940
f 1484//941 1461//938 1462//942
f 1482//940 1455//943 1486//944
f 1488//945 1462//942 1463//946
f 1486//944 1456//947 1490//948
f 1492//949 1463//946 1464//950
f 1490//948 1457//951 1494//952
f 1496//953 1464//950 1465//954
f 1498//955 1457//951 1458//956
f 1469//902 1465//954 1466//957
f 1473//958 1458//956 1459//931
f 1442//959 1472//960 1443//961
f 1499//962 1473//958 1472//960
f 1450//963 1497//964 1468//965
f 1497//964 1469//902 1468//965
f 1442//959 1495//966 1499//962
f 1499//962 1494//952 1498//955
f 1449//967 1493//968 1497//964
f 1493//968 1496//953 1497//964
f 1441//969 1491//970 1495//966
f 1491//970 1494//952 1495//966
f 1448//971 1489//972 1493//968
f 1489//972 1492//949 1493//968
f 1439//973 1491//970 1440//974
f 1491//970 1486//944 1490//948
f 1447//975 1485//976 1489//972
f 1485//976 1488//945 1489//972
f 1438//977 1487//978 1439//973
f 1487//978 1482//940 1486//944
f 1446//979 1481//980 1485//976
f 1481//980 1484//941 1485//976
f 1436//981 1483//982 1438//977
f 1483//982 1478//935 1482//940
f 1445//983 1475//984 1481//980
f 1475//984 1480//937 1481//980
f 1451//985 1476//986 1437//987
f 1476//986 1470//904 1477//933
f 1437//987 1479//988 1436//981
f 1479//988 1477//933 1478//935
f 1443//961 1475//984 1444//989
f 1472//960 1474//930 1475//984
f 1450//963 1471//990 1451//985
f 1471//990 1469//902 1470//904
f 1546//991 1515//992 1502//993
f 1545//994 1513//995 1500//996
f 1542//997 1514//998 1547//999
f 1544//1000 1514//998 1515//992
f 1541//1001 1513//995 1543//1002
f 1542//997 1510//1003 1512//1004
f 1539//1005 1511//1006 1541//1001
f 1540//1007 1508//1008 1510//1003
f 1539//1005 1507//1009 1509//1010
f 1538//1011 1506//1012 1508//1008
f 1535//1013 1507//1009 1537//1014
f 1534//1015 1506//1012 1536//1016
f 1535//1013 1503//1017 1505//1018
f 1532//1019 1504//1020 1534//1015
f 1546//991 1503//1017 1533//1021
f 1532//1019 1500//996 1501//1022
f 1515//1023 1517//1024 1502//1024
f 1513//1025 1516//1026 1500//1027
f 1514//1028 1529//1029 1518//1028
f 1515//1023 1518//1028 1531//1023
f 1513//1025 1528//1030 1530//1025
f 1512//1031 1527//1032 1529//1029
f 1509//1033 1528//1030 1511//1030
f 1508//1034 1527//1032 1510//1035
f 1509//1033 1524//1036 1526//1037
f 1506//1038 1525//1039 1508//1034
f 1505//1040 1524//1036 1507//1036
f 1504//1041 1523//1038 1506//1038
f 1505//1040 1520//1042 1522//1040
f 1504//1041 1519//1043 1521//1041
f 1503//1044 1517//1024 1520//1042
f 1500//1027 1519//1043 1501//1043
f 1586//1045 2007//1046 1980//1047
f 1583//1048 1982//1049 1588//1050
f 1590//1051 1980//1047 1984//1052
f 1592//1053 1982//1049 1986//1054
f 1594//1055 1984//1052 1988//1056
f 1592//1053 1990//1057 1596//1058
f 1594//1055 1992//1059 1598//1060
f 1596//1058 1994//1061 1600//1062
f 1598//1060 1996//1063 1602//1064
f 1604//1065 1994//1061 1998//1066
f 1606//1067 1996//1063 2000//1068
f 1608//1069 1998//1066 2002//1070
f 1585//1071 2004//1072 1610//1073
f 1585//1071 2000//1068 2011//1074
f 1608//1069 2007//1046 1581//1075
f 1610//1073 2009//1076 1583//1048
f 2010//1077 1544//1000 2005//1078
f 2008//1079 1544//1000 1546//991
f 2003//1080 1545//994 2006//1081
f 2010//1077 1542//997 1547//999
f 2003//1080 1541//1001 1543//1002
f 2001//1082 1540//1007 1542//997
f 1995//1083 1541//1001 1999//1084
f 1993//1085 1540//1007 1997//1086
f 1995//1083 1537//1014 1539//1005
f 1989//1087 1538//1011 1993//1085
f 1991//1088 1535//1013 1537//1014
f 1983//1089 1546//991 1533//1021
f 2006//1081 1532//1019 1981//1090
f 1989//1087 1534//1015 1536//1016
f 1987//1091 1533//1021 1535//1013
f 1548//1092 1639//1093 1562//1093
f 1563//1094 1638//1095 1561//1095
f 1562//1093 1637//1096 1560//1097
f 1561//1095 1636//1098 1559//1098
f 1560//1097 1635//1099 1558//1099
f 1559//1098 1634//1100 1557//1101
f 1556//1102 1635//1099 1633//1102
f 1557//1101 1632//1103 1555//1104
f 1554//1105 1633//1102 1631//1106
f 1555//1104 1630//1107 1553//1107
f 1554//1105 1629//1108 1552//1109
f 1553//1107 1628//1110 1551//1110
f 1550//1111 1642//1112 1643//1111
f 1549//1112 1629//1108 1642//1112
f 1641//1113 1551//1110 1628//1110
f 1430//1114 1577//1115 1564//1116
f 1422//1117 1565//1118 1423//1119
f 1431//1120 1564//1116 1566//1121
f 1423//1119 1567//1122 1424//1123
f 1432//1124 1566//1121 1568//1125
f 1424//1123 1569//1126 1425//1127
f 1432//1124 1570//1128 1433//1129
f 1425//1127 1571//1130 1426//1131
f 1433//1129 1572//1132 1434//1133
f 1426//1131 1573//1134 1427//1135
f 1435//1136 1572//1132 1574//1137
f 1427//1135 1575//1138 1428//1139
f 1421//1140 1576//1141 1420//1142
f 1421//1140 1574//1137 1579//1140
f 1429//1143 1575//1138 1577//1115
f 1420//1142 1578//1144 1422//1117
f 1612//1145 1580//1146 1587//1147
f 1580//1148 1586//1149 1587//1150
f 1626//1151 1589//1152 1613//1153
f 1589//1154 1583//1155 1588//1154
f 1614//1156 1587//1147 1591//1157
f 1587//1150 1590//1158 1591//1159
f 1615//1160 1589//1152 1593//1160
f 1589//1154 1592//1161 1593//1161
f 1616//1162 1591//1157 1595//1163
f 1591//1159 1594//1164 1595//1164
f 1615//1160 1597//1165 1617//1166
f 1597//1167 1592//1161 1596//1168
f 1616//1162 1599//1169 1618//1170
f 1599//1171 1594//1164 1598//1172
f 1617//1166 1601//1173 1619//1174
f 1601//1175 1596//1168 1600//1176
f 1618//1170 1603//1177 1620//1177
f 1603//1178 1598//1172 1602//1178
f 1621//1179 1601//1173 1605//1180
f 1601//1175 1604//1181 1605//1182
f 1622//1183 1603//1177 1607//1184
f 1603//1178 1606//1185 1607//1186
f 1623//1187 1605//1180 1609//1188
f 1605//1182 1608//1189 1609//1189
f 1627//1190 1611//1191 1624//1192
f 1611//1193 1585//1194 1610//1195
f 1627//1190 1607//1184 1584//1196
f 1607//1186 1585//1194 1584//1194
f 1623//1187 1580//1146 1625//1197
f 1580//1148 1608//1189 1581//1148
f 1624//1192 1582//1198 1626//1151
f 1582//1199 1610//1195 1583//1155
f 1578//1200 1624//1201 1626//1200
f 1575//1202 1625//1203 1577//1203
f 1579//1204 1622//1205 1627//1204
f 1576//1201 1627//1204 1624//1201
f 1573//1206 1623//1202 1575//1202
f 1574//1205 1620//1207 1622//1205
f 1571//1208 1621//1209 1573//1206
f 1570//1210 1620//1207 1572//1207
f 1571//1208 1617//1211 1619//1212
f 1568//1213 1618//1210 1570//1210
f 1569//1214 1615//1215 1617//1211
f 1566//1216 1616//1213 1568//1213
f 1567//1215 1613//1217 1615//1215
f 1564//1218 1614//1216 1566//1216
f 1565//1217 1626//1200 1613//1217
f 1577//1203 1612//1218 1564//1218
f 1657//1219 1628//1220 1644//1220
f 1645//1221 1642//1222 1629//1221
f 1659//1223 1642//1222 1658//1224
f 1646//1225 1628//1220 1630//1225
f 1647//1226 1629//1221 1631//1227
f 1648//1228 1630//1225 1632//1229
f 1647//1226 1633//1230 1649//1230
f 1648//1228 1634//1231 1650//1231
f 1649//1230 1635//1232 1651//1232
f 1650//1231 1636//1233 1652//1233
f 1653//1234 1635//1232 1637//1235
f 1654//1236 1636//1233 1638//1237
f 1655//1238 1637//1235 1639//1239
f 1656//1240 1638//1237 1640//1241
f 1655//1238 1641//1242 1657//1219
f 1656//1240 1643//1243 1659//1223
f 1672//1244 1659//1245 1675//1245
f 1673//1246 1655//1247 1657//1246
f 1672//1244 1654//1248 1656//1244
f 1669//1249 1655//1247 1671//1247
f 1670//1248 1652//1250 1654//1248
f 1667//1251 1653//1249 1669//1249
f 1668//1250 1650//1252 1652//1250
f 1665//1253 1651//1251 1667//1251
f 1666//1254 1648//1255 1650//1252
f 1663//1256 1649//1257 1665//1253
f 1664//1255 1646//1258 1648//1255
f 1661//1259 1647//1256 1663//1256
f 1660//1260 1646//1258 1662//1261
f 1675//1245 1658//1262 1674//1262
f 1674//1262 1645//1263 1661//1259
f 1660//1260 1657//1246 1644//1260
f 1698//1264 1673//1265 1660//1264
f 1700//1266 1674//1267 1661//1268
f 1697//1269 1674//1267 1695//1267
f 1702//1270 1660//1264 1662//1270
f 1704//1271 1661//1268 1663//1271
f 1702//1270 1664//1272 1706//1272
f 1708//1273 1663//1271 1665//1273
f 1706//1272 1666//1274 1710//1274
f 1708//1273 1667//1275 1712//1275
f 1710//1274 1668//1276 1714//1276
f 1712//1275 1669//1277 1716//1277
f 1718//1278 1668//1276 1670//1279
f 1720//1280 1669//1277 1671//1280
f 1722//1281 1670//1279 1672//1281
f 1720//1280 1673//1265 1693//1265
f 1722//1281 1675//1282 1697//1269
f 1418//1244 1691//1283 1419//1284
f 1411//1246 1687//1247 1689//1285
f 1418//1244 1686//1286 1688//1244
f 1409//1249 1687//1247 1410//1247
f 1417//1248 1684//1250 1686//1286
f 1408//1251 1685//1287 1409//1249
f 1416//1250 1682//1288 1684//1250
f 1407//1253 1683//1251 1408//1251
f 1415//1254 1680//1255 1682//1288
f 1406//1256 1681//1289 1407//1253
f 1414//1255 1678//1290 1680//1255
f 1404//1291 1679//1256 1406//1256
f 1413//1261 1676//1260 1678//1290
f 1419//1284 1690//1262 1405//1262
f 1405//1262 1677//1291 1404//1291
f 1412//1260 1689//1285 1676//1260
f 1691//1292 1723//1293 1696//1292
f 1696//1294 1722//1295 1697//1296
f 1687//1297 1692//1298 1689//1299
f 1721//1300 1693//1301 1692//1301
f 1686//1302 1723//1293 1688//1293
f 1719//1303 1722//1295 1723//1304
f 1687//1297 1717//1305 1721//1297
f 1721//1300 1716//1306 1720//1307
f 1686//1302 1715//1308 1719//1302
f 1715//1309 1718//1310 1719//1303
f 1683//1311 1717//1305 1685//1312
f 1717//1306 1712//1313 1716//1306
f 1682//1314 1715//1308 1684//1308
f 1711//1315 1714//1309 1715//1309
f 1683//1311 1709//1316 1713//1311
f 1713//1313 1708//1317 1712//1313
f 1680//1318 1711//1314 1682//1314
f 1711//1315 1706//1319 1710//1315
f 1681//1316 1705//1320 1709//1316
f 1705//1321 1708//1317 1709//1317
f 1678//1322 1707//1318 1680//1318
f 1707//1319 1702//1323 1706//1319
f 1679//1320 1701//1324 1705//1320
f 1701//1325 1704//1321 1705//1321
f 1676//1326 1703//1322 1678//1322
f 1699//1327 1702//1323 1703//1323
f 1691//1292 1694//1328 1690//1328
f 1694//1329 1697//1296 1695//1329
f 1677//1324 1694//1328 1701//1324
f 1701//1325 1695//1329 1700//1325
f 1676//1326 1692//1298 1699//1326
f 1692//1301 1698//1327 1699//1327
f 1374//1330 1724//1331 1725//1330
f 1374//1330 1726//1332 1376//1332
f 1378//1333 1726//1332 1727//1333
f 1380//1334 1727//1333 1728//1334
f 1380//1334 1729//1335 1382//1335
f 1382//1335 1730//1336 1384//1336
f 1386//1337 1730//1336 1731//1337
f 1388//1338 1731//1337 1732//1338
f 1388//1338 1733//1339 1390//1339
f 1390//1339 1734//1340 1392//1340
f 1394//1341 1734//1340 1735//1342
f 1394//1341 1736//1343 1396//1343
f 1398//1344 1736//1343 1737//1344
f 1398//1344 1738//1345 1400//1345
f 1402//1346 1738//1345 1739//1347
f 1372//1331 1739//1347 1724//1331
f 1773//1348 1768//1349 1767//1350
f 1386//438 1746//254 1384//254
f 1402//442 1754//113 1400//641
f 1388//188 1747//438 1386//438
f 1374//435 1740//40 1372//40
f 1372//40 1755//442 1402//442
f 1390//439 1748//188 1388//188
f 1376//37 1741//435 1374//435
f 1392//185 1749//439 1390//439
f 1378//436 1742//1351 1376//37
f 1394//440 1750//185 1392//185
f 1380//257 1743//436 1378//436
f 1396//116 1751//440 1394//440
f 1382//437 1744//257 1380//257
f 1398//441 1752//116 1396//116
f 1384//254 1745//437 1382//437
f 1932//1352 1842//1353 1945//1354
f 1774//1355 1760//1356 1775//1356
f 1776//1357 1768//1349 1772//1349
f 1774//1355 1762//1358 1761//1355
f 1778//1359 1769//1357 1776//1357
f 1779//1360 1762//1358 1777//1361
f 1780//1362 1770//1359 1778//1359
f 1779//1360 1764//1363 1763//1364
f 1782//1365 1756//1366 1783//1366
f 1783//1366 1771//1367 1780//1362
f 1781//1363 1765//1368 1764//1363
f 1782//1365 1758//1369 1757//1365
f 1784//1370 1766//1371 1765//1368
f 1785//1372 1759//1373 1758//1369
f 1773//1348 1766//1371 1786//1374
f 1787//1375 1760//1356 1759//1373
f 1834//1376 1787//1377 1832//1377
f 1833//1378 1786//1379 1831//1379
f 1832//1377 1785//1380 1830//1380
f 1831//1379 1784//1381 1829//1381
f 1828//1382 1785//1380 1782//1382
f 1829//1381 1781//1383 1827//1383
f 1835//1384 1780//1385 1826//1385
f 1835//1384 1782//1382 1783//1384
f 1825//1386 1781//1383 1779//1387
f 1826//1385 1778//1388 1824//1388
f 1823//1389 1779//1387 1777//1389
f 1822//1390 1778//1388 1776//1390
f 1823//1389 1774//1391 1821//1392
f 1820//1393 1776//1390 1772//1393
f 1821//1392 1775//1376 1834//1376
f 1820//1393 1773//1378 1833//1378
f 1807//1394 1788//1395 1804//1396
f 1805//1397 1792//1398 1789//1399
f 1809//1400 1791//1401 1807//1394
f 1808//1402 1794//1403 1792//1398
f 1811//1404 1793//1405 1809//1400
f 1812//1406 1794//1403 1810//1407
f 1811//1404 1797//1408 1795//1409
f 1814//1410 1796//1411 1812//1406
f 1806//1412 1799//1413 1790//1414
f 1813//1415 1790//1414 1797//1408
f 1816//1416 1798//1417 1814//1410
f 1817//1418 1799//1413 1815//1419
f 1818//1420 1800//1421 1816//1416
f 1817//1418 1803//1422 1801//1423
f 1804//1396 1802//1424 1818//1420
f 1819//1425 1789//1399 1803//1422
f 1744//1426 1819//1427 1743//1427
f 1750//1428 1804//1429 1818//1430
f 1743//1427 1817//1431 1742//1432
f 1749//1433 1818//1430 1816//1433
f 1742//1432 1815//1434 1741//1435
f 1748//1436 1816//1433 1814//1436
f 1740//1437 1813//1438 1755//1439
f 1740//1437 1815//1434 1806//1437
f 1747//1440 1814//1436 1812//1441
f 1755//1439 1811//1442 1754//1443
f 1746//1444 1812//1441 1810//1444
f 1753//1445 1811//1442 1809//1446
f 1746//1444 1808//1447 1745//1448
f 1752//1449 1809//1446 1807//1449
f 1745//1448 1805//1426 1744//1426
f 1752//1449 1804//1429 1751//1429
f 1788//1395 1820//1450 1833//1451
f 1792//1398 1834//1452 1789//1399
f 1793//1405 1820//1450 1791//1401
f 1794//1403 1821//1453 1792//1398
f 1795//1409 1822//1454 1793//1405
f 1794//1403 1825//1455 1823//1456
f 1797//1408 1824//1457 1795//1409
f 1796//1411 1827//1458 1825//1455
f 1790//1414 1828//1459 1835//1460
f 1790//1414 1826//1461 1797//1408
f 1800//1421 1827//1458 1798//1417
f 1801//1423 1828//1459 1799//1413
f 1800//1421 1831//1462 1829//1463
f 1803//1422 1830//1464 1801//1423
f 1802//1424 1833//1451 1831//1462
f 1803//1422 1834//1452 1832//1465
f 1946//1466 1851//1467 1850//1468
f 1934//1469 1843//1470 1932//1352
f 1947//1471 1837//1472 1836//1473
f 1933//1474 1836//1473 1851//1467
f 1936//1475 1844//1476 1934//1469
f 1937//1477 1837//1472 1935//1478
f 1938//1479 1845//1480 1936//1475
f 1937//1477 1839//1481 1838//1482
f 1940//1483 1846//1484 1938//1479
f 1939//1485 1840//1486 1839//1481
f 1942//1487 1847//1488 1940//1483
f 1941//1489 1841//1490 1840//1486
f 1944//1491 1848//1492 1942//1487
f 1943//1493 1842//1353 1841//1490
f 1944//1491 1850//1468 1849//1494
f 1931//1495 1859//1496 1882//1497
f 1890//1498 1883//1499 1915//1500
f 1916//1501 1880//1502 1930//1503
f 1913//1504 1854//1505 1881//1506
f 1931//1495 1878//1507 1929//1508
f 1915//1500 1879//1509 1911//1510
f 1928//1511 1880//1502 1876//1512
f 1909//1513 1881//1506 1877//1514
f 1927//1515 1878//1507 1874//1516
f 1911//1510 1875//1517 1907//1518
f 1928//1511 1872//1519 1926//1520
f 1905//1521 1877//1514 1873//1522
f 1927//1515 1870//1523 1925//1524
f 1907//1518 1871//1525 1903//1526
f 1924//1527 1872//1519 1868//1528
f 1901//1529 1873//1522 1869//1530
f 1925//1524 1866//1531 1923//1532
f 1903//1526 1867//1533 1899//1534
f 1922//1535 1868//1528 1862//1536
f 1895//1537 1869//1530 1863//1538
f 1921//1539 1866//1531 1860//1540
f 1899//1534 1861//1541 1893//1542
f 1920//1543 1865//1544 1856//1545
f 1889//1546 1864//1547 1857//1548
f 1922//1535 1865//1544 1918//1549
f 1896//1550 1863//1538 1864//1547
f 1921//1539 1852//1551 1919//1552
f 1893//1542 1853//1553 1885//1554
f 1920//1543 1859//1496 1917//1555
f 1890//1498 1857//1548 1858//1556
f 1916//1501 1852//1551 1855//1557
f 1885//1554 1854//1505 1886//1558
f 1855//1557 1884//1559 1887//1560
f 1887//1560 1885//1554 1886//1558
f 1859//1496 1888//1561 1891//1562
f 1888//1561 1890//1498 1891//1562
f 1852//1551 1892//1563 1884//1559
f 1892//1563 1885//1554 1884//1559
f 1862//1536 1897//1564 1865//1544
f 1897//1564 1895//1537 1896//1550
f 1865//1544 1888//1561 1856//1545
f 1897//1564 1889//1546 1888//1561
f 1860//1540 1898//1565 1892//1563
f 1892//1563 1899//1534 1893//1542
f 1868//1528 1894//1566 1862//1536
f 1900//1567 1895//1537 1894//1566
f 1870//1523 1898//1565 1866//1531
f 1898//1565 1903//1526 1899//1534
f 1868//1528 1904//1568 1900//1567
f 1904//1568 1901//1529 1900//1567
f 1870//1523 1906//1569 1902//1570
f 1902//1570 1907//1518 1903//1526
f 1876//1512 1904//1568 1872//1519
f 1908//1571 1905//1521 1904//1568
f 1874//1516 1910//1572 1906//1569
f 1910//1572 1907//1518 1906//1569
f 1880//1502 1908//1571 1876//1512
f 1908//1571 1913//1504 1909//1513
f 1878//1507 1914//1573 1910//1572
f 1910//1572 1915//1500 1911//1510
f 1855//1557 1912//1574 1880//1502
f 1887//1560 1913//1504 1912//1574
f 1859//1496 1914//1573 1882//1497
f 1914//1573 1890//1498 1915//1500
f 1763//1575 1916//1501 1762//1576
f 1771//1577 1917//1555 1770//1578
f 1764//1579 1919//1552 1763//1575
f 1756//1580 1922//1535 1918//1549
f 1771//1577 1918//1549 1920//1543
f 1764//1579 1923//1532 1921//1539
f 1757//1581 1924//1527 1922//1535
f 1765//1582 1925//1524 1923//1532
f 1759//1583 1924//1527 1758//1584
f 1767//1585 1925//1524 1766//1586
f 1759//1583 1928//1511 1926//1520
f 1768//1587 1927//1515 1767//1585
f 1760//1588 1930//1503 1928//1511
f 1769//1589 1929//1508 1768//1587
f 1761//1590 1916//1501 1930//1503
f 1769//1589 1917//1555 1931//1495
f 1883//1499 1946//1466 1944//1491
f 1854//1505 1943//1493 1881//1506
f 1879//1509 1944//1491 1942//1487
f 1877//1514 1943//1493 1941//1489
f 1875//1517 1942//1487 1940//1483
f 1877//1514 1939//1485 1873//1522
f 1875//1517 1938//1479 1871//1525
f 1873//1522 1937//1477 1869//1530
f 1867//1533 1938//1479 1936//1475
f 1863//1538 1937//1477 1935//1478
f 1861//1541 1936//1475 1934//1469
f 1864//1547 1933//1474 1857//1548
f 1863//1538 1947//1471 1864//1547
f 1861//1541 1932//1352 1853//1553
f 1857//1548 1946//1466 1858//1556
f 1854//1505 1932//1352 1945//1354
f 1962//113 1979//442 1963//1591
f 1458//313 1953//313 1954//313
f 1465//313 1962//313 1466//313
f 1458//313 1955//313 1459//313
f 1467//313 1962//313 1963//313
f 1459//313 1956//313 1460//313
f 1452//313 1949//313 1948//313
f 1467//313 1949//313 1453//313
f 1461//313 1956//313 1957//313
f 1452//313 1950//313 1454//313
f 1462//313 1957//313 1958//313
f 1454//313 1951//313 1455//313
f 1463//313 1958//313 1959//313
f 1455//313 1952//313 1456//313
f 1463//313 1960//313 1464//313
f 1457//313 1952//313 1953//313
f 1550//1111 1640//1094 1563//1094
f 1955//438 1972//188 1956//188
f 1949//40 1964//1592 1948//435
f 1963//1591 1965//40 1949//40
f 1956//188 1973//439 1957//439
f 1948//435 1966//37 1950//37
f 1957//439 1974//185 1958//185
f 1950//37 1967//436 1951//436
f 1958//185 1975//440 1959//1593
f 1951//436 1968//257 1952//257
f 1959//1593 1976//116 1960//116
f 1952//257 1969//437 1953//437
f 1960//116 1977//441 1961//441
f 1953//437 1970//254 1954//254
f 1961//441 1978//113 1962//113
f 1954//254 1971//438 1955//438
f 2008//1079 2004//1072 2005//1078
f 2003//1080 2007//1046 2002//1070
f 2010//1077 2000//1068 2001//1082
f 2010//1077 2004//1072 2011//1074
f 1999//1084 2002//1070 1998//1066
f 2001//1082 1996//1063 1997//1086
f 1999//1084 1994//1061 1995//1083
f 1993//1085 1996//1063 1992//1059
f 1991//1088 1994//1061 1990//1057
f 1989//1087 1992//1059 1988//1056
f 1991//1088 1986//1054 1987//1091
f 1989//1087 1984//1052 1985//1594
f 1987//1091 1982//1049 1983//1089
f 1981//1090 1984//1052 1980//1047
f 1983//1089 2009//1076 2008//1079
f 2006//1081 1980//1047 2007//1046
f 1981//1090 1534//1015 1985//1594
f 1838//1482 2012//313 1837//1472
f 1839//1481 2015//313 2012//313
f 1841//1490 2015//313 1840//1486
f 1842//1353 2018//313 1841//1490
f 1837//1472 2013//313 1836//1473
f 2012//313 2016//313 2013//313
f 2018//313 2016//313 2015//313
f 1843//1470 2019//313 2018//313
f 2013//313 1851//1467 1836//1473
f 2016//313 2014//313 2013//313
f 2016//313 2020//313 2017//313
f 2019//313 1845//1480 2020//313
f 2014//313 1850//1468 1851//1467
f 2017//313 1849//1494 2014//313
f 2017//313 1847//1488 1848//1492
f 2020//313 1846//1484 1847//1488
f 2022//257 2374//437 2373//257
f 2024//437 2375//254 2374//437
f 2026//254 2376//438 2375//254
f 2028//438 2377//188 2376//438
f 2030//188 2378//439 2377//188
f 2032//439 2379//185 2378//439
f 2034//185 2380//440 2379//185
f 2036//440 2381//116 2380//440
f 2038//116 2382//441 2381//116
f 2040//441 2383//113 2382//441
f 2042//113 2384//442 2383//113
f 2044//442 2385//40 2384//442
f 2046//40 2386//435 2385//40
f 2048//435 2387//37 2386//435
f 2030//1595 2056//1596 2057//1595
f 2050//37 2388//436 2387//37
f 2052//436 2373//257 2388//436
f 2049//618 2402//435 2047//435
f 2200//1597 2076//1598 2077//1599
f 2038//865 2062//856 2040//1600
f 2050//1601 2066//1602 2067//1603
f 2026//1604 2053//1605 2055//862
f 2036//1606 2059//869 2060//864
f 2046//1607 2064//871 2065//1607
f 2030//1595 2058//1608 2032//1608
f 2040//1600 2063//1609 2042//1610
f 2050//1601 2068//1611 2052//848
f 2028//1596 2055//862 2056//1596
f 2038//865 2060//864 2061//1612
f 2048//859 2065//1607 2066//1602
f 2024//867 2054//847 2053//1605
f 2032//1608 2059//869 2034//869
f 2042//1610 2064//871 2044//871
f 2052//848 2054//847 2022//1613
f 2168//1614 2094//1615 2095//1614
f 2198//1616 2069//1617 2201//1618
f 2199//1619 2070//1616 2198//1616
f 2202//1620 2077//1599 2078//896
f 2201//1618 2071//1621 2203//1621
f 2204//899 2078//896 2079//899
f 2203//1621 2072//1622 2205//1623
f 2204//899 2080//901 2206//1624
f 2205//1623 2073//1625 2207//850
f 2206//1624 2081//1626 2208//879
f 2209//883 2073//1625 2074//884
f 2210//1627 2081//1626 2082//1627
f 2211//1628 2074//884 2075//1628
f 2212//885 2082//1627 2083//885
f 2197//1629 2075//1628 2076//1598
f 2212//885 2084//1630 2199//1619
f 2118//940 2116//1631 2119//944
f 2169//1632 2087//1633 2088//920
f 2168//1614 2096//1634 2170//1634
f 2171//1635 2088//920 2089//925
f 2172//926 2096//1634 2097//928
f 2171//1635 2090//929 2173//929
f 2172//926 2098//1636 2174//1637
f 2173//929 2091//1638 2175//877
f 2176//1639 2098//1636 2099//1639
f 2177//1640 2091//1638 2092//1641
f 2176//1639 2100//1642 2178//1643
f 2179//1644 2092//1641 2093//1644
f 2167//1645 2085//914 2180//1646
f 2178//1643 2086//1647 2167//1645
f 2165//1648 2093//1644 2094//1615
f 2166//1633 2085//914 2087//1633
f 2114//313 2609//313 2610//313
f 2123//1649 2108//1650 2109//1651
f 2126//1652 2101//1653 2127//1654
f 2119//944 2102//1655 2126//1652
f 2129//953 2109//1651 2110//1656
f 2127//1654 2103//1657 2131//955
f 2133//902 2110//1656 2111//1658
f 2131//955 2104//1659 2135//958
f 2137//904 2111//1658 2112//1660
f 2135//958 2105//932 2139//930
f 2141//933 2112//1660 2113//1661
f 2139//930 2106//1662 2143//1663
f 2145//1664 2113//1661 2114//1665
f 2147//941 2106//1662 2107//942
f 2118//940 2114//1665 2115//939
f 2147//941 2108//1650 2122//1666
f 2091//1667 2121//1668 2092//1669
f 2148//1670 2122//1666 2121//1668
f 2098//1671 2117//982 2099//1672
f 2117//982 2145//1664 2118//940
f 2091//1667 2144//1673 2148//1670
f 2148//1670 2143//1663 2147//941
f 2098//1671 2142//986 2146//988
f 2142//986 2145//1664 2146//988
f 2090//1674 2140//984 2144//1673
f 2140//984 2143//1663 2144//1673
f 2097//987 2138//1675 2142//986
f 2138//1675 2141//933 2142//986
f 2088//1676 2140//984 2089//989
f 2140//984 2135//958 2139//930
f 2096//1677 2134//1678 2138//1675
f 2134//1678 2137//904 2138//1675
f 2087//1679 2136//1680 2088//1676
f 2136//1680 2131//955 2135//958
f 2095//963 2130//964 2134//1678
f 2130//964 2133//902 2134//1678
f 2085//1681 2132//1682 2087//1679
f 2132//1682 2127//1654 2131//955
f 2094//1683 2124//968 2130//964
f 2124//968 2129//953 2130//964
f 2086//1684 2120//1685 2125//970
f 2125//970 2119//944 2126//1652
f 2086//1684 2128//1686 2085//1681
f 2128//1686 2126//1652 2127//1654
f 2092//1669 2124//968 2093//1687
f 2124//968 2122//1666 2123//1649
f 2100//1688 2117//982 2120//1685
f 2120//1685 2118//940 2119//944
f 2195//1689 2164//1690 2151//1691
f 2194//1692 2162//1012 2149//1693
f 2191//1694 2163//1695 2196//1696
f 2193//1697 2163//1695 2164//1690
f 2190//1698 2162//1012 2192//1016
f 2191//1694 2159//1699 2161//1700
f 2188//1701 2160//1702 2190//1698
f 2187//1703 2159//1699 2189//1704
f 2188//1701 2156//1705 2158//1706
f 2187//1703 2155//998 2157//992
f 2184//1707 2156//1705 2186//1708
f 2183//1709 2155//998 2185//999
f 2184//1707 2152//1006 2154//1710
f 2181//1711 2153//1712 2183//1709
f 2195//1689 2152//1006 2182//1713
f 2181//1711 2149//1693 2150//1714
f 2164//1036 2166//1715 2151//1715
f 2162//1038 2165//1039 2149//1716
f 2163//1040 2178//1042 2167//1040
f 2164//1036 2167//1040 2180//1717
f 2162//1038 2177//1041 2179//1038
f 2161//1044 2176//1718 2178//1042
f 2158//1719 2177//1041 2160//1041
f 2157//1720 2176//1718 2159//1721
f 2158//1719 2173//1722 2175//1719
f 2155//1028 2174//1723 2157//1720
f 2154//1025 2173//1722 2156//1722
f 2153//1724 2172//1028 2155//1028
f 2154//1025 2169//1725 2171//1025
f 2153//1724 2168//1726 2170//1727
f 2152//1728 2166//1715 2169//1725
f 2149//1716 2168//1726 2150//1726
f 2235//1729 2656//1059 2629//1063
f 2232//1730 2631//1731 2237//1065
f 2239//1067 2629//1063 2633//1732
f 2241//1069 2631//1731 2635//1070
f 2243//1071 2633//1732 2637//1074
f 2241//1069 2639//1733 2245//1075
f 2243//1071 2641//1734 2247//1073
f 2245//1075 2643//1735 2249//1736
f 2247//1073 2645//1076 2251//1737
f 2253//1051 2643//1735 2647//1052
f 2255//1050 2645//1076 2649//1049
f 2257//1055 2647//1052 2651//1738
f 2234//1053 2653//1057 2259//1058
f 2234//1053 2649//1049 2660//1739
f 2257//1055 2656//1059 2230//1060
f 2259//1058 2658//1740 2232//1730
f 2659//1091 2193//1697 2654//1741
f 2657//1742 2193//1697 2195//1689
f 2652//1743 2194//1692 2655//1744
f 2659//1091 2191//1694 2196//1696
f 2652//1743 2190//1698 2192//1016
f 2650//1745 2189//1704 2191//1694
f 2644//1746 2190//1698 2648//1747
f 2642//1748 2189//1704 2646//1749
f 2644//1746 2186//1708 2188//1701
f 2638//1077 2187//1703 2642//1748
f 2640//1750 2184//1707 2186//1708
f 2632//1751 2195//1689 2182//1713
f 2655//1744 2181//1711 2630//1752
f 2638//1077 2183//1709 2185//999
f 2636//1753 2182//1713 2184//1707
f 2197//1754 2288//1103 2211//1103
f 2212//1106 2287//1108 2210//1108
f 2211//1103 2286//1107 2209//1755
f 2208//1112 2287//1108 2285//1112
f 2209//1755 2284//1110 2207//1110
f 2208//1112 2283//1111 2206//1756
f 2207//1110 2282//1113 2205//1113
f 2206//1756 2281//1094 2204//1757
f 2203//1758 2282//1113 2280//1093
f 2204//1757 2279//1759 2202//1759
f 2203//1758 2278//1760 2201//1096
f 2202//1759 2277//1098 2200//1098
f 2199//1761 2291//1099 2292//1761
f 2198//1099 2278//1760 2291//1099
f 2197//1754 2277//1098 2290//1101
f 2079//1132 2226//1762 2213//1132
f 2071//1763 2214//1764 2072//1765
f 2080//1766 2213//1132 2215//1767
f 2072//1765 2216//1768 2073//1768
f 2081//1140 2215//1767 2217//1140
f 2073//1768 2218//1769 2074//1769
f 2081//1140 2219//1770 2082//1770
f 2074//1769 2220//1771 2075//1772
f 2082//1770 2221//1773 2083//1773
f 2075//1772 2222//1774 2076//1775
f 2084//1776 2221//1773 2223//1777
f 2076//1775 2224//1778 2077//1125
f 2070//1779 2225//1780 2069//1781
f 2070//1779 2223//1777 2228//1779
f 2078//1762 2224//1778 2226//1762
f 2069//1781 2227//1782 2071//1763
f 2261//1783 2229//1784 2236//1785
f 2229//1171 2235//1786 2236//1787
f 2275//1788 2238//1789 2262//1790
f 2238//1791 2232//1792 2237//1793
f 2263//1183 2236//1785 2240//1184
f 2236//1787 2239//1794 2240//1186
f 2264//1795 2238//1789 2242//1188
f 2238//1791 2241//1796 2242//1189
f 2265//1190 2240//1184 2244//1196
f 2240//1186 2243//1194 2244//1194
f 2264//1795 2246//1797 2266//1798
f 2246//1799 2241//1796 2245//1800
f 2265//1190 2248//1191 2267//1192
f 2248//1801 2243//1194 2247//1802
f 2266//1798 2250//1145 2268//1803
f 2250//1149 2245//1800 2249//1804
f 2267//1192 2252//1805 2269//1805
f 2252//1806 2247//1802 2251//1806
f 2270//1807 2250//1145 2254//1157
f 2250//1149 2253//1808 2254//1159
f 2271//1809 2252//1805 2256//1153
f 2252//1806 2255//1810 2256//1154
f 2272//1811 2254//1157 2258//1812
f 2254//1159 2257//1164 2258//1813
f 2276//1814 2260//1165 2273//1815
f 2260//1167 2234//1816 2259//1817
f 2276//1814 2256//1153 2233//1818
f 2256//1154 2234//1816 2233//1819
f 2272//1811 2229//1784 2274//1169
f 2229//1171 2257//1164 2230//1171
f 2273//1815 2231//1173 2275//1788
f 2231//1820 2259//1817 2232//1792
f 2227//1821 2273//1822 2275//1821
f 2224//1213 2274//1823 2226//1823
f 2228//1215 2271//1824 2276//1215
f 2225//1822 2276//1215 2273//1822
f 2222//1825 2272//1213 2224//1213
f 2221//1826 2271//1824 2223//1824
f 2220//1827 2270//1828 2222//1825
f 2219//1201 2269//1826 2221//1826
f 2220//1827 2266//1829 2268//1827
f 2217//1204 2267//1201 2219//1201
f 2218//1203 2264//1202 2266//1829
f 2215//1205 2265//1204 2217//1204
f 2216//1202 2262//1206 2264//1202
f 2213//1830 2263//1205 2215//1205
f 2214//1206 2275//1821 2262//1206
f 2226//1823 2261//1830 2213//1830
f 2306//1831 2277//1233 2293//1233
f 2294//1235 2291//1232 2278//1235
f 2308//1230 2291//1232 2307//1232
f 2295//1236 2277//1233 2279//1236
f 2296//1238 2278//1235 2280//1239
f 2297//1240 2279//1236 2281//1241
f 2296//1238 2282//1242 2298//1242
f 2297//1240 2283//1223 2299//1223
f 2298//1242 2284//1220 2300//1832
f 2299//1223 2285//1222 2301//1222
f 2302//1833 2284//1220 2286//1225
f 2303//1221 2285//1222 2287//1834
f 2304//1228 2286//1225 2288//1229
f 2305//1226 2287//1834 2289//1227
f 2304//1228 2290//1231 2306//1831
f 2305//1226 2292//1230 2308//1230
f 2321//1256 2308//1289 2324//1289
f 2322//1288 2304//1255 2306//1288
f 2321//1256 2303//1259 2305//1256
f 2318//1258 2304//1255 2320//1255
f 2319//1259 2301//1262 2303//1259
f 2316//1260 2302//1258 2318//1258
f 2317//1262 2299//1284 2301//1262
f 2314//1835 2300//1260 2316//1260
f 2315//1245 2297//1244 2299//1284
f 2312//1247 2298//1246 2314//1835
f 2313//1244 2295//1286 2297//1244
f 2310//1287 2296//1247 2312//1247
f 2311//1836 2293//1250 2295//1286
f 2324//1289 2307//1251 2323//1251
f 2323//1251 2294//1837 2310//1287
f 2309//1250 2306//1288 2293//1250
f 2347//1276 2322//1274 2309//1276
f 2349//1277 2323//1275 2310//1838
f 2346//1273 2323//1275 2344//1275
f 2351//1278 2309//1276 2311//1278
f 2353//1280 2310//1838 2312//1280
f 2351//1278 2313//1839 2355//1839
f 2357//1265 2312//1280 2314//1265
f 2355//1839 2315//1282 2359//1269
f 2357//1265 2316//1264 2361//1264
f 2359//1269 2317//1267 2363//1267
f 2361//1264 2318//1270 2365//1270
f 2367//1266 2317//1267 2319//1268
f 2369//1272 2318//1270 2320//1272
f 2371//1840 2319//1268 2321//1840
f 2369//1272 2322//1274 2342//1274
f 2371//1840 2324//1841 2346//1273
f 2067//1256 2340//1257 2068//1289
f 2059//1255 2338//1254 2060//1288
f 2067//1256 2335//1291 2337//1256
f 2058//1258 2336//1255 2059//1255
f 2066//1259 2333//1262 2335//1291
f 2057//1260 2334//1290 2058//1258
f 2065//1262 2331//1283 2333//1262
f 2056//1835 2332//1260 2057//1260
f 2064//1245 2329//1244 2331//1283
f 2055//1247 2330//1285 2056//1835
f 2063//1244 2327//1248 2329//1244
f 2053//1287 2328//1247 2055//1247
f 2062//1836 2325//1250 2327//1248
f 2068//1289 2339//1251 2054//1251
f 2054//1251 2326//1249 2053//1287
f 2061//1250 2338//1254 2325//1250
f 2340//1316 2372//1842 2345//1843
f 2345//1317 2371//1321 2346//1844
f 2336//1318 2341//1314 2338//1845
f 2370//1319 2342//1315 2341//1315
f 2335//1324 2372//1842 2337//1842
f 2368//1325 2371//1321 2372//1846
f 2336//1318 2366//1847 2370//1318
f 2370//1319 2365//1323 2369//1848
f 2335//1324 2364//1328 2368//1324
f 2364//1329 2367//1849 2368//1325
f 2332//1326 2366//1847 2334//1322
f 2366//1323 2361//1327 2365//1323
f 2331//1292 2364//1328 2333//1328
f 2360//1294 2363//1329 2364//1329
f 2332//1326 2358//1299 2362//1326
f 2362//1327 2357//1301 2361//1327
f 2329//1850 2360//1292 2331//1292
f 2360//1294 2355//1295 2359//1294
f 2330//1299 2354//1297 2358//1299
f 2354//1300 2357//1301 2358//1301
f 2327//1851 2356//1850 2329//1850
f 2356//1295 2351//1303 2355//1295
f 2328//1297 2350//1305 2354//1297
f 2350//1306 2353//1300 2354//1300
f 2325//1308 2352//1851 2327//1851
f 2348//1309 2351//1303 2352//1303
f 2340//1316 2343//1311 2339//1311
f 2343//1313 2346//1844 2344//1313
f 2326//1305 2343//1311 2350//1305
f 2350//1306 2344//1313 2349//1306
f 2325//1308 2341//1314 2348//1308
f 2341//1315 2347//1309 2348//1309
f 2023//1852 2373//1334 2374//1852
f 2023//1852 2375//1336 2025//1336
f 2027//1337 2375//1336 2376//1337
f 2029//1338 2376//1337 2377//1338
f 2031//1339 2377//1338 2378//1339
f 2031//1339 2379//1340 2033//1340
f 2035//1342 2379//1340 2380//1342
f 2037//1343 2380//1342 2381//1343
f 2037//1343 2382//1344 2039//1344
f 2039//1344 2383//1345 2041//1345
f 2043//1347 2383//1345 2384//1346
f 2043//1347 2385//1331 2045//1331
f 2047//1853 2385//1331 2386//1853
f 2047//1853 2387//1332 2049//1332
f 2051//1333 2387//1332 2388//1854
f 2021//1334 2388//1854 2373//1334
f 2422//1855 2417//1366 2416//1856
f 2035//440 2395//185 2033//185
f 2051//436 2403//37 2049//618
f 2037//116 2396//440 2035//440
f 2023//437 2389//257 2021//257
f 2021//257 2404//436 2051//436
f 2039//441 2397//116 2037//116
f 2025//254 2390//437 2023//437
f 2041//113 2398//441 2039//441
f 2027//438 2391//1857 2025//254
f 2043//442 2399//113 2041//113
f 2029//188 2392//438 2027//438
f 2045//40 2400//442 2043//442
f 2031//439 2393//188 2029//188
f 2047//435 2401//40 2045//40
f 2033//185 2394//439 2031//439
f 2581//1483 2491//1484 2594//1479
f 2423//1858 2409//1859 2424//1859
f 2421//1366 2418//1860 2417//1366
f 2423//1858 2411//1861 2410//1368
f 2425//1862 2419//1863 2418//1860
f 2428//1864 2411//1861 2426//1865
f 2429//1866 2419//1863 2427//1867
f 2428//1864 2413//1868 2412//1869
f 2431//1870 2405//1871 2432//1871
f 2432//1871 2420//1872 2429//1866
f 2430//1868 2414//1873 2413//1868
f 2431//1870 2407//1874 2406//1870
f 2433//1875 2415//1876 2414//1873
f 2436//1877 2407//1874 2434//1878
f 2422//1855 2415//1876 2435//1879
f 2424//1859 2408//1880 2436//1877
f 2481//1387 2424//1383 2436//1387
f 2482//1881 2435//1388 2480//1388
f 2479//1389 2436//1387 2434//1389
f 2480//1388 2433//1882 2478//1882
f 2477//1883 2434//1389 2431//1883
f 2478//1882 2430//1884 2476//1885
f 2484//1886 2429//1887 2475//1887
f 2484//1886 2431//1883 2432//1886
f 2474//1888 2430//1884 2428//1889
f 2475//1887 2427//1380 2473//1890
f 2472//1379 2428//1889 2426//1379
f 2471//1891 2427//1380 2425//1891
f 2472//1379 2423//1381 2470//1892
f 2471//1891 2421//1384 2469//1384
f 2470//1892 2424//1383 2483//1383
f 2482//1881 2421//1384 2422//1881
f 2456//1412 2437//1893 2453//1894
f 2454//1410 2441//1895 2438//1417
f 2458//1896 2440//1414 2456//1412
f 2457//1897 2443//1424 2441//1895
f 2460//1898 2442//1899 2458//1896
f 2461//1396 2443//1424 2459//1900
f 2460//1898 2446//1901 2444//1902
f 2463//1394 2445//1903 2461//1396
f 2455//1397 2448//1904 2439//1905
f 2462//1906 2439//1905 2446//1901
f 2465//1907 2447//1908 2463//1394
f 2464//1402 2450//1403 2448//1904
f 2467//1909 2449//1910 2465//1907
f 2466//1911 2452//1912 2450//1403
f 2453//1894 2451//1913 2467//1909
f 2468//1914 2438//1417 2452//1912
f 2393//1436 2468//1440 2392//1440
f 2399//1915 2453//1916 2467//1917
f 2392//1440 2466//1918 2391//1919
f 2398//1446 2467//1917 2465//1446
f 2391//1919 2464//1920 2390//1921
f 2397//1922 2465//1446 2463//1922
f 2389//1923 2462//1924 2404//1925
f 2389//1923 2464//1920 2455//1923
f 2396//1429 2463//1922 2461//1926
f 2404//1925 2460//1927 2403//1928
f 2395//1929 2461//1926 2459//1929
f 2402//1930 2460//1927 2458//1931
f 2395//1929 2457//1932 2394//1433
f 2401//1437 2458//1931 2456//1437
f 2394//1433 2454//1933 2393//1436
f 2401//1437 2453//1916 2400//1916
f 2437//1893 2469//1460 2482//1934
f 2441//1895 2483//1458 2438//1417
f 2442//1899 2469//1460 2440//1414
f 2443//1424 2470//1463 2441//1895
f 2442//1899 2473//1935 2471//1936
f 2443//1424 2474//1937 2472//1938
f 2444//1902 2475//1939 2473//1935
f 2445//1903 2476//1450 2474//1937
f 2448//1904 2484//1452 2439//1905
f 2446//1901 2484//1452 2475//1939
f 2449//1910 2476//1450 2447//1908
f 2450//1403 2477//1940 2448//1904
f 2449//1910 2480//1941 2478//1942
f 2452//1912 2479//1943 2450//1403
f 2437//1893 2480//1941 2451//1913
f 2452//1912 2483//1458 2481//1455
f 2595//1477 2500//1481 2499//1482
f 2583//1487 2492//1488 2581//1483
f 2596//1489 2486//1490 2485//1944
f 2582//1485 2485//1944 2500//1481
f 2585//1491 2493//1945 2583//1487
f 2586//1354 2486//1490 2584//1493
f 2587//1466 2494//1494 2585//1491
f 2586//1354 2488//1470 2487//1353
f 2589//1474 2495//1468 2587//1466
f 2588//1352 2489//1476 2488//1470
f 2591//1471 2496//1467 2589//1474
f 2590//1469 2490//1480 2489//1476
f 2593//1478 2497//1473 2591//1471
f 2592//1475 2491//1484 2490//1480
f 2593//1478 2499//1482 2498//1472
f 2580//1535 2508//1946 2531//1536
f 2539//1947 2532//1538 2564//1948
f 2565//1949 2529//1950 2579//1951
f 2562//1534 2503//1952 2530//1533
f 2580//1535 2527//1544 2578//1549
f 2564//1948 2528//1547 2560//1550
f 2577//1953 2529//1950 2525//1540
f 2558//1542 2530//1533 2526//1541
f 2576//1543 2527//1544 2523//1545
f 2560//1550 2524//1548 2556//1954
f 2577//1953 2521//1551 2575//1552
f 2554//1554 2526//1541 2522//1553
f 2576//1543 2519//1955 2574//1956
f 2556//1954 2520//1556 2552//1957
f 2573//1958 2521//1551 2517//1557
f 2550//1959 2522//1553 2518//1960
f 2574//1956 2515//1961 2572//1962
f 2552//1957 2516//1963 2548//1964
f 2571//1503 2517//1557 2511//1965
f 2544//1504 2518//1960 2512//1966
f 2570//1508 2515//1961 2509//1507
f 2548//1964 2510//1509 2542//1510
f 2569//1520 2514//1512 2505//1967
f 2538//1968 2513//1514 2506//1969
f 2571//1503 2514//1512 2567//1970
f 2545//1513 2512//1966 2513//1514
f 2570//1508 2501//1971 2568//1515
f 2542//1510 2502//1972 2534//1518
f 2569//1520 2508//1946 2566//1973
f 2539//1947 2506//1969 2507//1530
f 2565//1949 2501//1971 2504//1523
f 2534//1518 2503//1952 2535//1974
f 2504//1523 2533//1569 2536//1975
f 2536//1975 2534//1518 2535//1974
f 2508//1946 2537//1976 2540//1977
f 2537//1976 2539//1947 2540//1977
f 2501//1971 2541//1978 2533//1569
f 2541//1978 2534//1518 2533//1569
f 2511//1965 2546//1979 2514//1512
f 2546//1979 2544//1504 2545//1513
f 2514//1512 2537//1976 2505//1967
f 2546//1979 2538//1968 2537//1976
f 2509//1507 2547//1980 2541//1978
f 2541//1978 2548//1964 2542//1510
f 2517//1557 2543//1574 2511//1965
f 2549//1981 2544//1504 2543//1574
f 2519//1955 2547//1980 2515//1961
f 2547//1980 2552//1957 2548//1964
f 2517//1557 2553//1982 2549//1981
f 2553//1982 2550//1959 2549//1981
f 2519//1955 2555//1561 2551//1983
f 2551//1983 2556//1954 2552//1957
f 2525//1540 2553//1982 2521//1551
f 2557//1563 2554//1554 2553//1982
f 2523//1545 2559//1564 2555//1561
f 2559//1564 2556//1954 2555//1561
f 2529//1950 2557//1563 2525//1540
f 2557//1563 2562//1534 2558//1542
f 2527//1544 2563//1566 2559//1564
f 2559//1564 2564//1948 2560//1550
f 2504//1523 2561//1984 2529//1950
f 2536//1975 2562//1534 2561//1984
f 2508//1946 2563//1566 2531//1536
f 2563//1566 2539//1947 2564//1948
f 2412//1585 2565//1949 2411//1985
f 2420//1583 2566//1973 2419//1986
f 2413//1587 2568//1515 2412//1585
f 2405//1588 2571//1503 2567//1970
f 2420//1583 2567//1970 2569//1520
f 2413//1587 2572//1962 2570//1508
f 2406//1590 2573//1958 2571//1503
f 2414//1589 2574//1956 2572//1962
f 2408//1575 2573//1958 2407//1987
f 2416//1577 2574//1956 2415//1988
f 2408//1575 2577//1953 2575//1552
f 2417//1580 2576//1543 2416//1577
f 2409//1579 2579//1951 2577//1953
f 2418//1581 2578//1549 2417//1580
f 2410//1582 2565//1949 2579//1951
f 2418//1581 2566//1973 2580//1535
f 2532//1538 2595//1477 2593//1478
f 2503//1952 2592//1475 2530//1533
f 2528//1547 2593//1478 2591//1471
f 2526//1541 2592//1475 2590//1469
f 2524//1548 2591//1471 2589//1474
f 2526//1541 2588//1352 2522//1553
f 2524//1548 2587//1466 2520//1556
f 2522//1553 2586//1354 2518//1960
f 2516//1963 2587//1466 2585//1491
f 2512//1966 2586//1354 2584//1493
f 2510//1509 2585//1491 2583//1487
f 2513//1514 2582//1485 2506//1969
f 2512//1966 2596//1489 2513//1514
f 2502//1972 2583//1487 2581//1483
f 2506//1969 2595//1477 2507//1530
f 2503//1952 2581//1483 2594//1479
f 2611//37 2628//436 2612//436
f 2107//313 2602//313 2603//313
f 2114//313 2611//313 2115//313
f 2107//313 2604//313 2108//313
f 2116//313 2611//313 2612//313
f 2108//313 2605//313 2109//313
f 2101//313 2598//313 2597//313
f 2116//313 2598//313 2102//313
f 2110//313 2605//313 2606//313
f 2101//313 2599//313 2103//313
f 2111//313 2606//313 2607//313
f 2103//313 2600//313 2104//313
f 2112//313 2607//313 2608//313
f 2104//313 2601//313 2105//313
f 2112//313 2609//313 2113//313
f 2106//313 2601//313 2602//313
f 2212//1106 2292//1761 2289//1106
f 2604//440 2621//116 2605//116
f 2598//257 2613//1989 2597//437
f 2612//436 2614//257 2598//257
f 2605//116 2622//441 2606//441
f 2597//437 2615//254 2599//254
f 2606//441 2623//113 2607//113
f 2599//254 2616//438 2600//438
f 2607//113 2624//442 2608//442
f 2600//438 2617//188 2601//188
f 2608//442 2625//40 2609//40
f 2601//188 2618//439 2602//439
f 2609//40 2626//435 2610//435
f 2602//439 2619//185 2603//185
f 2610//435 2627//37 2611//37
f 2603//185 2620//440 2604//440
f 2657//1742 2653//1057 2654//1741
f 2652//1743 2656//1059 2651//1738
f 2659//1091 2649//1049 2650//1745
f 2659//1091 2653//1057 2660//1739
f 2648//1747 2651//1738 2647//1052
f 2650//1745 2645//1076 2646//1749
f 2648//1747 2643//1735 2644//1746
f 2642//1748 2645//1076 2641//1734
f 2640//1750 2643//1735 2639//1733
f 2638//1077 2641//1734 2637//1074
f 2640//1750 2635//1070 2636//1753
f 2638//1077 2633//1732 2634//1990
f 2636//1753 2631//1731 2632//1751
f 2630//1752 2633//1732 2629//1063
f 2632//1751 2658//1740 2657//1742
f 2655//1744 2629//1063 2656//1059
f 2630//1752 2183//1709 2634//1990
f 2487//1353 2661//313 2486//1490
f 2488//1470 2664//313 2661//313
f 2490//1480 2664//313 2489//1476
f 2491//1484 2667//313 2490//1480
f 2486//1490 2662//313 2485//1944
f 2661//313 2665//313 2662//313
f 2667//313 2665//313 2664//313
f 2492//1488 2668//313 2667//313
f 2662//313 2500//1481 2485//1944
f 2665//313 2663//313 2662//313
f 2665//313 2669//313 2666//313
f 2668//313 2494//1494 2669//313
f 2663//313 2499//1482 2500//1481
f 2666//313 2498//1472 2663//313
f 2666//313 2496//1467 2497//1473
f 2669//313 2495//1468 2496//1467
f 2671//188 3023//439 3022//188
f 2673//439 3024//185 3023//439
f 2675//185 3025//440 3024//185
f 2677//440 3026//116 3025//440
f 2679//116 3027//441 3026//116
f 2681//441 3028//113 3027//441
f 2683//113 3029//442 3028//113
f 2685//442 3030//40 3029//442
f 2687//40 3031//435 3030//40
f 2689//435 3032//37 3031//435
f 2691//37 3033//436 3032//37
f 2693//436 3034//257 3033//436
f 2695//257 3035//437 3034//257
f 2697//437 3036//254 3035//437
f 2679//866 2705//1991 2706//866
f 2699//254 3037//438 3036//254
f 2701//438 3022//188 3037//438
f 2698//254 3051//437 2696//437
f 2849//879 2725//881 2726//1992
f 2687//1993 2711//859 2689//1994
f 2697//867 2716//1995 2699//1995
f 2675//870 2702//854 2704//869
f 2685//1996 2708//1609 2709//871
f 2693//848 2714//847 2695//1613
f 2679//866 2707//1997 2681//1997
f 2689//1994 2712//860 2691//858
f 2701//863 2716//1995 2717//863
f 2677//1991 2704//869 2705//1991
f 2687//1993 2709//871 2710//874
f 2697//867 2714//847 2715//867
f 2671//1595 2702//854 2673//854
f 2681//1997 2708//1609 2683//1609
f 2691//858 2713//1611 2693//848
f 2701//863 2703//1595 2671//1595
f 2817//906 2743//1998 2744//906
f 2847//850 2718//1999 2850//1999
f 2848//2000 2719//2001 2847//850
f 2851//2002 2726//1992 2727//2003
f 2850//1999 2720//886 2852//886
f 2853//2004 2727//2003 2728//2005
f 2852//886 2721//890 2854//2006
f 2855//2007 2728//2005 2729//2008
f 2854//2006 2722//1599 2856//1597
f 2857//1616 2729//2008 2730//1616
f 2856//1597 2723//2009 2858//2010
f 2859//2011 2730//1616 2731//2012
f 2858//2010 2724//899 2860//899
f 2859//2011 2732//2013 2861//2014
f 2846//2015 2724//899 2725//881
f 2861//2014 2733//2000 2848//2000
f 2767//2016 2765//2017 2768//958
f 2815//877 2737//2018 2818//2019
f 2817//906 2745//2020 2819//2021
f 2818//2019 2738//2022 2820//2022
f 2821//1645 2745//2020 2746//2023
f 2820//2022 2739//2024 2822//2025
f 2823//2026 2746//2023 2747//2027
f 2822//2025 2740//2028 2824//2028
f 2825//918 2747//2027 2748//2029
f 2826//2030 2740//2028 2741//2031
f 2825//918 2749//2032 2827//2033
f 2828//2034 2741//2031 2742//2034
f 2816//2035 2734//2036 2829//2036
f 2827//2033 2735//2037 2816//2035
f 2814//2038 2742//2034 2743//1998
f 2815//877 2734//2036 2736//877
f 2763//313 3258//313 3259//313
f 2772//2039 2757//2040 2758//2041
f 2775//2042 2750//2043 2776//937
f 2768//958 2751//2044 2775//2042
f 2778//1664 2758//2041 2759//2045
f 2776//937 2752//942 2780//941
f 2782//940 2759//2045 2760//939
f 2780//941 2753//2046 2784//945
f 2786//944 2760//939 2761//2047
f 2784//945 2754//2048 2788//1649
f 2790//1652 2761//2047 2762//1655
f 2788//1649 2755//2049 2792//2050
f 2794//1654 2762//1655 2763//2051
f 2796//902 2755//2049 2756//2052
f 2767//2016 2763//2051 2764//2053
f 2771//904 2756//2052 2757//2040
f 2740//2054 2770//2055 2741//2056
f 2797//965 2771//904 2770//2055
f 2747//1681 2766//1682 2748//2057
f 2795//2058 2767//2016 2766//1682
f 2740//2054 2793//2059 2797//965
f 2797//965 2792//2050 2796//902
f 2746//2060 2795//2058 2747//1681
f 2791//970 2794//1654 2795//2058
f 2739//2061 2789//968 2793//2059
f 2789//968 2792//2050 2793//2059
f 2746//2060 2787//2062 2791//970
f 2787//2062 2790//1652 2791//970
f 2737//2063 2789//968 2738//1687
f 2789//968 2784//945 2788//1649
f 2745//1688 2783//982 2787//2062
f 2783//982 2786//944 2787//2062
f 2736//979 2785//972 2737//2063
f 2785//972 2780//941 2784//945
f 2744//2064 2779//988 2783//982
f 2779//988 2782//940 2783//982
f 2734//2065 2781//976 2736//979
f 2781//976 2776//937 2780//941
f 2743//2066 2773//986 2779//988
f 2773//986 2778//1664 2779//988
f 2735//2067 2769//2068 2774//984
f 2774//984 2768//958 2775//2042
f 2735//2067 2777//2069 2734//2065
f 2777//2069 2775//2042 2776//937
f 2741//2056 2773//986 2742//2070
f 2770//2055 2772//2039 2773//986
f 2749//2071 2766//1682 2769//2068
f 2769//2068 2767//2016 2768//958
f 2844//2072 2813//2073 2800//2074
f 2841//2075 2798//992 2843//2076
f 2840//2077 2812//995 2845//1002
f 2842//2078 2812//995 2813//2073
f 2841//2075 2809//2079 2811//2080
f 2840//2077 2808//1010 2810//2081
f 2837//2082 2809//2079 2839//2083
f 2838//2084 2806//1690 2808//1010
f 2837//2082 2805//2085 2807//1003
f 2836//2086 2804//1695 2806//1690
f 2833//2087 2805//2085 2835//2088
f 2832//2089 2804//1695 2834//1696
f 2833//2087 2801//1020 2803//2090
f 2830//2091 2802//1017 2832//2089
f 2844//2072 2801//1020 2831//2092
f 2830//2091 2798//992 2799//2093
f 2813//1722 2815//2094 2800//2094
f 2811//1028 2814//1723 2798//1720
f 2812//1025 2827//1725 2816//1025
f 2813//1722 2816//1025 2829//1722
f 2811//1028 2826//1727 2828//1028
f 2810//1728 2825//2095 2827//1725
f 2807//2096 2826//1727 2809//1727
f 2806//2097 2825//2095 2808//1715
f 2807//2096 2822//2098 2824//2099
f 2804//1040 2823//2100 2806//2097
f 2803//1038 2822//2098 2805//2098
f 2802//2101 2821//1040 2804//1040
f 2803//1038 2818//2102 2820//1038
f 2802//2101 2817//1721 2819//2101
f 2801//2103 2815//2094 2818//2102
f 2798//1720 2817//1721 2799//1721
f 2884//2104 3305//1072 3278//2105
f 2881//1045 3280//2106 2886//1051
f 2888//1050 3278//2105 3282//2107
f 2890//1055 3280//2106 3284//1738
f 2892//1053 3282//2107 3286//1739
f 2890//1055 3288//2108 2894//1060
f 2892//1053 3290//2109 2896//1058
f 2894//1060 3292//2110 2898//2111
f 2896//1058 3294//1740 2900//2112
f 2902//1067 3292//2110 3296//1732
f 2900//2112 3298//1066 2904//2113
f 2906//2114 3296//1732 3300//2115
f 2883//1069 3302//1733 2908//1075
f 2904//2113 3309//2116 2883//1069
f 2879//2117 3300//2115 3305//1072
f 2908//1075 3307//1047 2881//1045
f 3308//1753 2842//2078 3303//2118
f 3306//2119 2842//2078 2844//2072
f 3304//2120 2841//2075 2843//2076
f 3308//1753 2840//2077 2845//1002
f 3301//1077 2839//2083 2841//2075
f 3299//1751 2838//2084 2840//2077
f 3293//2121 2839//2083 3297//2122
f 3291//2123 2838//2084 3295//2124
f 3293//2121 2835//2088 2837//2082
f 3287//1091 2836//2086 3291//2123
f 3289//2125 2833//2087 2835//2088
f 3281//2126 2844//2072 2831//2092
f 3304//2120 2830//2091 3279//2127
f 3287//1091 2832//2089 2834//1696
f 3285//1087 2831//2092 2833//2087
f 2846//2128 2937//1094 2860//1094
f 2859//1760 2938//2129 2936//1760
f 2860//1094 2935//1759 2858//2130
f 2859//1760 2934//1099 2857//1099
f 2858//2130 2933//1098 2856//1098
f 2857//1099 2932//1102 2855//1102
f 2854//1101 2933//1098 2931//1101
f 2855//1102 2930//1106 2853//2131
f 2852//2132 2931//1101 2929//1103
f 2853//2131 2928//1109 2851//1109
f 2852//2132 2927//2133 2850//1107
f 2851//1109 2926//1112 2849//1112
f 2848//2134 2940//1110 2941//2134
f 2847//1110 2927//2133 2940//1110
f 2939//1756 2849//1112 2926//1112
f 2728//2135 2875//1770 2862//2135
f 2720//1116 2863//2136 2721//2137
f 2729//2138 2862//2135 2864//1777
f 2721//2137 2865//1778 2722//1778
f 2730//1779 2864//1777 2866//2139
f 2723//1128 2865//1778 2867//1128
f 2730//1779 2868//2140 2731//1780
f 2724//2141 2867//1128 2869//2142
f 2732//1763 2868//2140 2870//1131
f 2724//2141 2871//2143 2725//2144
f 2733//2145 2870//1131 2872//2146
f 2725//2144 2873//1140 2726//2147
f 2719//1138 2874//2148 2718//2149
f 2719//1138 2872//2146 2877//1138
f 2727//2150 2873//1140 2875//1770
f 2718//2149 2876//1114 2720//1116
f 2910//2151 2878//2152 2885//1151
f 2878//2153 2884//2154 2885//1155
f 2924//2155 2887//2156 2911//2157
f 2887//2158 2881//1149 2886//2159
f 2912//1809 2885//1151 2889//1153
f 2885//1155 2888//1810 2889//1154
f 2913//2160 2887//2156 2891//2161
f 2887//2158 2890//2162 2891//1813
f 2914//1814 2889//1153 2893//1818
f 2889//1154 2892//1816 2893//1816
f 2913//2160 2895//2163 2915//2164
f 2895//2165 2890//2162 2894//2166
f 2914//1814 2897//1165 2916//1815
f 2897//1167 2892//1816 2896//1817
f 2915//2164 2899//2167 2917//2168
f 2899//2169 2894//2166 2898//1786
f 2916//1815 2901//2170 2918//2170
f 2901//2171 2896//1817 2900//2171
f 2919//2172 2899//2167 2903//2173
f 2899//2169 2902//2174 2903//2175
f 2920//2176 2901//2170 2905//2177
f 2901//2171 2904//2178 2905//2179
f 2921//2180 2903//2173 2907//2181
f 2903//2175 2906//2182 2907//2183
f 2925//2184 2909//1197 2922//2185
f 2909//2186 2883//2187 2908//2188
f 2925//2184 2905//2177 2882//2189
f 2905//2179 2883//2187 2882//2187
f 2921//2180 2878//2152 2923//2190
f 2878//2153 2906//2182 2879//2191
f 2922//2185 2880//1145 2924//2155
f 2880//1149 2908//2188 2881//1149
f 2876//1218 2922//2192 2924//1218
f 2873//1204 2923//2193 2875//2193
f 2877//1202 2920//2194 2925//1202
f 2874//2192 2925//1202 2922//2192
f 2871//2195 2921//1204 2873//1204
f 2872//2194 2918//2196 2920//2194
f 2869//2197 2919//2198 2871//2195
f 2868//1822 2918//2196 2870//2196
f 2869//2197 2915//2199 2917//2200
f 2866//1215 2916//1822 2868//1822
f 2867//1823 2913//1213 2915//2199
f 2864//1824 2914//1215 2866//1215
f 2865//1213 2911//2201 2913//1213
f 2862//1200 2912//1824 2864//1824
f 2863//2201 2924//1218 2911//2201
f 2875//2193 2910//1200 2862//1200
f 2955//1223 2926//1222 2942//1222
f 2943//1225 2940//1220 2927//1225
f 2957//1242 2940//1220 2956//1832
f 2944//1221 2926//1222 2928//1221
f 2945//2202 2927//1225 2929//2203
f 2946//2204 2928//1221 2930//2205
f 2947//1231 2929//2203 2931//1231
f 2948//2206 2930//2205 2932//2207
f 2947//1231 2933//1233 2949//1233
f 2948//2206 2934//1232 2950//1232
f 2951//2208 2933//1233 2935//1236
f 2952//2209 2934//1232 2936//2210
f 2951//2208 2937//2211 2953//2211
f 2954//2212 2936//2210 2938//1239
f 2953//2211 2939//1223 2955//1223
f 2954//2212 2941//2213 2957//1242
f 2970//1247 2957//1285 2973//1285
f 2971//1283 2953//1244 2955//1283
f 2970//1247 2952//1287 2954//1247
f 2967//1286 2953//1244 2969//1244
f 2968//1287 2950//1251 2952//1287
f 2965//1250 2951//1836 2967//1286
f 2966//1251 2948//1253 2950//1251
f 2963//1252 2949//1250 2965//1250
f 2964//1289 2946//1256 2948//1253
f 2961//1255 2947//1252 2963//1252
f 2962//1256 2944//1291 2946//1256
f 2959//1290 2945//1255 2961//1255
f 2958//1262 2944//1291 2960//1263
f 2973//1285 2956//1260 2972//1260
f 2972//1260 2943//1290 2959//1290
f 2958//1262 2955//1283 2942//1262
f 2996//1267 2971//1269 2958//1267
f 2998//1270 2972//1264 2959//2214
f 2995//1265 2972//1264 2993//1264
f 3000//1266 2958//1267 2960//1266
f 3002//1272 2959//2214 2961//1272
f 3000//1266 2962//1271 3004//1271
f 3006//1274 2961//1272 2963//1274
f 3004//1271 2964//1273 3008//1273
f 3006//1274 2965//1276 3010//1276
f 3008//1273 2966//1275 3012//1275
f 3010//1276 2967//1278 3014//1278
f 3016//1277 2966//1275 2968//1838
f 3018//1839 2967//1278 2969//1839
f 3020//2215 2968//1838 2970//2215
f 3018//1839 2971//1269 2991//1269
f 3020//2215 2973//2216 2995//1265
f 2716//1247 2989//1246 2717//1285
f 2709//1283 2985//1244 2987//1245
f 2716//1247 2984//1249 2986//1247
f 2707//1286 2985//1244 2708//1244
f 2715//1287 2982//1251 2984//1249
f 2706//1250 2983//1248 2707//1286
f 2714//1251 2980//1257 2982//1251
f 2705//1252 2981//1250 2706//1250
f 2713//1289 2978//1256 2980//1257
f 2704//1255 2979//1254 2705//1252
f 2712//1256 2976//1259 2978//1256
f 2702//1290 2977//1255 2704//1255
f 2711//1263 2974//1262 2976//1259
f 2717//1285 2988//1260 2703//1260
f 2703//1260 2975//1258 2702//1290
f 2710//1262 2987//1245 2974//1262
f 2989//1298 3021//2217 2994//1298
f 2994//1301 3020//1300 2995//2218
f 2985//1850 2990//1292 2987//2219
f 3019//1295 2991//1294 2990//1294
f 2984//1305 3021//2217 2986//2217
f 3017//1306 3020//1300 3021//2220
f 2985//1850 3015//1302 3019//1850
f 3019//1295 3014//1303 3018//2221
f 2984//1305 3013//1311 3017//1305
f 3013//1313 3016//2222 3017//1306
f 2981//1308 3015//1302 2983//1851
f 3015//1303 3010//1309 3014//1303
f 2980//1843 3013//1311 2982//1311
f 3009//1317 3012//1313 3013//1313
f 2981//1308 3007//1845 3011//1308
f 3011//1309 3006//1315 3010//1309
f 2978//1320 3009//1843 2980//1843
f 3009//1317 3004//1321 3008//1317
f 2979//1845 3003//1318 3007//1845
f 3003//1319 3006//1315 3007//1315
f 2976//2223 3005//1320 2978//1320
f 3005//1321 3000//1325 3004//1321
f 2977//1318 2999//1847 3003//1318
f 2999//1323 3002//1319 3003//1319
f 2974//1328 3001//2223 2976//2223
f 2997//1329 3000//1325 3001//1325
f 2989//1298 2992//1326 2988//1326
f 2992//1327 2995//2218 2993//1327
f 2975//1847 2992//1326 2999//1847
f 2999//1323 2993//1327 2998//1323
f 2974//1328 2990//1292 2997//1328
f 2990//1294 2996//1329 2997//1329
f 2672//2224 3022//1338 3023//1339
f 2672//2224 3024//1340 2674//1340
f 2676//1342 3024//1340 3025//1342
f 2678//1343 3025//1342 3026//1343
f 2680//1344 3026//1343 3027//1344
f 2680//1344 3028//1345 2682//1345
f 2684//1346 3028//1345 3029//1346
f 2686//1331 3029//1346 3030//1331
f 2686//1331 3031//1853 2688//1853
f 2688//1853 3032//1332 2690//1332
f 2692//1854 3032//1332 3033//1333
f 2692//1854 3034//1334 2694//1334
f 2696//1335 3034//1334 3035//1335
f 2696//1335 3036//1336 2698//1336
f 2700//1337 3036//1336 3037//1337
f 2700//1337 3022//1338 2670//1338
f 3071//2225 3066//2226 3065//1373
f 2684//442 3044//113 2682//113
f 2700//438 3052//254 2698//254
f 2686//40 3045//442 2684//442
f 2672//439 3038//188 2670//188
f 2670//188 3053//438 2700//438
f 2688//435 3046//40 2686//40
f 2674//185 3039//439 2672//439
f 2690//37 3047//435 2688//435
f 2676//440 3040//185 2674//185
f 2692//436 3048//37 2690//37
f 2678//116 3041//440 2676//440
f 2694//257 3049//436 2692//436
f 2680//441 3042//116 2678//116
f 2696//437 3050//257 2694//257
f 2682//113 3043//441 2680//441
f 3230//1474 3140//1468 3243//1466
f 3072//2227 3058//1868 3073//2228
f 3070//2226 3067//2229 3066//2226
f 3072//2227 3060//2230 3059//2227
f 3074//2231 3068//2232 3067//2229
f 3077//2233 3060//2230 3075//2234
f 3078//2235 3068//2232 3076//2236
f 3077//2233 3062//2237 3061//2238
f 3080//2239 3054//2240 3081//2240
f 3081//2240 3069//2241 3078//2235
f 3079//2237 3063//2242 3062//2237
f 3080//2239 3056//1374 3055//2239
f 3082//2243 3064//1372 3063//2242
f 3085//2244 3056//1374 3083//1371
f 3071//2225 3064//1372 3084//1369
f 3073//2228 3057//1348 3085//2244
f 3130//1889 3073//1884 3085//1889
f 3131//2245 3084//1380 3129//1380
f 3128//1379 3085//1889 3083//1379
f 3129//1380 3082//1891 3127//1891
f 3126//2246 3083//1379 3080//2246
f 3127//1891 3079//2247 3125//2247
f 3133//2248 3078//2249 3124//2249
f 3133//2248 3080//2246 3081//2248
f 3123//2250 3079//2247 3077//1881
f 3124//2249 3076//1389 3122//1389
f 3121//1388 3077//1881 3075//1388
f 3120//1391 3076//1389 3074//1391
f 3121//1388 3072//1882 3119//2251
f 3120//1391 3070//1886 3118//1886
f 3119//2251 3073//1884 3132//1885
f 3131//2245 3070//1886 3071//2245
f 3105//1397 3086//1422 3102//2252
f 3103//1394 3090//2253 3087//1908
f 3107//2254 3089//1905 3105//1397
f 3106//2255 3092//2256 3090//2253
f 3109//1407 3091//2257 3107//2254
f 3110//1894 3092//2256 3108//2258
f 3109//1407 3095//2259 3093//1403
f 3112//1412 3094//2260 3110//1894
f 3104//1410 3097//2261 3088//2262
f 3111//2263 3088//2262 3095//2259
f 3114//2264 3096//2265 3112//1412
f 3113//1897 3099//1424 3097//2261
f 3116//2266 3098//1899 3114//2264
f 3115//2267 3101//2268 3099//1424
f 3102//2252 3100//1423 3116//2266
f 3117//2269 3087//1908 3101//2268
f 3042//1922 3117//1429 3041//1429
f 3048//1432 3102//1427 3116//2270
f 3041//1429 3115//2271 3040//1428
f 3047//1931 3116//2270 3114//1931
f 3040//1428 3113//1433 3039//1433
f 3046//2272 3114//1931 3112//2272
f 3038//1436 3111//1440 3053//2273
f 3038//1436 3113//1433 3104//1933
f 3045//1916 3112//2272 3110//2274
f 3053//2273 3109//2275 3052//2275
f 3044//2276 3110//2274 3108//2276
f 3051//2277 3109//2275 3107//1448
f 3044//2276 3106//2278 3043//1446
f 3050//1923 3107//1448 3105//1923
f 3043//1446 3103//1922 3042//1922
f 3050//1923 3102//1427 3049//1427
f 3086//1422 3118//2279 3131//1465
f 3090//2253 3132//1450 3087//1908
f 3091//2257 3118//2279 3089//1905
f 3092//2256 3119//1942 3090//2253
f 3091//2257 3122//2280 3120//2281
f 3092//2256 3123//1934 3121//1457
f 3093//1403 3124//2282 3122//2280
f 3094//2260 3125//2283 3123//1934
f 3097//2261 3133//1458 3088//2262
f 3095//2259 3133//1458 3124//2282
f 3098//1899 3125//2283 3096//2265
f 3099//1424 3126//2284 3097//2261
f 3098//1899 3129//1464 3127//1459
f 3101//2268 3128//2285 3099//1424
f 3086//1422 3129//1464 3100//1423
f 3101//2268 3132//1450 3130//1937
f 3231//1352 3148//1353 3244//1354
f 3232//1471 3141//1467 3230//1474
f 3245//1469 3135//1480 3134//2286
f 3245//1469 3149//1470 3231//1352
f 3234//1478 3142//2287 3232//1471
f 3233//1475 3136//1484 3135//1480
f 3236//1477 3143//1472 3234//1478
f 3235//1479 3137//1488 3136//1484
f 3238//1485 3144//1482 3236//1477
f 3237//1483 3138//1945 3137//1488
f 3240//1489 3145//1481 3238//1485
f 3239//1487 3139//1494 3138//1945
f 3242//1493 3146//1944 3240//1489
f 3241//1491 3140//1468 3139//1494
f 3242//1493 3148//1353 3147//1490
f 3229//1503 3157//2288 3180//1965
f 3188//1558 3181//1966 3213//2289
f 3214//1555 3178//2290 3228//1495
f 3211//1964 3152//2291 3179//1963
f 3229//1503 3176//1512 3227//1970
f 3213//2289 3177//1514 3209//1513
f 3226//2292 3178//2290 3174//1507
f 3207//1510 3179//1963 3175//1509
f 3225//1520 3176//1512 3172//1967
f 3209//1513 3173//1969 3205//1521
f 3226//2292 3170//1971 3224//1515
f 3203//1518 3175//1509 3171//1972
f 3225//1520 3168//1528 3223//2293
f 3205//1521 3169//1530 3201//2294
f 3222//2295 3170//1971 3166//1523
f 3199//2296 3171//1972 3167//1525
f 3223//2293 3164//2297 3221//1535
f 3201//2294 3165//2298 3197//1537
f 3220//1951 3166//1523 3160//2299
f 3193//1534 3167//1525 3161//2300
f 3219//2301 3164//2297 3158//1544
f 3197//1537 3159//1547 3191//1550
f 3218//1552 3163//1540 3154//2302
f 3187//2303 3162//1541 3155//2304
f 3220//1951 3163//1540 3216//1539
f 3194//1542 3161//2300 3162//1541
f 3219//2301 3150//2305 3217//1543
f 3191//1550 3151//2306 3183//1954
f 3218//1552 3157//2288 3215//1501
f 3188//1558 3155//2304 3156//1960
f 3214//1555 3150//2305 3153//1955
f 3183//1954 3152//2291 3184//1498
f 3153//1955 3182//1561 3185//1562
f 3185//1562 3183//1954 3184//1498
f 3157//2288 3186//1559 3189//1560
f 3186//1559 3188//1558 3189//1560
f 3150//2305 3190//2307 3182//1561
f 3190//2307 3183//1954 3182//1561
f 3160//2299 3195//2308 3163//1540
f 3195//2308 3193//1534 3194//1542
f 3163//1540 3186//1559 3154//2302
f 3195//2308 3187//2303 3186//1559
f 3158//1544 3196//2309 3190//2307
f 3190//2307 3197//1537 3191//1550
f 3166//1523 3192//1984 3160//2299
f 3198//1570 3193//1534 3192//1984
f 3168//1528 3196//2309 3164//2297
f 3196//2309 3201//2294 3197//1537
f 3166//1523 3202//2310 3198//1570
f 3202//2310 3199//2296 3198//1570
f 3168//1528 3204//1976 3200//1567
f 3200//1567 3205//1521 3201//2294
f 3174//1507 3202//2310 3170//1971
f 3206//1978 3203//1518 3202//2310
f 3172//1967 3208//1979 3204//1976
f 3208//1979 3205//1521 3204//1976
f 3178//2290 3206//1978 3174//1507
f 3206//1978 3211//1964 3207//1510
f 3176//1512 3212//1574 3208//1979
f 3208//1979 3213//2289 3209//1513
f 3153//1955 3210//1573 3178//2290
f 3185//1562 3211//1964 3210//1573
f 3157//2288 3212//1574 3180//1965
f 3212//1574 3188//1558 3213//2289
f 3061//1577 3214//1555 3060//2311
f 3069//1575 3215//1501 3068//2312
f 3062//1580 3217//1543 3061//1577
f 3054//1579 3220//1951 3216//1539
f 3069//1575 3216//1539 3218//1552
f 3063//1581 3219//2301 3062//1580
f 3055//1582 3222//2295 3220//1951
f 3063//1581 3223//2293 3221//1535
f 3057//1585 3222//2295 3056//2313
f 3065//1583 3223//2293 3064//2314
f 3057//1585 3226//2292 3224//1515
f 3066//1588 3225//1520 3065//1583
f 3058//1587 3228//1495 3226//2292
f 3067//1590 3227//1970 3066//1588
f 3059//1589 3214//1555 3228//1495
f 3067//1590 3215//1501 3229//1503
f 3181//1966 3244//1354 3242//1493
f 3152//2291 3241//1491 3179//1963
f 3177//1514 3242//1493 3240//1489
f 3175//1509 3241//1491 3239//1487
f 3173//1969 3240//1489 3238//1485
f 3175//1509 3237//1483 3171//1972
f 3173//1969 3236//1477 3169//1530
f 3171//1972 3235//1479 3167//1525
f 3165//2298 3236//1477 3234//1478
f 3161//2300 3235//1479 3233//1475
f 3159//1547 3234//1478 3232//1471
f 3155//2304 3245//1469 3231//1352
f 3161//2300 3245//1469 3162//1541
f 3159//1547 3230//1474 3151//2306
f 3155//2304 3244//1354 3156//1960
f 3152//2291 3230//1474 3243//1466
f 3260//254 3277//438 3261//2315
f 2756//313 3251//313 3252//313
f 2763//313 3260//313 2764//313
f 2756//313 3253//313 2757//313
f 2765//313 3260//313 3261//313
f 2757//313 3254//313 2758//313
f 2750//313 3247//313 3246//313
f 2765//313 3247//313 2751//313
f 2759//313 3254//313 3255//313
f 2750//313 3248//313 2752//313
f 2760//313 3255//313 3256//313
f 2752//313 3249//313 2753//313
f 2761//313 3256//313 3257//313
f 2753//313 3250//313 2754//313
f 2761//313 3258//313 2762//313
f 2755//313 3250//313 3251//313
f 2848//2134 2938//2129 2861//1093
f 3253//442 3270//40 3254//40
f 3247//188 3262//2316 3246//439
f 3261//2315 3263//188 3247//188
f 3254//40 3271//435 3255//435
f 3246//439 3264//185 3248//185
f 3255//435 3272//37 3256//37
f 3248//185 3265//440 3249//440
f 3256//37 3273//436 3257//436
f 3249//440 3266//116 3250//116
f 3257//436 3274//257 3258//257
f 3250//116 3267//441 3251//441
f 3258//257 3275//1989 3259//437
f 3251//441 3268//113 3252//113
f 3259//437 3276//254 3260//254
f 3252//113 3269//442 3253//442
f 3306//2119 3302//1733 3303//2118
f 3304//2120 3300//2115 3301//1077
f 3308//1753 3298//1066 3299//1751
f 3308//1753 3302//1733 3309//2116
f 3297//2122 3300//2115 3296//1732
f 3295//2124 3298//1066 3294//1740
f 3297//2122 3292//2110 3293//2121
f 3291//2123 3294//1740 3290//2109
f 3289//2125 3292//2110 3288//2108
f 3287//1091 3290//2109 3286//1739
f 3289//2125 3284//1738 3285//1087
f 3287//1091 3282//2107 3283//2317
f 3285//1087 3280//2106 3281//2126
f 3279//2127 3282//2107 3278//2105
f 3281//2126 3307//1047 3306//2119
f 3304//2120 3278//2105 3305//1072
f 3279//2127 2832//2089 3283//2317
f 3136//1484 3310//313 3135//1480
f 3137//1488 3313//313 3310//313
f 3139//1494 3313//313 3138//1945
f 3140//1468 3316//313 3139//1494
f 3135//1480 3311//313 3134//2286
f 3310//313 3314//313 3311//313
f 3316//313 3314//313 3313//313
f 3141//1467 3317//313 3316//313
f 3311//313 3149//1470 3134//2286
f 3314//313 3312//313 3311//313
f 3314//313 3318//313 3315//313
f 3317//313 3143//1472 3318//313
f 3312//313 3148//1353 3149//1470
f 3315//313 3147//1490 3312//313
f 3315//313 3145//1481 3146//1944
f 3318//313 3144//1482 3145//1481
f 3320//116 3672//441 3671//116
f 3322//441 3673//113 3672//441
f 3324//113 3674//442 3673//113
f 3326//442 3675//40 3674//442
f 3328//40 3676//435 3675//40
f 3330//435 3677//37 3676//435
f 3332//37 3678//436 3677//37
f 3334//436 3679//257 3678//436
f 3336//257 3680//437 3679//257
f 3338//437 3681//254 3680//437
f 3340//254 3682//438 3681//254
f 3342//438 3683//188 3682//438
f 3344//188 3684//439 3683//188
f 3346//439 3685//185 3684//439
f 3328//1993 3354//871 3355//874
f 3348//185 3686//440 3685//185
f 3350//440 3671//116 3686//440
f 3347//654 3700//439 3345//439
f 3498//2318 3374//2319 3375//891
f 3336//847 3360//867 3338//868
f 3348//2320 3364//2321 3365//2322
f 3324//1610 3351//856 3353//1609
f 3334//872 3357//860 3358//848
f 3344//1595 3362//863 3363//1595
f 3328//1993 3356//859 3330//1994
f 3338//868 3361//862 3340//1604
f 3348//2320 3366//864 3350//864
f 3326//1996 3353//1609 3354//871
f 3336//847 3358//848 3359//849
f 3346//854 3363//1595 3364//2321
f 3320//1612 3351//856 3322//856
f 3330//1994 3357//860 3332//860
f 3340//1604 3362//863 3342//863
f 3320//1612 3366//864 3352//1612
f 3463//2323 3393//2324 3466//2029
f 3496//893 3367//2010 3499//2325
f 3497//2326 3368//893 3496//893
f 3500//894 3375//891 3376//895
f 3499//2325 3369//899 3501//899
f 3502//1621 3376//895 3377//1621
f 3501//899 3370//881 3503//2327
f 3502//1621 3378//2000 3504//2328
f 3503//2327 3371//2329 3505//879
f 3504//2328 3379//2330 3506//850
f 3507//2002 3371//2329 3372//2331
f 3508//2332 3379//2330 3380//2332
f 3509//2333 3372//2331 3373//2333
f 3510//886 3380//2332 3381//886
f 3495//2334 3373//2333 3374//2319
f 3510//886 3382//889 3497//2326
f 3416//941 3414//2335 3417//945
f 3467//2336 3385//1614 3386//2030
f 3466//2029 3394//2337 3468//2337
f 3469//2338 3386//2030 3387//2339
f 3470//2340 3394//2337 3395//2035
f 3469//2338 3388//2341 3471//2341
f 3470//2340 3396//2342 3472//2343
f 3471//2341 3389//2344 3473//1639
f 3474//2345 3396//2342 3397//2346
f 3475//2347 3389//2344 3390//907
f 3474//2345 3398//2348 3476//2349
f 3477//910 3390//907 3391//911
f 3465//2350 3383//2024 3478//2351
f 3465//2350 3398//2348 3384//2352
f 3477//910 3392//915 3463//2323
f 3464//1614 3383//2024 3385//1614
f 3412//313 3907//313 3908//313
f 3421//948 3406//2353 3407//2354
f 3424//949 3399//2355 3425//953
f 3417//945 3400//950 3424//949
f 3427//1654 3407//2354 3408//2356
f 3425//953 3401//1658 3429//902
f 3431//955 3408//2356 3409//1657
f 3429//902 3402//2357 3433//904
f 3435//958 3409//1657 3410//2358
f 3433//904 3403//2041 3437//2039
f 3439//2042 3410//2358 3411//2359
f 3437//2039 3404//2360 3441//2361
f 3443//937 3411//2359 3412//2362
f 3445//940 3404//2360 3405//939
f 3416//941 3412//2362 3413//942
f 3445//940 3406//2353 3420//2363
f 3389//977 3419//2364 3390//2365
f 3446//2366 3420//2363 3419//2364
f 3397//979 3444//2367 3415//976
f 3444//2367 3416//941 3415//976
f 3389//977 3442//2368 3446//2366
f 3446//2366 3441//2361 3445//940
f 3396//2369 3440//984 3444//2367
f 3440//984 3443//937 3444//2367
f 3388//2370 3438//986 3442//2368
f 3438//986 3441//2361 3442//2368
f 3395//2371 3436//2372 3440//984
f 3436//2372 3439//2042 3440//984
f 3386//2056 3438//986 3387//2373
f 3438//986 3433//904 3437//2039
f 3394//2071 3432//1682 3436//2372
f 3432//1682 3435//958 3436//2372
f 3385//963 3434//2374 3386//2056
f 3434//2374 3429//902 3433//904
f 3393//959 3428//2375 3432//1682
f 3428//2375 3431//955 3432//1682
f 3383//2376 3430//1678 3385//963
f 3430//1678 3425//953 3429//902
f 3392//2377 3422//970 3428//2375
f 3422//970 3427//1654 3428//2375
f 3398//2378 3423//968 3384//971
f 3423//968 3417//945 3424//949
f 3384//971 3426//964 3383//2376
f 3426//964 3424//949 3425//953
f 3390//2365 3422//970 3391//2379
f 3422//970 3420//2363 3421//948
f 3397//979 3418//972 3398//2378
f 3418//972 3416//941 3417//945
f 3493//2380 3462//1008 3449//2381
f 3492//2382 3460//1695 3447//2383
f 3489//2384 3461//1012 3494//1016
f 3491//2385 3461//1012 3462//1008
f 3488//2386 3460//1695 3490//1696
f 3489//2384 3457//1706 3459//2387
f 3486//2388 3458//1017 3488//2386
f 3485//2389 3457//1706 3487//2390
f 3486//2388 3454//2391 3456//1699
f 3485//2389 3453//995 3455//2073
f 3482//2075 3454//2391 3484//2076
f 3481//2392 3453//995 3483//1002
f 3482//2075 3450//1712 3452//2080
f 3479//2393 3451//1006 3481//2392
f 3493//2380 3450//1712 3480//2083
f 3479//2393 3447//2383 3448//2394
f 3462//2098 3464//1035 3449//1035
f 3460//1040 3463//2100 3447//2395
f 3461//1038 3476//2102 3465//1038
f 3462//2098 3465//1038 3478//2396
f 3460//1040 3475//2101 3477//1040
f 3459//2103 3474//2397 3476//2102
f 3456//2398 3475//2101 3458//2101
f 3455//1027 3474//2397 3457//1043
f 3456//2398 3471//1023 3473//2398
f 3453//1025 3472//1026 3455//1027
f 3452//1028 3471//1023 3454//1023
f 3451//2399 3470//1025 3453//1025
f 3452//1028 3467//1029 3469//1028
f 3451//2399 3466//2400 3468//1030
f 3450//1031 3464//1035 3467//1029
f 3447//2395 3466//2400 3448//2400
f 3533//1730 3954//2109 3927//1740
f 3530//1729 3929//1068 3535//1067
f 3537//1065 3927//1740 3931//1066
f 3539//2114 3929//1068 3933//2115
f 3541//2401 3931//1066 3935//2116
f 3539//2114 3937//1072 3543//1073
f 3541//2401 3939//1046 3545//1075
f 3543//1073 3941//2402 3547//2403
f 3545//1075 3943//1047 3549//2404
f 3551//1050 3941//2402 3945//2107
f 3553//1051 3943//1047 3947//2106
f 3555//1053 3945//2107 3949//1054
f 3532//1055 3951//2108 3557//1060
f 3532//1055 3947//2106 3958//1056
f 3555//1053 3954//2109 3528//1058
f 3557//1060 3956//1063 3530//1729
f 3957//1087 3491//2385 3952//2405
f 3955//2406 3491//2385 3493//2380
f 3950//2407 3492//2382 3953//2408
f 3957//1087 3489//2384 3494//1016
f 3950//2407 3488//2386 3490//1696
f 3948//2409 3487//2390 3489//2384
f 3942//2410 3488//2386 3946//2411
f 3940//2412 3487//2390 3944//2413
f 3942//2410 3484//2076 3486//2388
f 3936//1753 3485//2389 3940//2412
f 3938//2120 3482//2075 3484//2076
f 3930//2414 3493//2380 3480//2083
f 3953//2408 3479//2393 3928//2415
f 3936//1753 3481//2392 3483//1002
f 3934//1077 3480//2083 3482//2075
f 3495//2416 3586//1106 3509//1106
f 3510//1103 3585//2133 3508//2133
f 3509//1106 3584//1109 3507//2417
f 3506//1110 3585//2133 3583//1110
f 3507//2417 3582//1112 3505//1112
f 3506//1110 3581//2134 3504//1113
f 3505//1112 3580//1756 3503//1756
f 3504//1113 3579//1093 3502//2418
f 3501//2419 3580//1756 3578//1094
f 3502//2418 3577//1096 3500//1096
f 3501//2419 3576//1095 3499//1759
f 3500//1096 3575//1099 3498//1099
f 3497//1100 3589//1098 3590//1100
f 3496//1098 3576//1095 3589//1098
f 3495//2416 3575//1099 3588//1102
f 3377//1763 3524//2420 3511//1763
f 3369//1132 3512//2143 3370//2421
f 3378//2422 3511//1763 3513//2423
f 3370//2421 3514//2424 3371//2424
f 3379//2425 3513//2423 3515//2425
f 3371//2424 3516//2426 3372//2426
f 3379//2425 3517//2427 3380//2427
f 3372//2426 3518//2428 3373//2429
f 3380//2427 3519//2430 3381//2430
f 3373//2429 3520//2431 3374//2432
f 3382//2433 3519//2430 3521//2434
f 3374//2432 3522//1122 3375//1123
f 3368//2435 3523//2436 3367//2437
f 3368//2435 3521//2434 3526//2435
f 3376//2420 3522//1122 3524//2420
f 3367//2437 3525//2438 3369//1132
f 3559//1173 3527//2439 3534//2440
f 3527//1167 3533//1820 3534//2441
f 3573//1783 3536//2442 3560//1184
f 3536//2443 3530//1786 3535//2444
f 3561//2176 3534//2440 3538//2177
f 3534//2441 3537//1181 3538//2179
f 3562//2445 3536//2442 3540//2445
f 3536//2443 3539//2446 3540//2447
f 3563//2184 3538//2177 3542//2189
f 3538//2179 3541//2187 3542//2187
f 3562//2445 3544//1191 3564//2448
f 3544//1801 3539//2446 3543//1195
f 3563//2184 3546//1197 3565//2185
f 3546//1148 3541//2187 3545//2449
f 3564//2448 3548//2450 3566//2451
f 3548//2452 3543//1195 3547//2453
f 3565//2185 3550//2454 3567//2454
f 3550//2455 3545//2449 3549//2455
f 3568//2456 3548//2450 3552//1153
f 3548//2452 3551//2457 3552//1154
f 3569//1156 3550//2454 3554//1157
f 3550//2455 3553//1158 3554//1159
f 3570//2458 3552//1153 3556//2459
f 3552//1154 3555//1816 3556//1161
f 3574//1162 3558//1169 3571//1170
f 3558//1171 3532//1164 3557//1172
f 3574//1162 3554//1157 3531//1163
f 3554//1159 3532//1164 3531//2460
f 3570//2458 3527//2439 3572//1165
f 3527//1167 3555//1816 3528//1167
f 3571//1170 3529//2461 3573//1783
f 3529//2462 3557//1172 3530//1786
f 3525//1830 3571//1210 3573//1830
f 3522//1215 3572//1214 3524//1214
f 3526//1213 3569//1216 3574//1213
f 3523//1210 3574//1213 3571//1210
f 3520//2463 3570//1215 3522//1215
f 3519//2464 3569//1216 3521//1216
f 3518//2465 3568//2466 3520//2463
f 3517//2192 3567//2464 3519//2464
f 3518//2465 3564//2467 3566//2465
f 3515//1202 3565//2192 3517//2192
f 3516//2193 3562//1204 3564//2467
f 3513//2194 3563//1202 3515//1202
f 3514//1204 3560//2195 3562//1204
f 3511//1821 3561//2194 3513//2194
f 3512//2195 3573//1830 3560//2195
f 3524//1214 3559//1821 3511//1821
f 3604//2468 3575//1232 3591//1232
f 3592//1236 3589//1233 3576//1236
f 3606//1231 3589//1233 3605//1233
f 3593//1235 3575//1232 3577//1235
f 3594//1240 3576//1236 3578//1241
f 3595//1238 3577//1235 3579//1239
f 3594//1240 3580//1223 3596//1223
f 3595//1238 3581//1242 3597//1242
f 3596//1223 3582//1222 3598//2469
f 3597//1242 3583//1220 3599//1220
f 3600//2470 3582//1222 3584//1221
f 3601//1225 3583//1220 3585//2471
f 3602//1226 3584//1221 3586//1227
f 3603//1228 3585//2471 3587//1229
f 3602//1226 3588//1230 3604//2468
f 3603//1228 3590//1231 3606//1231
f 3619//1255 3606//1254 3622//1254
f 3620//1257 3602//1256 3604//1257
f 3619//1255 3601//1290 3603//1255
f 3616//1291 3602//1256 3618//1256
f 3617//1290 3599//1260 3601//1290
f 3614//1262 3600//1291 3616//1291
f 3615//1260 3597//1835 3599//1260
f 3612//1284 3598//1262 3614//1262
f 3613//1285 3595//1247 3597//1835
f 3610//1244 3596//1283 3612//1284
f 3611//1247 3593//1249 3595//1247
f 3608//1248 3594//1244 3610//1244
f 3609//1837 3591//1251 3593//1249
f 3622//1254 3605//1250 3621//1250
f 3621//1250 3592//1836 3608//1248
f 3607//1251 3604//1257 3591//1251
f 3645//1275 3620//1273 3607//1275
f 3647//1278 3621//1276 3608//1279
f 3644//1274 3621//1276 3642//1276
f 3649//1277 3607//1275 3609//1277
f 3651//1839 3608//1279 3610//1839
f 3649//1277 3611//1280 3653//1280
f 3655//1269 3610//1839 3612//1269
f 3653//1280 3613//2216 3657//1265
f 3655//1269 3614//1267 3659//1267
f 3657//1265 3615//1264 3661//1264
f 3659//1267 3616//1266 3663//1266
f 3665//1270 3615//1264 3617//2214
f 3667//1271 3616//1266 3618//1271
f 3669//2472 3617//2214 3619//2472
f 3667//1271 3620//1273 3640//1273
f 3669//2472 3622//2473 3644//1274
f 3365//1255 3638//1288 3366//1252
f 3357//1256 3636//1289 3358//1257
f 3365//1255 3633//1258 3635//1255
f 3356//1291 3634//1256 3357//1256
f 3364//1290 3631//1260 3633//1258
f 3355//1262 3632//1259 3356//1291
f 3363//1260 3629//1246 3631//1260
f 3354//1284 3630//1262 3355//1262
f 3362//1285 3627//1247 3629//1246
f 3353//1244 3628//1245 3354//1284
f 3361//1247 3625//1287 3627//1247
f 3351//1286 3626//1244 3353//1244
f 3360//1837 3623//1251 3625//1287
f 3366//1252 3637//1250 3352//1250
f 3352//1250 3624//1286 3351//1286
f 3359//1251 3636//1289 3623//1251
f 3638//1845 3670//2474 3643//1314
f 3643//1315 3669//1319 3644//2475
f 3634//1320 3639//1843 3636//1316
f 3668//1321 3640//1317 3639//1317
f 3633//1847 3670//2474 3635//2474
f 3666//1323 3669//1319 3670//2476
f 3634//1320 3664//1324 3668//1320
f 3668//1321 3663//1325 3667//2477
f 3633//1847 3662//1326 3666//1847
f 3662//1327 3665//2478 3666//1323
f 3630//1328 3664//1324 3632//2223
f 3664//1325 3659//1329 3663//1325
f 3629//1298 3662//1326 3631//1326
f 3658//1301 3661//1327 3662//1327
f 3630//1328 3656//2219 3660//1328
f 3660//1329 3655//1294 3659//1329
f 3627//1297 3658//1298 3629//1298
f 3658//1301 3653//1300 3657//1301
f 3628//2219 3652//1850 3656//2219
f 3652//1295 3655//1294 3656//1294
f 3625//1312 3654//1297 3627//1297
f 3654//1300 3649//1306 3653//1300
f 3626//1850 3648//1302 3652//1850
f 3648//1303 3651//1295 3652//1295
f 3623//1311 3650//1312 3625//1312
f 3646//1313 3649//1306 3650//1306
f 3638//1845 3641//1308 3637//1308
f 3641//1309 3644//2475 3642//1309
f 3624//1302 3641//1308 3648//1302
f 3648//1303 3642//1309 3647//1303
f 3623//1311 3639//1843 3646//1311
f 3639//1317 3645//1313 3646//1313
f 3321//2479 3671//1343 3672//2479
f 3321//2479 3673//1345 3323//1345
f 3325//1346 3673//1345 3674//1346
f 3327//1331 3674//1346 3675//1331
f 3327//1331 3676//1853 3329//1853
f 3329//1853 3677//1332 3331//1332
f 3333//1333 3677//1332 3678//1333
f 3335//1334 3678//1333 3679//1334
f 3335//1334 3680//1335 3337//1335
f 3337//1335 3681//1336 3339//1336
f 3341//2480 3681//1336 3682//1337
f 3341//2480 3683//1338 3343//1338
f 3345//1339 3683//1338 3684//1339
f 3345//1339 3685//1340 3347//1340
f 3349//1342 3685//1340 3686//1341
f 3319//1343 3686//1341 3671//1343
f 3720//2481 3715//2240 3714//2482
f 3333//436 3693//37 3331//37
f 3349//440 3701//185 3347//654
f 3335//257 3694//436 3333//436
f 3321//441 3687//116 3319//116
f 3319//116 3702//440 3349//440
f 3337//437 3695//257 3335//257
f 3323//113 3688//441 3321//441
f 3339//254 3696//437 3337//437
f 3325//442 3689//2483 3323//113
f 3341//438 3697//254 3339//254
f 3327//40 3690//442 3325//442
f 3343//188 3698//438 3341//438
f 3329//435 3691//40 3327//40
f 3345//439 3699//188 3343//188
f 3331//37 3692//435 3329//435
f 3879//1485 3789//1482 3892//1477
f 3721//2484 3707//2237 3722//2237
f 3723//2485 3715//2240 3719//2486
f 3721//2484 3709//2487 3708//2242
f 3725//2488 3716//2239 3723//2485
f 3726//2489 3709//2487 3724//2490
f 3727//2491 3717//2492 3725//2488
f 3726//2489 3711//1356 3710//2493
f 3729//2494 3703//2228 3730//2228
f 3730//2228 3718//2495 3727//2491
f 3728//1356 3712//2496 3711//1356
f 3729//2494 3705//1879 3704//2494
f 3731//2231 3713//1878 3712//2496
f 3732//1876 3706//2497 3705//1879
f 3720//2481 3713//1878 3733//1874
f 3734//2498 3707//2237 3706//2497
f 3781//2247 3734//2499 3779//2499
f 3780//2249 3733//1389 3778//1389
f 3779//2499 3732//1388 3777//2500
f 3778//1389 3731//1391 3776//1391
f 3775//1390 3732//1388 3729//1390
f 3776//1391 3728//1376 3774//2501
f 3782//1393 3727//1378 3773//1378
f 3782//1393 3729//1390 3730//1393
f 3772//2502 3728//1376 3726//2245
f 3773//1378 3725//1379 3771//2503
f 3770//1380 3726//2245 3724//1380
f 3769//2246 3725//1379 3723//2246
f 3770//1380 3721//1891 3768//2504
f 3767//2248 3723//2246 3719//2248
f 3768//2504 3722//2247 3781//2247
f 3767//2248 3720//2249 3780//2249
f 3754//1410 3735//2505 3751//1406
f 3752//1412 3739//2506 3736//2265
f 3756//2507 3738//2262 3754//1410
f 3755//2508 3741//1902 3739//2506
f 3758//2267 3740//2509 3756//2507
f 3759//2252 3741//1902 3757//1898
f 3758//2267 3744//2510 3742//2511
f 3761//1397 3743//2512 3759//2252
f 3753//1394 3746//2513 3737//1401
f 3760//2514 3737//1401 3744//2510
f 3763//2515 3745//1399 3761//1397
f 3764//2516 3746//2513 3762//1400
f 3765//2517 3747//2257 3763//2515
f 3764//2516 3750//1893 3748//1913
f 3751//1406 3749//1403 3765//2517
f 3766//2518 3736//2265 3750//1893
f 3691//2272 3766//1916 3690//1916
f 3697//1919 3751//1440 3765//2519
f 3690//1916 3764//2520 3689//1915
f 3696//1448 3765//2519 3763//1448
f 3689//1915 3762//2521 3688//2522
f 3695//1426 3763//1448 3761//1426
f 3687//1449 3760//2523 3702//2524
f 3687//1449 3762//2521 3753//1449
f 3694//1427 3761//1426 3759//2525
f 3702//2524 3758//2526 3701//2527
f 3693//2528 3759//2525 3757//2528
f 3700//2529 3758//2526 3756//1433
f 3693//2528 3755//2530 3692//1931
f 3699//1933 3756//1433 3754//1933
f 3692//1931 3752//1437 3691//2272
f 3699//1933 3751//1440 3698//1440
f 3735//2505 3767//1458 3780//2282
f 3739//2506 3781//2283 3736//2265
f 3740//2509 3767//1458 3738//2262
f 3741//1902 3768//1459 3739//2506
f 3742//2511 3769//2284 3740//2509
f 3741//1902 3772//1465 3770//2531
f 3744//2510 3771//1938 3742//2511
f 3743//2512 3774//1452 3772//1465
f 3737//1401 3775//1942 3782//2532
f 3737//1401 3773//2533 3744//2510
f 3747//2257 3774//1452 3745//1399
f 3748//1913 3775//1942 3746//2513
f 3747//2257 3778//2280 3776//1453
f 3750//1893 3777//1941 3748//1913
f 3749//1403 3780//2282 3778//2280
f 3750//1893 3781//2283 3779//1934
f 3893//1479 3798//1488 3797//1484
f 3881//1489 3790//1481 3879//1485
f 3894//1487 3784//1494 3783//1492
f 3880//1483 3783//1492 3798//1488
f 3883//1493 3791//1486 3881//1489
f 3884//1466 3784//1494 3882//1491
f 3885//1354 3792//1490 3883//1493
f 3884//1466 3786//1467 3785//1468
f 3887//1352 3793//1353 3885//1354
f 3886//1474 3787//2287 3786//1467
f 3889//1469 3794//1470 3887//1352
f 3888//1471 3788//1472 3787//2287
f 3891//1475 3795//2286 3889//1469
f 3890//1478 3789//1482 3788//1472
f 3891//1475 3797//1484 3796//1480
f 3878//1951 3806//2534 3829//2299
f 3837//1974 3830//2300 3862//2535
f 3863//1973 3827//2536 3877//1535
f 3860//1537 3801//2537 3828//2298
f 3878//1951 3825//1540 3876//1539
f 3862//2535 3826//1541 3858//1542
f 3875//2301 3827//2536 3823//1544
f 3856//1550 3828//2298 3824//1547
f 3874//1552 3825//1540 3821//2302
f 3858//1542 3822//2304 3854//1554
f 3875//2301 3819//2538 3873//1543
f 3852//1954 3824//1547 3820//2306
f 3874//1552 3817//1557 3872//2539
f 3854//1554 3818//1960 3850//2540
f 3871//2541 3819//2538 3815//1955
f 3848//2542 3820//2306 3816//1556
f 3872//2539 3813//2543 3870//2544
f 3850//2540 3814//1506 3846//1504
f 3869//1495 3815//1955 3809//1497
f 3842//1964 3816//1556 3810//1499
f 3868//1970 3813//2543 3807//1512
f 3846//1504 3808//1514 3840//1513
f 3867//1515 3812//1507 3803//1516
f 3836//2545 3811//1509 3804//1517
f 3869//1495 3812//1507 3865//1508
f 3843//1510 3810//1499 3811//1509
f 3868//1970 3799//1519 3866//1520
f 3840//1513 3800//1522 3832//1521
f 3867//1515 3806//2534 3864//1949
f 3837//1974 3804//1517 3805//1525
f 3863//1973 3799//1519 3802//1528
f 3832//1521 3801//2537 3833//1947
f 3802//1528 3831//1976 3834//1977
f 3834//1977 3832//1521 3833//1947
f 3806//2534 3835//1569 3838//1975
f 3835//1569 3837//1974 3838//1975
f 3799//1519 3839//1571 3831//1976
f 3839//1571 3832//1521 3831//1976
f 3809//1497 3844//1572 3812//1507
f 3844//1572 3842//1964 3843//1510
f 3812//1507 3835//1569 3803//1516
f 3844//1572 3836//2545 3835//1569
f 3807//1512 3845//2546 3839//1571
f 3839//1571 3846//1504 3840//1513
f 3815//1955 3841//1573 3809//1497
f 3847//1983 3842//1964 3841//1573
f 3817//1557 3845//2546 3813//2543
f 3845//2546 3850//2540 3846//1504
f 3815//1955 3851//2547 3847//1983
f 3851//2547 3848//2542 3847//1983
f 3817//1557 3853//1559 3849//1981
f 3849//1981 3854//1554 3850//2540
f 3823//1544 3851//2547 3819//2538
f 3855//2307 3852//1954 3851//2547
f 3821//2302 3857//2308 3853//1559
f 3857//2308 3854//1554 3853//1559
f 3827//2536 3855//2307 3823//1544
f 3855//2307 3860//1537 3856//1550
f 3825//1540 3861//1984 3857//2308
f 3857//2308 3862//2535 3858//1542
f 3802//1528 3859//1566 3827//2536
f 3834//1977 3860//1537 3859//1566
f 3806//2534 3861//1984 3829//2299
f 3861//1984 3837//1974 3862//2535
f 3710//1583 3863//1973 3709//2548
f 3718//1585 3864//1949 3717//2549
f 3711//1588 3866//1520 3710//1583
f 3703//1587 3869//1495 3865//1508
f 3718//1585 3865//1508 3867//1515
f 3711//1588 3870//2544 3868//1970
f 3704//1589 3871//2541 3869//1495
f 3712//1590 3872//2539 3870//2544
f 3706//1577 3871//2541 3705//2550
f 3714//1575 3872//2539 3713//2551
f 3706//1577 3875//2301 3873//1543
f 3715//1579 3874//1552 3714//1575
f 3707//1580 3877//1535 3875//2301
f 3716//1582 3876//1539 3715//1579
f 3708//1581 3863//1973 3877//1535
f 3716//1582 3864//1949 3878//1951
f 3830//2300 3893//1479 3891//1475
f 3801//2537 3890//1478 3828//2298
f 3826//1541 3891//1475 3889//1469
f 3824//1547 3890//1478 3888//1471
f 3822//2304 3889//1469 3887//1352
f 3824//1547 3886//1474 3820//2306
f 3822//2304 3885//1354 3818//1960
f 3820//2306 3884//1466 3816//1556
f 3814//1506 3885//1354 3883//1493
f 3810//1499 3884//1466 3882//1491
f 3808//1514 3883//1493 3881//1489
f 3811//1509 3880//1483 3804//1517
f 3810//1499 3894//1487 3811//1509
f 3800//1522 3881//1489 3879//1485
f 3804//1517 3893//1479 3805//1525
f 3801//2537 3879//1485 3892//1477
f 3909//185 3926//440 3910//440
f 3405//313 3900//313 3901//313
f 3412//313 3909//313 3413//313
f 3405//313 3902//313 3406//313
f 3414//313 3909//313 3910//313
f 3406//313 3903//313 3407//313
f 3399//313 3896//313 3895//313
f 3414//313 3896//313 3400//313
f 3408//313 3903//313 3904//313
f 3399//313 3897//313 3401//313
f 3409//313 3904//313 3905//313
f 3401//313 3898//313 3402//313
f 3410//313 3905//313 3906//313
f 3402//313 3899//313 3403//313
f 3410//313 3907//313 3411//313
f 3404//313 3899//313 3900//313
f 3510//1103 3590//1100 3587//1103
f 3902//436 3919//257 3903//257
f 3896//116 3911//2552 3895//441
f 3910//440 3912//116 3896//116
f 3903//257 3920//437 3904//437
f 3895//441 3913//113 3897//113
f 3904//437 3921//254 3905//254
f 3897//113 3914//442 3898//442
f 3905//254 3922//438 3906//438
f 3898//442 3915//40 3899//40
f 3906//438 3923//188 3907//188
f 3899//40 3916//435 3900//435
f 3907//188 3924//439 3908//439
f 3900//435 3917//37 3901//37
f 3908//439 3925//185 3909//185
f 3901//37 3918//436 3902//436
f 3955//2406 3951//2108 3952//2405
f 3950//2407 3954//2109 3949//1054
f 3957//1087 3947//2106 3948//2409
f 3957//1087 3951//2108 3958//1056
f 3946//2411 3949//1054 3945//2107
f 3948//2409 3943//1047 3944//2413
f 3946//2411 3941//2402 3942//2410
f 3940//2412 3943//1047 3939//1046
f 3938//2120 3941//2402 3937//1072
f 3936//1753 3939//1046 3935//2116
f 3938//2120 3933//2115 3934//1077
f 3936//1753 3931//1066 3932//2553
f 3934//1077 3929//1068 3930//2414
f 3928//2415 3931//1066 3927//1740
f 3930//2414 3956//1063 3955//2406
f 3953//2408 3927//1740 3954//2109
f 3928//2415 3481//2392 3932//2553
f 3785//1468 3959//313 3784//1494
f 3786//1467 3962//313 3959//313
f 3788//1472 3962//313 3787//2287
f 3789//1482 3965//313 3788//1472
f 3784//1494 3960//313 3783//1492
f 3959//313 3963//313 3960//313
f 3965//313 3963//313 3962//313
f 3790//1481 3966//313 3965//313
f 3960//313 3798//1488 3783//1492
f 3963//313 3961//313 3960//313
f 3963//313 3967//313 3964//313
f 3966//313 3792//1490 3967//313
f 3961//313 3797//1484 3798//1488
f 3964//313 3796//1480 3961//313
f 3964//313 3794//1470 3795//2286
f 3967//313 3793//1353 3794//1470
f 1//1 2//4 10//2
f 2//4 3//6 11//5
f 3//6 4//8 12//7
f 4//8 5//11 13//9
f 6//10 14//13 13//9
f 7//12 15//15 14//13
f 8//14 16//17 15//15
f 65//16 73//25 16//17
f 9//3 10//2 18//18
f 10//2 11//5 19//20
f 11//5 12//7 20//21
f 12//7 13//9 21//22
f 14//13 22//23 21//22
f 15//15 23//24 22//23
f 16//17 24//26 23//24
f 73//25 81//34 24//26
f 17//19 18//18 26//27
f 18//18 19//20 27//29
f 19//20 20//21 28//30
f 20//21 21//22 29//31
f 22//23 30//32 29//31
f 23//24 31//33 30//32
f 24//26 32//35 31//33
f 81//34 89//43 32//35
f 25//28 26//27 34//36
f 26//27 27//29 35//38
f 27//29 28//30 36//39
f 28//30 29//31 37//40
f 30//32 38//41 37//40
f 31//33 39//42 38//41
f 32//35 40//44 39//42
f 89//43 97//113 40//44
f 34//36 42//46 41//45
f 35//38 43//47 42//46
f 36//39 44//48 43//47
f 37//40 45//50 44//48
f 37//40 38//41 46//49
f 38//41 39//42 47//51
f 39//42 40//44 48//52
f 40//44 97//113 105//53
f 42//46 50//55 49//54
f 43//47 51//56 50//55
f 44//48 52//57 51//56
f 45//50 53//59 52//57
f 45//50 46//49 54//58
f 46//49 47//51 55//60
f 47//51 48//52 56//61
f 48//52 105//53 113//62
f 50//55 58//64 57//63
f 51//56 59//65 58//64
f 52//57 60//66 59//65
f 53//59 61//68 60//66
f 53//59 54//58 62//67
f 54//58 55//60 63//69
f 55//60 56//61 64//70
f 56//61 113//62 121//71
f 58//64 307//73 306//72
f 59//65 308//74 307//73
f 60//66 309//75 308//74
f 61//68 310//77 309//75
f 61//68 62//67 311//76
f 62//67 63//69 312//78
f 63//69 64//70 313//79
f 64//70 121//71 314//80
f 65//16 66//82 74//81
f 66//82 67//84 75//83
f 67//84 68//86 76//85
f 68//86 69//89 77//87
f 70//88 78//91 77//87
f 71//90 79//93 78//91
f 72//92 80//95 79//93
f 129//94 137//102 80//95
f 73//25 74//81 82//96
f 74//81 75//83 83//97
f 75//83 76//85 84//98
f 76//85 77//87 85//99
f 78//91 86//100 85//99
f 79//93 87//101 86//100
f 80//95 88//103 87//101
f 137//102 145//110 88//103
f 81//34 82//96 90//104
f 82//96 83//97 91//105
f 83//97 84//98 92//106
f 84//98 85//99 93//107
f 86//100 94//108 93//107
f 87//101 95//109 94//108
f 88//103 96//111 95//109
f 145//110 153//119 96//111
f 89//43 90//104 98//112
f 90//104 91//105 99//114
f 91//105 92//106 100//115
f 92//106 93//107 101//116
f 94//108 102//117 101//116
f 95//109 103//118 102//117
f 96//111 104//120 103//118
f 153//119 161//185 104//120
f 98//112 106//121 105//53
f 99//114 107//122 106//121
f 100//115 108//123 107//122
f 101//116 109//125 108//123
f 101//116 102//117 110//124
f 102//117 103//118 111//126
f 103//118 104//120 112//127
f 104//120 161//185 169//128
f 106//121 114//129 113//62
f 107//122 115//130 114//129
f 108//123 116//131 115//130
f 109//125 117//133 116//131
f 109//125 110//124 118//132
f 110//124 111//126 119//134
f 111//126 112//127 120//135
f 112//127 169//128 177//136
f 114//129 122//137 121//71
f 115//130 123//138 122//137
f 116//131 124//139 123//138
f 117//133 125//141 124//139
f 117//133 118//132 126//140
f 118//132 119//134 127//142
f 119//134 120//135 128//143
f 120//135 177//136 185//144
f 122//137 323//145 314//80
f 123//138 332//146 323//145
f 124//139 341//147 332//146
f 125//141 350//149 341//147
f 125//141 126//140 359//148
f 126//140 127//142 368//150
f 127//142 128//143 377//151
f 128//143 185//144 386//152
f 129//94 130//154 138//153
f 130//154 131//156 139//155
f 131//156 132//158 140//157
f 132//158 133//161 141//159
f 134//160 142//163 141//159
f 135//162 143//165 142//163
f 136//164 144//167 143//165
f 193//166 201//174 144//167
f 137//102 138//153 146//168
f 138//153 139//155 147//169
f 139//155 140//157 148//170
f 140//157 141//159 149//171
f 142//163 150//172 149//171
f 143//165 151//173 150//172
f 144//167 152//175 151//173
f 201//174 209//182 152//175
f 145//110 146//168 154//176
f 146//168 147//169 155//177
f 147//169 148//170 156//178
f 148//170 149//171 157//179
f 150//172 158//180 157//179
f 151//173 159//181 158//180
f 152//175 160//183 159//181
f 209//182 217//191 160//183
f 153//119 154//176 162//184
f 154//176 155//177 163//186
f 155//177 156//178 164//187
f 156//178 157//179 165//188
f 158//180 166//189 165//188
f 159//181 167//190 166//189
f 160//183 168//192 167//190
f 217//191 225//254 168//192
f 162//184 170//193 169//128
f 163//186 171//194 170//193
f 164//187 172//195 171//194
f 165//188 173//197 172//195
f 165//188 166//189 174//196
f 166//189 167//190 175//198
f 167//190 168//192 176//199
f 168//192 225//254 233//200
f 170//193 178//201 177//136
f 171//194 179//202 178//201
f 172//195 180//203 179//202
f 173//197 181//205 180//203
f 173//197 174//196 182//204
f 174//196 175//198 183//206
f 175//198 176//199 184//207
f 176//199 233//200 241//208
f 178//201 186//209 185//144
f 179//202 187//210 186//209
f 180//203 188//211 187//210
f 181//205 189//213 188//211
f 181//205 182//204 190//212
f 182//204 183//206 191//214
f 183//206 184//207 192//215
f 184//207 241//208 249//216
f 186//209 385//217 386//152
f 187//210 384//218 385//217
f 188//211 383//219 384//218
f 189//213 382//221 383//219
f 189//213 190//212 381//220
f 190//212 191//214 380//222
f 191//214 192//215 379//223
f 192//215 249//216 378//224
f 193//166 194//226 202//225
f 194//226 195//228 203//227
f 195//228 196//230 204//229
f 196//230 197//233 205//231
f 198//232 206//235 205//231
f 199//234 207//237 206//235
f 200//236 208//238 207//237
f 1//1 9//3 208//238
f 201//174 202//225 210//239
f 202//225 203//227 211//240
f 203//227 204//229 212//241
f 204//229 205//231 213//242
f 206//235 214//243 213//242
f 207//237 215//244 214//243
f 208//238 216//245 215//244
f 9//3 17//19 216//245
f 209//182 210//239 218//246
f 210//239 211//240 219//247
f 211//240 212//241 220//248
f 212//241 213//242 221//249
f 214//243 222//250 221//249
f 215//244 223//251 222//250
f 216//245 224//252 223//251
f 17//19 25//28 224//252
f 217//191 218//246 226//253
f 218//246 219//247 227//255
f 219//247 220//248 228//256
f 220//248 221//249 229//257
f 222//250 230//258 229//257
f 223//251 231//259 230//258
f 224//252 232//260 231//259
f 25//28 33//37 232//260
f 226//253 234//261 233//200
f 227//255 235//262 234//261
f 228//256 236//263 235//262
f 229//257 237//265 236//263
f 229//257 230//258 238//264
f 230//258 231//259 239//266
f 231//259 232//260 240//267
f 232//260 33//37 41//45
f 234//261 242//268 241//208
f 235//262 243//269 242//268
f 236//263 244//270 243//269
f 237//265 245//272 244//270
f 237//265 238//264 246//271
f 238//264 239//266 247//273
f 239//266 240//267 248//274
f 240//267 41//45 49//54
f 242//268 250//275 249//216
f 243//269 251//276 250//275
f 244//270 252//277 251//276
f 245//272 253//279 252//277
f 245//272 246//271 254//278
f 246//271 247//273 255//280
f 247//273 248//274 256//281
f 248//274 49//54 57//63
f 250//275 369//282 378//224
f 251//276 360//283 369//282
f 252//277 351//284 360//283
f 253//279 342//286 351//284
f 253//279 254//278 333//285
f 254//278 255//280 324//287
f 255//280 256//281 315//288
f 256//281 57//63 306//72
f 193//166 136//164 257//289
f 136//164 135//162 258//290
f 135//162 134//160 259//291
f 134//160 133//161 260//292
f 132//158 261//293 260//292
f 131//156 262//294 261//293
f 130//154 263//295 262//294
f 129//94 72//92 263//295
f 194//226 257//289 264//296
f 257//289 258//290 265//297
f 258//290 259//291 266//298
f 259//291 260//292 267//299
f 261//293 268//300 267//299
f 262//294 269//301 268//300
f 263//295 270//302 269//301
f 72//92 71//90 270//302
f 195//228 264//296 271//303
f 264//296 265//297 272//304
f 265//297 266//298 273//305
f 266//298 267//299 274//306
f 268//300 275//307 274//306
f 269//301 276//308 275//307
f 270//302 277//309 276//308
f 71//90 70//88 277//309
f 196//230 271//303 278//310
f 271//303 272//304 279//311
f 272//304 273//305 280//312
f 273//305 274//306 281//313
f 275//307 282//314 281//313
f 276//308 283//315 282//314
f 277//309 284//316 283//315
f 70//88 69//89 284//316
f 278//310 285//317 198//232
f 279//311 286//318 285//317
f 280//312 287//319 286//318
f 281//313 288//321 287//319
f 281//313 282//314 289//320
f 282//314 283//315 290//322
f 283//315 284//316 291//323
f 284//316 69//89 68//86
f 285//317 292//324 199//234
f 286//318 293//325 292//324
f 287//319 294//326 293//325
f 288//321 295//328 294//326
f 288//321 289//320 296//327
f 289//320 290//322 297//329
f 290//322 291//323 298//330
f 291//323 68//86 67//84
f 292//324 299//331 200//236
f 293//325 300//332 299//331
f 294//326 301//333 300//332
f 295//328 302//335 301//333
f 295//328 296//327 303//334
f 296//327 297//329 304//336
f 297//329 298//330 305//337
f 298//330 67//84 66//82
f 299//331 2//4 1//1
f 300//332 3//6 2//4
f 301//333 4//8 3//6
f 302//335 5//11 4//8
f 302//335 303//334 6//10
f 303//334 304//336 7//12
f 304//336 305//337 8//14
f 305//337 66//82 65//16
f 306//72 307//73 316//338
f 307//73 308//74 317//339
f 308//74 309//75 318//340
f 309//75 310//77 319//341
f 311//76 320//342 319//341
f 312//78 321//343 320//342
f 313//79 322//344 321//343
f 314//80 323//145 322//344
f 315//288 316//338 325//345
f 316//338 317//339 326//346
f 317//339 318//340 327//347
f 318//340 319//341 328//348
f 320//342 329//349 328//348
f 321//343 330//350 329//349
f 322//344 331//351 330//350
f 323//145 332//146 331//351
f 324//287 325//345 334//352
f 325//345 326//346 335//353
f 326//346 327//347 336//354
f 327//347 328//348 337//355
f 329//349 338//356 337//355
f 330//350 339//357 338//356
f 331//351 340//358 339//357
f 332//146 341//147 340//358
f 333//285 334//352 343//359
f 334//352 335//353 344//360
f 335//353 336//354 345//361
f 336//354 337//355 346//362
f 338//356 347//363 346//362
f 339//357 348//364 347//363
f 340//358 349//365 348//364
f 341//147 350//149 349//365
f 343//359 352//366 351//284
f 344//360 353//367 352//366
f 345//361 354//368 353//367
f 346//362 355//370 354//368
f 346//362 347//363 356//369
f 347//363 348//364 357//371
f 348//364 349//365 358//372
f 349//365 350//149 359//148
f 352//366 361//373 360//283
f 353//367 362//374 361//373
f 354//368 363//375 362//374
f 355//370 364//377 363//375
f 355//370 356//369 365//376
f 356//369 357//371 366//378
f 357//371 358//372 367//379
f 358//372 359//148 368//150
f 361//373 370//380 369//282
f 362//374 371//381 370//380
f 363//375 372//382 371//381
f 364//377 373//384 372//382
f 364//377 365//376 374//383
f 365//376 366//378 375//385
f 366//378 367//379 376//386
f 367//379 368//150 377//151
f 370//380 379//223 378//224
f 371//381 380//222 379//223
f 372//382 381//220 380//222
f 373//384 382//221 381//220
f 373//384 374//383 383//219
f 374//383 375//385 384//218
f 375//385 376//386 385//217
f 376//386 377//151 386//152
f 510//40 419//40 404//40
f 528//37 421//37 405//37
f 546//257 422//257 406//257
f 564//254 423//254 407//254
f 438//188 424//188 408//188
f 456//185 425//185 409//185
f 414//387 394//387 555//388
f 474//116 426//116 410//116
f 492//113 420//113 403//113
f 397//188 432//188 446//188
f 387//389 403//389 507//390
f 389//391 404//391 525//392
f 391//393 405//393 543//394
f 393//395 406//395 561//396
f 395//397 407//397 435//398
f 397//399 408//399 453//400
f 399//401 409//401 471//402
f 401//403 410//403 489//404
f 542//405 413//406 392//406
f 393//257 430//257 554//257
f 389//40 428//40 518//40
f 387//113 427//113 500//113
f 399//185 433//185 464//185
f 395//254 431//254 572//254
f 391//37 429//37 536//37
f 401//116 434//116 482//116
f 390//362 419//362 510//362
f 392//362 421//362 528//362
f 394//362 422//362 546//362
f 396//362 423//362 564//362
f 398//362 424//362 438//362
f 400//362 425//362 456//362
f 402//362 426//362 474//362
f 388//362 420//362 492//362
f 411//313 427//313 516//313
f 412//313 428//313 534//313
f 413//313 429//313 552//313
f 414//313 430//313 570//313
f 415//313 431//313 444//313
f 416//313 432//313 462//313
f 417//313 433//313 480//313
f 418//313 434//313 498//313
f 578//407 415//408 396//408
f 416//409 398//409 447//410
f 470//411 417//412 400//412
f 418//413 402//413 483//414
f 506//415 411//416 388//416
f 412//417 390//417 519//418
f 415//408 450//419 449//419
f 450//419 451//420 448//420
f 452//410 447//410 448//420
f 416//313 452//313 446//313
f 452//313 451//313 445//313
f 450//313 444//313 445//313
f 396//362 449//362 440//362
f 449//362 448//362 439//362
f 447//362 438//362 439//362
f 397//399 443//398 437//398
f 443//398 442//398 436//398
f 441//398 435//398 436//398
f 441//188 444//188 431//188
f 442//188 445//188 444//188
f 443//188 446//188 445//188
f 423//188 440//188 435//188
f 440//188 439//188 436//188
f 439//188 438//188 437//188
f 468//421 467//421 398//409
f 469//422 466//422 467//421
f 469//422 470//411 465//411
f 417//313 470//313 464//313
f 470//313 469//313 463//313
f 468//313 462//313 463//313
f 398//362 467//362 458//362
f 467//362 466//362 457//362
f 465//362 456//362 457//362
f 459//185 462//185 432//185
f 460//185 463//185 462//185
f 461//185 464//185 463//185
f 399//401 461//400 455//400
f 461//400 460//400 454//400
f 459//400 453//400 454//400
f 424//185 458//185 453//185
f 458//185 457//185 454//185
f 457//185 456//185 455//185
f 417//412 486//423 485//423
f 486//423 487//424 484//424
f 488//414 483//414 484//424
f 418//313 488//313 482//313
f 488//313 487//313 481//313
f 486//313 480//313 481//313
f 400//362 485//362 476//362
f 485//362 484//362 475//362
f 483//362 474//362 475//362
f 477//116 480//116 433//116
f 478//116 481//116 480//116
f 479//116 482//116 481//116
f 401//403 479//402 473//402
f 479//402 478//402 472//402
f 477//402 471//402 472//402
f 425//116 476//116 471//116
f 476//116 475//116 472//116
f 475//116 474//116 473//116
f 504//425 503//425 402//413
f 505//426 502//426 503//425
f 505//426 506//415 501//415
f 411//313 506//313 500//313
f 506//313 505//313 499//313
f 504//313 498//313 499//313
f 402//362 503//362 494//362
f 503//362 502//362 493//362
f 501//362 492//362 493//362
f 495//113 498//113 434//113
f 496//113 499//113 498//113
f 497//113 500//113 499//113
f 387//389 497//404 491//404
f 497//404 496//404 490//404
f 495//404 489//404 490//404
f 426//113 494//113 489//113
f 494//113 493//113 490//113
f 493//113 492//113 491//113
f 411//416 522//427 521//427
f 522//427 523//428 520//428
f 524//418 519//418 520//428
f 412//313 524//313 518//313
f 524//313 523//313 517//313
f 522//313 516//313 517//313
f 388//362 521//362 512//362
f 521//362 520//362 511//362
f 519//362 510//362 511//362
f 513//40 516//40 427//40
f 514//40 517//40 516//40
f 515//40 518//40 517//40
f 389//391 515//390 509//390
f 515//390 514//390 508//390
f 513//390 507//390 508//390
f 420//40 512//40 507//40
f 512//40 511//40 508//40
f 511//40 510//40 509//40
f 413//313 542//313 536//313
f 542//313 541//313 535//313
f 540//313 534//313 535//313
f 390//362 539//362 530//362
f 539//362 538//362 529//362
f 537//362 528//362 529//362
f 531//37 534//37 428//37
f 532//37 535//37 534//37
f 533//37 536//37 535//37
f 540//429 539//429 390//417
f 541//430 538//430 539//429
f 541//430 542//405 537//405
f 391//393 533//392 527//392
f 533//392 532//392 526//392
f 531//392 525//392 526//392
f 419//37 530//37 525//37
f 530//37 529//37 526//37
f 529//37 528//37 527//37
f 414//313 560//313 554//313
f 560//313 559//313 553//313
f 558//313 552//313 553//313
f 392//362 557//362 548//362
f 557//362 556//362 547//362
f 555//362 546//362 547//362
f 549//257 552//257 429//257
f 550//257 553//257 552//257
f 551//257 554//257 553//257
f 393//395 551//394 545//394
f 551//394 550//394 544//394
f 549//394 543//394 544//394
f 413//406 558//431 557//431
f 558//431 559//432 556//432
f 560//388 555//388 556//432
f 421//257 548//257 543//257
f 548//257 547//257 544//257
f 547//257 546//257 545//257
f 576//433 575//433 394//387
f 577//434 574//434 575//433
f 577//434 578//407 573//407
f 415//313 578//313 572//313
f 578//313 577//313 571//313
f 576//313 570//313 571//313
f 394//362 575//362 566//362
f 575//362 574//362 565//362
f 573//362 564//362 565//362
f 567//254 570//254 430//254
f 568//254 571//254 570//254
f 569//254 572//254 571//254
f 395//397 569//396 563//396
f 569//396 568//396 562//396
f 567//396 561//396 562//396
f 422//254 566//254 561//254
f 566//254 565//254 562//254
f 565//254 564//254 563//254
f 580//40 582//435 612//435
f 582//435 584//37 613//37
f 584//37 586//436 614//436
f 586//436 588//257 615//257
f 588//257 590//437 616//437
f 590//437 592//254 617//254
f 592//254 594//438 618//438
f 594//438 596//188 619//188
f 596//188 598//439 620//439
f 598//439 600//185 621//185
f 600//185 602//440 622//440
f 602//440 604//116 623//116
f 604//116 606//441 624//441
f 582//362 580//362 739//362
f 606//441 608//113 625//113
f 608//113 610//442 626//442
f 641//443 626//443 611//444
f 625//445 626//443 641//443
f 639//446 624//446 625//445
f 623//447 624//446 639//446
f 637//448 622//448 623//447
f 621//449 622//448 637//448
f 635//450 620//450 621//449
f 619//451 620//450 635//450
f 633//452 618//452 619//451
f 617//453 618//452 633//452
f 631//454 616//454 617//453
f 615//455 616//454 631//454
f 629//456 614//456 615//455
f 613//457 614//456 629//456
f 627//458 612//458 613//457
f 611//444 612//458 627//458
f 675//459 642//459 627//460
f 676//461 627//460 628//462
f 628//462 629//464 678//463
f 629//464 630//465 679//465
f 679//465 630//465 631//466
f 680//467 631//466 632//468
f 632//468 633//470 682//469
f 633//470 634//471 683//471
f 683//471 634//471 635//472
f 684//473 635//472 636//474
f 636//474 637//476 686//475
f 637//476 638//477 687//477
f 687//477 638//477 639//478
f 688//479 639//478 640//480
f 640//480 641//482 690//481
f 641//482 642//459 675//459
f 734//483 736//502 579//40
f 731//484 734//483 609//442
f 728//485 731//484 607//113
f 725//486 728//485 605//441
f 722//487 725//486 603//116
f 719//488 722//487 601//440
f 716//489 719//488 599//185
f 713//490 716//489 597//439
f 710//491 713//490 595//188
f 707//492 710//491 593//438
f 704//493 707//492 591//254
f 701//494 704//493 589//437
f 698//495 701//494 587//257
f 737//496 658//2554 643//497
f 695//499 698//495 585//436
f 691//498 643//497 644//500
f 736//502 692//580 581//435
f 644//500 645//504 697//503
f 645//504 646//2555 700//505
f 700//505 646//2555 647//506
f 703//507 647//506 648//508
f 648//508 649//511 709//510
f 649//511 650//2556 712//512
f 712//512 650//2556 651//513
f 715//514 651//513 652//515
f 652//515 653//518 721//517
f 653//518 654//2557 724//519
f 724//519 654//2557 655//520
f 727//521 655//520 656//522
f 656//522 657//525 733//524
f 657//525 658//2554 737//496
f 657//526 674//530 659//527
f 656//529 673//2558 674//530
f 672//531 673//2558 656//529
f 671//533 672//531 655//532
f 653//535 670//537 671//533
f 652//536 669//2559 670//537
f 668//538 669//2559 652//536
f 667//540 668//538 651//539
f 649//542 666//544 667//540
f 648//543 665//2560 666//544
f 664//545 665//2560 648//543
f 663//547 664//545 647//546
f 645//549 662//551 663//547
f 644//550 661//2561 662//551
f 660//552 661//2561 644//550
f 659//527 660//552 643//553
f 674//554 690//557 675//555
f 673//556 689//556 690//557
f 688//558 689//556 673//556
f 687//560 688//558 672//559
f 670//561 686//563 687//560
f 669//562 685//562 686//563
f 684//564 685//562 669//562
f 683//566 684//564 668//565
f 666//567 682//569 683//566
f 665//568 681//568 682//569
f 680//570 681//568 665//568
f 679//572 680//570 664//571
f 662//573 678//575 679//572
f 661//574 677//574 678//575
f 676//576 677//574 661//574
f 675//555 676//576 660//577
f 737//496 691//498 693//578
f 738//579 693//578 692//580
f 691//498 694//501 696//581
f 693//578 696//581 695//499
f 697//503 699//582 696//581
f 699//582 698//495 695//499
f 700//505 702//583 699//582
f 702//583 701//494 698//495
f 700//505 703//507 705//584
f 702//583 705//584 704//493
f 703//507 706//509 708//585
f 705//584 708//585 707//492
f 709//510 711//586 708//585
f 711//586 710//491 707//492
f 712//512 714//587 711//586
f 714//587 713//490 710//491
f 712//512 715//514 717//588
f 714//587 717//588 716//489
f 715//514 718//516 720//589
f 717//588 720//589 719//488
f 721//517 723//590 720//589
f 723//590 722//487 719//488
f 724//519 726//591 723//590
f 726//591 725//486 722//487
f 724//519 727//521 729//592
f 726//591 729//592 728//485
f 727//521 730//523 732//593
f 729//592 732//593 731//484
f 733//524 735//594 732//593
f 735//594 734//483 731//484
f 737//496 738//579 735//594
f 738//579 736//502 734//483
f 692//580 695//499 583//37
f 610//442 580//40 611//40
f 610//362 608//362 739//362
f 606//362 604//362 739//362
f 602//362 600//362 739//362
f 598//362 596//362 739//362
f 594//362 592//362 739//362
f 590//362 588//362 739//362
f 586//362 584//362 739//362
f 773//40 772//435 742//435
f 772//435 774//37 744//37
f 774//37 775//436 746//436
f 775//436 776//257 748//257
f 776//257 777//437 750//437
f 777//437 778//254 752//254
f 778//254 779//438 754//438
f 779//438 780//188 756//188
f 780//188 781//439 758//439
f 781//439 782//185 760//185
f 782//185 783//440 762//440
f 783//440 784//116 764//116
f 784//116 785//441 766//441
f 785//441 786//113 768//113
f 786//113 787//442 770//442
f 787//442 773//40 740//40
f 789//595 788//596 772//596
f 790//597 774//597 772//596
f 791//598 775//598 774//597
f 791//598 792//599 776//599
f 793//600 777//600 776//599
f 793//600 794//601 778//601
f 794//601 795//602 779//602
f 796//603 780//603 779//602
f 797//604 781//604 780//603
f 798//605 782//605 781//604
f 798//605 799//606 783//606
f 799//606 800//607 784//607
f 801//608 785//608 784//607
f 802//609 786//609 785//608
f 802//609 803//610 787//610
f 803//610 789//595 773//595
f 797//439 813//439 814//185
f 749//116 824//116 823//440
f 796//188 812//188 813//439
f 747//440 823//440 822//185
f 795//438 811//438 812//188
f 741//188 821//188 835//438
f 745//185 822//185 820//439
f 794//254 810//254 811//438
f 771//438 835//438 834//254
f 743//439 820//439 821//188
f 793//437 809//437 810//254
f 769//254 834//254 833//437
f 792//257 808//257 809//437
f 767//437 833//437 832//257
f 791//436 807//436 808//257
f 765//257 832//257 831//436
f 820//362 804//362 805//362
f 820//362 822//362 806//362
f 822//362 823//362 807//362
f 824//362 808//362 807//362
f 824//362 825//362 809//362
f 826//362 810//362 809//362
f 827//362 811//362 810//362
f 827//362 828//362 812//362
f 828//362 829//362 813//362
f 829//362 830//362 814//362
f 831//362 815//362 814//362
f 832//362 816//362 815//362
f 832//362 833//362 817//362
f 833//362 834//362 818//362
f 835//362 819//362 818//362
f 821//362 805//362 819//362
f 751//441 825//441 824//116
f 798//185 814//185 815//440
f 753//113 826//113 825//441
f 799//440 815//440 816//116
f 755//442 827//442 826//113
f 800//116 816//116 817//441
f 757//40 828//40 827//442
f 801//441 817//441 818//113
f 759//435 829//435 828//40
f 789//40 805//40 804//435
f 802//113 818//113 819//442
f 761//37 830//37 829//435
f 788//435 804//435 806//37
f 803//442 819//442 805//40
f 763//436 831//436 830//37
f 790//37 806//37 807//436
f 771//362 769//362 836//362
f 767//362 765//362 836//362
f 763//362 761//362 836//362
f 759//362 757//362 836//362
f 755//362 753//362 836//362
f 751//362 749//362 836//362
f 747//362 745//362 836//362
f 742//313 744//313 837//313
f 746//313 748//313 837//313
f 750//313 752//313 837//313
f 754//313 756//313 837//313
f 758//313 760//313 837//313
f 762//313 764//313 837//313
f 766//313 768//313 837//313
f 770//313 740//313 837//313
f 743//362 741//362 836//362
f 859//313 902//313 858//313
f 880//362 838//362 921//362
f 842//362 843//362 838//362
f 879//37 845//37 842//37
f 840//313 841//313 839//313
f 851//611 848//611 846//612
f 849//613 850//621 847//614
f 840//313 856//313 857//313
f 845//616 846//616 843//616
f 852//313 844//313 847//313
f 848//185 856//185 840//185
f 857//617 853//37 854//617
f 855//619 848//611 851//611
f 849//613 855//619 854//620
f 846//185 840//185 858//185
f 850//37 854//617 853//37
f 855//185 852//185 856//185
f 852//313 853//313 857//313
f 849//185 844//185 852//185
f 843//185 846//185 898//185
f 839//37 841//37 845//37
f 841//37 857//617 851//618
f 862//362 863//362 880//362
f 876//254 865//254 862//254
f 860//313 861//313 859//313
f 871//623 868//623 866//624
f 864//625 869//626 870//626
f 860//313 877//313 878//313
f 862//627 865//627 866//627
f 872//313 864//313 867//313
f 868//113 877//113 860//113
f 878//628 873//632 874//254
f 875//629 868//623 871//623
f 870//626 869//626 875//629
f 866//113 860//113 839//113
f 870//631 874//254 873//632
f 875//113 872//113 877//113
f 872//313 873//313 878//313
f 869//113 864//113 872//113
f 863//113 866//113 879//113
f 859//254 861//254 865//254
f 861//254 878//628 871//254
f 884//362 885//362 921//362
f 898//113 887//113 884//113
f 882//313 883//313 858//313
f 893//634 890//634 888//635
f 891//636 892//644 889//637
f 899//313 900//313 883//313
f 884//639 887//639 888//639
f 894//313 886//313 889//313
f 890//254 899//254 882//254
f 900//640 895//645 896//640
f 897//642 890//634 893//634
f 891//636 897//642 896//643
f 888//254 882//254 902//254
f 892//113 896//640 895//645
f 897//254 894//254 899//254
f 894//313 895//313 900//313
f 891//254 886//254 894//254
f 885//254 888//254 901//254
f 858//113 883//641 887//113
f 883//641 900//640 893//641
f 905//362 906//362 881//362
f 901//185 908//185 905//185
f 903//313 904//313 902//313
f 914//647 911//647 909//648
f 912//649 913//657 910//650
f 903//313 919//313 920//313
f 908//652 909//652 906//652
f 915//313 907//313 910//313
f 911//37 919//37 903//37
f 920//653 916//185 917//653
f 918//655 911//647 914//647
f 912//649 918//655 917//656
f 909//37 903//37 859//37
f 913//185 917//653 916//185
f 918//37 915//37 919//37
f 915//313 916//313 920//313
f 912//37 907//37 915//37
f 906//37 909//37 876//37
f 902//185 904//185 908//185
f 904//185 920//653 914//654
f 987//40 986//659 924//659
f 986//659 988//435 926//435
f 988//435 989//660 928//660
f 989//660 990//37 930//37
f 990//37 991//661 932//661
f 991//661 992//436 934//436
f 992//436 993//662 936//662
f 993//662 994//257 938//257
f 994//257 995//663 940//663
f 995//663 996//437 942//437
f 996//437 997//664 944//664
f 997//664 998//254 946//254
f 998//254 999//665 948//665
f 999//665 1000//438 950//438
f 1000//438 1001//666 952//666
f 1001//666 1002//188 954//188
f 1002//188 1003//667 956//667
f 1003//667 1004//439 958//439
f 1004//439 1005//668 960//668
f 1005//668 1006//185 962//185
f 1006//185 1007//669 964//669
f 1007//669 1008//440 966//440
f 1008//440 1009//670 968//670
f 1009//670 1010//116 970//116
f 1010//116 1011//671 972//671
f 1011//671 1012//441 974//441
f 1012//441 1013//672 976//672
f 1013//672 1014//113 978//113
f 1014//113 1015//673 980//673
f 1015//673 1016//442 982//442
f 928//313 930//313 1243//313
f 1016//442 1017//674 984//674
f 1017//674 987//40 922//40
f 925//362 923//362 1242//362
f 1019//362 1018//362 986//362
f 1020//362 988//362 986//362
f 1021//362 989//362 988//362
f 1021//362 1022//362 990//362
f 1023//362 991//362 990//362
f 1023//362 1024//362 992//362
f 1024//362 1025//362 993//362
f 1026//362 994//362 993//362
f 1026//362 1027//362 995//362
f 1028//362 996//362 995//362
f 1029//362 997//362 996//362
f 1029//362 1030//362 998//362
f 1031//362 999//362 998//362
f 1031//362 1032//362 1000//362
f 1032//362 1033//362 1001//362
f 1034//362 1002//362 1001//362
f 1034//362 1035//362 1003//362
f 1036//362 1004//362 1003//362
f 1037//362 1005//362 1004//362
f 1037//362 1038//362 1006//362
f 1039//362 1007//362 1006//362
f 1039//362 1040//362 1008//362
f 1040//362 1041//362 1009//362
f 1042//362 1010//362 1009//362
f 1042//362 1043//362 1011//362
f 1044//362 1012//362 1011//362
f 1045//362 1013//362 1012//362
f 1045//362 1046//362 1014//362
f 1047//362 1015//362 1014//362
f 1047//362 1048//362 1016//362
f 1048//362 1049//362 1017//362
f 1019//362 987//362 1017//362
f 1051//675 1050//676 1018//676
f 1050//676 1052//677 1020//677
f 1052//677 1053//678 1021//678
f 1054//679 1022//679 1021//678
f 1054//679 1055//680 1023//680
f 1056//681 1024//681 1023//680
f 1057//682 1025//682 1024//681
f 1058//683 1026//683 1025//682
f 1058//683 1059//684 1027//684
f 1059//684 1060//685 1028//685
f 1060//685 1061//686 1029//686
f 1062//687 1030//687 1029//686
f 1062//687 1063//688 1031//688
f 1064//689 1032//689 1031//688
f 1065//690 1033//690 1032//689
f 1066//691 1034//691 1033//690
f 1066//691 1067//692 1035//692
f 1067//692 1068//693 1036//693
f 1068//693 1069//694 1037//694
f 1070//695 1038//695 1037//694
f 1070//695 1071//696 1039//696
f 1072//697 1040//697 1039//696
f 1073//698 1041//698 1040//697
f 1074//699 1042//699 1041//698
f 1074//699 1075//700 1043//700
f 1075//700 1076//701 1044//701
f 1076//701 1077//702 1045//702
f 1078//703 1046//703 1045//702
f 1078//703 1079//704 1047//704
f 1080//705 1048//705 1047//704
f 1081//706 1049//706 1048//705
f 1051//675 1019//675 1049//706
f 1082//362 1050//362 1051//362
f 1082//362 1084//362 1052//362
f 1084//362 1085//362 1053//362
f 1085//362 1086//362 1054//362
f 1087//362 1055//362 1054//362
f 1088//362 1056//362 1055//362
f 1089//362 1057//362 1056//362
f 1089//362 1090//362 1058//362
f 1091//362 1059//362 1058//362
f 1091//362 1092//362 1060//362
f 1092//362 1093//362 1061//362
f 1093//362 1094//362 1062//362
f 1095//362 1063//362 1062//362
f 1096//362 1064//362 1063//362
f 1097//362 1065//362 1064//362
f 1097//362 1098//362 1066//362
f 1099//362 1067//362 1066//362
f 1099//362 1100//362 1068//362
f 1100//362 1101//362 1069//362
f 1101//362 1102//362 1070//362
f 1103//362 1071//362 1070//362
f 1104//362 1072//362 1071//362
f 1105//362 1073//362 1072//362
f 1105//362 1106//362 1074//362
f 1107//362 1075//362 1074//362
f 1107//362 1108//362 1076//362
f 1108//362 1109//362 1077//362
f 1109//362 1110//362 1078//362
f 1111//362 1079//362 1078//362
f 1112//362 1080//362 1079//362
f 1113//362 1081//362 1080//362
f 1113//362 1083//362 1051//362
f 1115//707 1114//708 1082//708
f 1114//708 1116//709 1084//709
f 1117//710 1085//710 1084//709
f 1118//711 1086//711 1085//710
f 1118//711 1119//712 1087//712
f 1119//712 1120//713 1088//713
f 1121//714 1089//714 1088//713
f 1122//715 1090//715 1089//714
f 1122//715 1123//716 1091//716
f 1123//716 1124//717 1092//717
f 1125//718 1093//718 1092//717
f 1126//719 1094//719 1093//718
f 1126//719 1127//720 1095//720
f 1127//720 1128//721 1096//721
f 1129//722 1097//722 1096//721
f 1130//723 1098//723 1097//722
f 1130//723 1131//724 1099//724
f 1131//724 1132//725 1100//725
f 1133//726 1101//726 1100//725
f 1134//727 1102//727 1101//726
f 1134//727 1135//728 1103//728
f 1135//728 1136//729 1104//729
f 1137//730 1105//730 1104//729
f 1138//731 1106//731 1105//730
f 1138//731 1139//732 1107//732
f 1139//732 1140//733 1108//733
f 1141//734 1109//734 1108//733
f 1142//735 1110//735 1109//734
f 1142//735 1143//736 1111//736
f 1143//736 1144//737 1112//737
f 1145//738 1113//738 1112//737
f 1115//707 1083//707 1113//738
f 1146//362 1114//362 1115//362
f 1146//362 1148//362 1116//362
f 1149//362 1117//362 1116//362
f 1149//362 1150//362 1118//362
f 1151//362 1119//362 1118//362
f 1151//362 1152//362 1120//362
f 1153//362 1121//362 1120//362
f 1153//362 1154//362 1122//362
f 1155//362 1123//362 1122//362
f 1155//362 1156//362 1124//362
f 1157//362 1125//362 1124//362
f 1157//362 1158//362 1126//362
f 1159//362 1127//362 1126//362
f 1159//362 1160//362 1128//362
f 1161//362 1129//362 1128//362
f 1161//362 1162//362 1130//362
f 1163//362 1131//362 1130//362
f 1163//362 1164//362 1132//362
f 1165//362 1133//362 1132//362
f 1165//362 1166//362 1134//362
f 1167//362 1135//362 1134//362
f 1167//362 1168//362 1136//362
f 1169//362 1137//362 1136//362
f 1169//362 1170//362 1138//362
f 1171//362 1139//362 1138//362
f 1171//362 1172//362 1140//362
f 1173//362 1141//362 1140//362
f 1173//362 1174//362 1142//362
f 1175//362 1143//362 1142//362
f 1175//362 1176//362 1144//362
f 1177//362 1145//362 1144//362
f 1177//362 1147//362 1115//362
f 1146//739 1178//739 1180//740
f 1173//741 1205//749 1206//742
f 955//744 1226//744 1225//745
f 1147//747 1179//747 1178//739
f 1172//748 1204//748 1205//749
f 951//750 953//746 1225//745
f 1171//751 1203//751 1204//748
f 951//750 1224//750 1223//752
f 1170//753 1202//753 1203//751
f 949//752 1223//752 1222//754
f 1170//753 1169//755 1201//755
f 945//756 947//754 1222//754
f 1169//755 1168//757 1200//757
f 943//758 945//756 1221//756
f 1168//757 1167//762 1199//759
f 943//758 1220//758 1219//760
f 1167//762 1166//766 1198//763
f 939//764 941//761 1219//760
f 1165//765 1197//770 1198//763
f 939//764 1218//764 1217//767
f 1164//769 1196//769 1197//770
f 935//771 937//768 1217//767
f 1163//772 1195//772 1196//769
f 935//771 1216//771 1215//773
f 923//774 1211//774 1241//775
f 1162//777 1194//777 1195//772
f 933//773 1215//773 1214//778
f 983//779 985//776 1241//775
f 1162//777 1161//780 1193//780
f 929//781 931//778 1214//778
f 983//779 1240//779 1239//782
f 1161//780 1160//783 1192//783
f 1211//362 1210//362 1178//362
f 1212//362 1180//362 1178//362
f 1212//362 1213//362 1181//362
f 1214//362 1182//362 1181//362
f 1214//362 1215//362 1183//362
f 1216//362 1184//362 1183//362
f 1216//362 1217//362 1185//362
f 1218//362 1186//362 1185//362
f 1218//362 1219//362 1187//362
f 1220//362 1188//362 1187//362
f 1220//362 1221//362 1189//362
f 1222//362 1190//362 1189//362
f 1222//362 1223//362 1191//362
f 1224//362 1192//362 1191//362
f 1224//362 1225//362 1193//362
f 1226//362 1194//362 1193//362
f 1226//362 1227//362 1195//362
f 1228//362 1196//362 1195//362
f 1228//362 1229//362 1197//362
f 1230//362 1198//362 1197//362
f 1230//362 1231//362 1199//362
f 1232//362 1200//362 1199//362
f 1232//362 1233//362 1201//362
f 1234//362 1202//362 1201//362
f 1234//362 1235//362 1203//362
f 1236//362 1204//362 1203//362
f 1236//362 1237//362 1205//362
f 1238//362 1206//362 1205//362
f 1238//362 1239//362 1207//362
f 1240//362 1208//362 1207//362
f 1240//362 1241//362 1209//362
f 1211//362 1179//362 1209//362
f 955//744 957//790 1227//784
f 1175//785 1174//743 1206//742
f 1148//740 1180//740 1181//787
f 959//789 1228//789 1227//784
f 1176//791 1175//785 1207//786
f 1149//788 1181//787 1182//792
f 959//789 961//794 1229//794
f 1177//795 1176//791 1208//791
f 1151//796 1150//793 1182//792
f 961//794 963//798 1230//798
f 1147//747 1177//795 1209//795
f 1152//799 1151//796 1183//797
f 965//800 1231//800 1230//798
f 1153//801 1152//799 1184//799
f 967//802 1232//802 1231//800
f 1154//803 1153//801 1185//801
f 967//802 969//807 1233//804
f 1154//803 1186//803 1187//805
f 971//806 1234//806 1233//804
f 1155//805 1187//805 1188//808
f 971//806 973//813 1235//809
f 1156//808 1188//808 1189//810
f 975//812 1236//812 1235//809
f 1157//811 1189//810 1190//814
f 975//812 977//816 1237//816
f 923//774 925//822 1210//817
f 1159//818 1158//815 1190//814
f 977//816 979//820 1238//820
f 927//821 1212//821 1210//817
f 1160//783 1159//818 1191//819
f 981//782 1239//782 1238//820
f 927//821 929//781 1213//781
f 985//362 983//362 1242//362
f 981//362 979//362 1242//362
f 977//362 975//362 1242//362
f 973//362 971//362 1242//362
f 969//362 967//362 1242//362
f 965//362 963//362 1242//362
f 961//362 959//362 1242//362
f 957//362 955//362 1242//362
f 953//362 951//362 1242//362
f 949//362 947//362 1242//362
f 945//362 943//362 1242//362
f 941//362 939//362 1242//362
f 937//362 935//362 1242//362
f 933//362 931//362 1242//362
f 929//362 927//362 1242//362
f 924//313 926//313 1243//313
f 932//313 934//313 1243//313
f 936//313 938//313 1243//313
f 940//313 942//313 1243//313
f 944//313 946//313 1243//313
f 948//313 950//313 1243//313
f 952//313 954//313 1243//313
f 956//313 958//313 1243//313
f 960//313 962//313 1243//313
f 964//313 966//313 1243//313
f 968//313 970//313 1243//313
f 972//313 974//313 1243//313
f 976//313 978//313 1243//313
f 980//313 982//313 1243//313
f 984//313 922//313 1243//313
f 1301//188 1269//188 1268//188
f 1300//188 1268//188 1267//188
f 1291//188 1299//188 1267//188
f 1290//188 1291//188 1259//188
f 1289//188 1290//188 1258//188
f 1289//188 1257//188 1256//188
f 1287//188 1288//188 1256//188
f 1287//188 1255//188 1254//188
f 1286//188 1254//188 1253//188
f 1285//188 1253//188 1252//188
f 1292//188 1284//188 1252//188
f 1293//188 1292//188 1260//188
f 1294//188 1293//188 1261//188
f 1294//188 1262//188 1263//188
f 1296//188 1295//188 1263//188
f 1296//188 1264//188 1265//188
f 1297//188 1265//188 1266//188
f 1298//188 1266//188 1244//188
f 1277//188 1276//188 1244//188
f 1278//188 1277//188 1245//188
f 1279//188 1278//188 1246//188
f 1279//188 1247//188 1248//188
f 1281//188 1280//188 1248//188
f 1281//188 1249//188 1250//188
f 1282//188 1250//188 1251//188
f 1283//188 1251//188 1275//188
f 1306//188 1307//188 1275//188
f 1305//188 1306//188 1274//188
f 1304//188 1305//188 1273//188
f 1304//188 1272//188 1271//188
f 1302//188 1303//188 1271//188
f 1302//188 1270//188 1269//188
f 1369//40 1371//40 1370//40
f 1366//40 1370//40 1371//40
f 1365//40 1364//40 1366//40
f 1363//40 1362//40 1364//40
f 1361//40 1360//40 1362//40
f 1358//40 1360//40 1361//40
f 1357//40 1356//40 1358//40
f 1354//40 1356//40 1357//40
f 1352//40 1354//40 1355//40
f 1350//40 1352//40 1353//40
f 1349//40 1348//40 1350//40
f 1347//40 1346//40 1348//40
f 1345//40 1344//40 1346//40
f 1342//40 1344//40 1345//40
f 1341//40 1340//40 1342//40
f 1338//40 1340//40 1341//40
f 1336//40 1338//40 1339//40
f 1334//40 1336//40 1337//40
f 1333//40 1332//40 1334//40
f 1331//40 1330//40 1332//40
f 1329//40 1328//40 1330//40
f 1326//40 1328//40 1329//40
f 1325//40 1324//40 1326//40
f 1322//40 1324//40 1325//40
f 1320//40 1322//40 1323//40
f 1318//40 1320//40 1321//40
f 1317//40 1316//40 1318//40
f 1315//40 1314//40 1316//40
f 1313//40 1312//40 1314//40
f 1310//40 1312//40 1313//40
f 1309//40 1308//40 1310//40
f 1309//40 1369//40 1368//40
f 1249//823 1324//823 1322//824
f 1277//825 1333//825 1335//89
f 1250//824 1322//824 1320//826
f 1278//827 1331//827 1333//825
f 1253//828 1352//828 1350//149
f 1279//829 1329//829 1331//827
f 1254//830 1354//830 1352//828
f 1280//116 1327//116 1329//829
f 1255//831 1356//831 1354//830
f 1281//831 1325//831 1327//116
f 1256//116 1358//116 1356//831
f 1282//830 1323//830 1325//831
f 1257//829 1360//829 1358//116
f 1283//828 1321//828 1323//830
f 1258//827 1362//827 1360//829
f 1284//233 1351//233 1353//826
f 1259//825 1364//825 1362//827
f 1285//826 1353//826 1355//824
f 1261//832 1346//832 1344//833
f 1286//824 1355//824 1357//823
f 1275//233 1318//233 1316//834
f 1287//823 1357//823 1359//257
f 1262//833 1344//833 1342//362
f 1288//257 1359//257 1361//835
f 1270//836 1308//836 1368//837
f 1263//362 1342//362 1340//838
f 1289//835 1361//835 1363//839
f 1264//838 1340//838 1338//840
f 1251//826 1320//826 1318//233
f 1290//839 1363//839 1365//841
f 1271//313 1310//313 1308//836
f 1272//842 1312//842 1310//313
f 1294//842 1345//842 1347//843
f 1268//844 1370//844 1366//89
f 1274//834 1316//834 1314//843
f 1306//845 1317//845 1319//149
f 1265//840 1338//840 1336//846
f 1269//837 1368//837 1370//844
f 1295//313 1343//313 1345//842
f 1267//89 1366//89 1364//825
f 1252//149 1350//149 1348//845
f 1301//840 1369//840 1309//838
f 1296//836 1341//836 1343//313
f 1273//843 1314//843 1312//842
f 1297//837 1339//837 1341//836
f 1307//149 1319//149 1321//828
f 1266//846 1336//846 1334//286
f 1302//838 1309//838 1311//362
f 1303//362 1311//362 1313//833
f 1260//845 1348//845 1346//832
f 1299//286 1367//286 1371//846
f 1305//832 1315//832 1317//845
f 1244//286 1334//286 1332//841
f 1298//844 1337//844 1339//837
f 1300//846 1371//846 1369//840
f 1245//841 1332//841 1330//839
f 1291//841 1365//841 1367//286
f 1292//834 1349//834 1351//233
f 1246//839 1330//839 1328//835
f 1304//833 1313//833 1315//832
f 1247//835 1328//835 1326//257
f 1276//89 1335//89 1337//844
f 1248//257 1326//257 1324//823
f 1293//843 1347//843 1349//834
f 1373//40 1375//435 1725//435
f 1375//435 1377//37 1726//37
f 1377//37 1379//436 1727//436
f 1379//436 1381//257 1728//257
f 1381//257 1383//437 1729//437
f 1383//437 1385//254 1730//254
f 1385//254 1387//438 1731//438
f 1387//438 1389//188 1732//188
f 1389//188 1391//439 1733//439
f 1391//439 1393//185 1734//185
f 1393//185 1395//440 1735//440
f 1395//440 1397//116 1736//116
f 1397//116 1399//441 1737//441
f 1399//441 1401//113 1738//113
f 1381//847 1379//872 1407//848
f 1401//113 1403//442 1739//442
f 1403//442 1373//40 1724//40
f 1400//641 1754//113 1753//441
f 1551//850 1548//900 1427//851
f 1389//853 1412//873 1413//854
f 1399//856 1417//856 1418//857
f 1377//858 1375//859 1404//859
f 1387//861 1385//862 1410//862
f 1395//864 1415//875 1416//865
f 1381//847 1408//849 1409//867
f 1391//855 1413//854 1414//869
f 1403//871 1401//857 1418//857
f 1379//872 1377//858 1406//860
f 1389//853 1387//861 1411//863
f 1399//856 1397//866 1416//865
f 1373//874 1405//874 1404//859
f 1383//868 1409//867 1410//862
f 1393//870 1414//869 1415//875
f 1373//874 1403//871 1419//871
f 1516//876 1445//929 1446//877
f 1549//879 1421//882 1420//880
f 1550//881 1435//901 1421//882
f 1553//883 1551//850 1428//852
f 1552//880 1420//880 1422//885
f 1555//886 1553//883 1429//884
f 1554//885 1422//885 1423//887
f 1555//886 1430//886 1431//889
f 1556//888 1423//887 1424//891
f 1557//890 1431//889 1432//893
f 1560//894 1558//892 1424//891
f 1561//896 1559//893 1432//893
f 1562//898 1560//894 1425//895
f 1563//899 1561//896 1433//897
f 1548//900 1562//898 1426//898
f 1563//899 1434//899 1435//901
f 1469//902 1466//957 1467//903
f 1520//905 1517//906 1438//906
f 1519//878 1446//877 1447//908
f 1522//910 1520//905 1439//907
f 1523//912 1521//909 1447//908
f 1522//910 1440//911 1441//914
f 1523//912 1448//913 1449//916
f 1524//915 1441//914 1442//918
f 1527//919 1525//917 1449//916
f 1528//920 1526//918 1442//918
f 1527//919 1450//919 1451//922
f 1530//924 1528//920 1443//921
f 1518//926 1437//928 1436//927
f 1518//926 1529//923 1451//922
f 1530//924 1444//925 1445//929
f 1517//906 1531//927 1436//927
f 1465//313 1464//313 1960//313
f 1474//930 1473//958 1459//931
f 1477//933 1453//936 1452//934
f 1470//904 1467//903 1453//936
f 1480//937 1474//930 1460//932
f 1478//935 1452//934 1454//939
f 1484//941 1480//937 1461//938
f 1482//940 1454//939 1455//943
f 1488//945 1484//941 1462//942
f 1486//944 1455//943 1456//947
f 1492//949 1488//945 1463//946
f 1490//948 1456//947 1457//951
f 1496//953 1492//949 1464//950
f 1498//955 1494//952 1457//951
f 1469//902 1496//953 1465//954
f 1473//958 1498//955 1458//956
f 1442//959 1499//962 1472//960
f 1499//962 1498//955 1473//958
f 1450//963 1449//967 1497//964
f 1497//964 1496//953 1469//902
f 1442//959 1441//969 1495//966
f 1499//962 1495//966 1494//952
f 1449//967 1448//971 1493//968
f 1493//968 1492//949 1496//953
f 1441//969 1440//974 1491//970
f 1491//970 1490//948 1494//952
f 1448//971 1447//975 1489//972
f 1489//972 1488//945 1492//949
f 1439//973 1487//978 1491//970
f 1491//970 1487//978 1486//944
f 1447//975 1446//979 1485//976
f 1485//976 1484//941 1488//945
f 1438//977 1483//982 1487//978
f 1487//978 1483//982 1482//940
f 1446//979 1445//983 1481//980
f 1481//980 1480//937 1484//941
f 1436//981 1479//988 1483//982
f 1483//982 1479//988 1478//935
f 1445//983 1444//989 1475//984
f 1475//984 1474//930 1480//937
f 1451//985 1471//990 1476//986
f 1476//986 1471//990 1470//904
f 1437//987 1476//986 1479//988
f 1479//988 1476//986 1477//933
f 1443//961 1472//960 1475//984
f 1472//960 1473//958 1474//930
f 1450//963 1468//965 1471//990
f 1471//990 1468//965 1469//902
f 1546//991 1544//1000 1515//992
f 1545//994 1543//1002 1513//995
f 1542//997 1512//1004 1514//998
f 1544//1000 1547//999 1514//998
f 1541//1001 1511//1006 1513//995
f 1542//997 1540//1007 1510//1003
f 1539//1005 1509//1010 1511//1006
f 1540//1007 1538//1011 1508//1008
f 1539//1005 1537//1014 1507//1009
f 1538//1011 1536//1016 1506//1012
f 1535//1013 1505//1018 1507//1009
f 1534//1015 1504//1020 1506//1012
f 1535//1013 1533//1021 1503//1017
f 1532//1019 1501//1022 1504//1020
f 1546//991 1502//993 1503//1017
f 1532//1019 1545//994 1500//996
f 1515//1023 1531//1023 1517//1024
f 1513//1025 1530//1025 1516//1026
f 1514//1028 1512//1031 1529//1029
f 1515//1023 1514//1028 1518//1028
f 1513//1025 1511//1030 1528//1030
f 1512//1031 1510//1035 1527//1032
f 1509//1033 1526//1037 1528//1030
f 1508//1034 1525//1039 1527//1032
f 1509//1033 1507//1036 1524//1036
f 1506//1038 1523//1038 1525//1039
f 1505//1040 1522//1040 1524//1036
f 1504//1041 1521//1041 1523//1038
f 1505//1040 1503//1044 1520//1042
f 1504//1041 1501//1043 1519//1043
f 1503//1044 1502//1024 1517//1024
f 1500//1027 1516//1026 1519//1043
f 1586//1045 1581//1075 2007//1046
f 1583//1048 2009//1076 1982//1049
f 1590//1051 1586//1045 1980//1047
f 1592//1053 1588//1050 1982//1049
f 1594//1055 1590//1051 1984//1052
f 1592//1053 1986//1054 1990//1057
f 1594//1055 1988//1056 1992//1059
f 1596//1058 1990//1057 1994//1061
f 1598//1060 1992//1059 1996//1063
f 1604//1065 1600//1062 1994//1061
f 1606//1067 1602//1064 1996//1063
f 1608//1069 1604//1065 1998//1066
f 1585//1071 2011//1074 2004//1072
f 1585//1071 1606//1067 2000//1068
f 1608//1069 2002//1070 2007//1046
f 1610//1073 2004//1072 2009//1076
f 2010//1077 1547//999 1544//1000
f 2008//1079 2005//1078 1544//1000
f 2003//1080 1543//1002 1545//994
f 2010//1077 2001//1082 1542//997
f 2003//1080 1999//1084 1541//1001
f 2001//1082 1997//1086 1540//1007
f 1995//1083 1539//1005 1541//1001
f 1993//1085 1538//1011 1540//1007
f 1995//1083 1991//1088 1537//1014
f 1989//1087 1536//1016 1538//1011
f 1991//1088 1987//1091 1535//1013
f 1983//1089 2008//1079 1546//991
f 2006//1081 1545//994 1532//1019
f 1989//1087 1985//1594 1534//1015
f 1987//1091 1983//1089 1533//1021
f 1548//1092 1641//1113 1639//1093
f 1563//1094 1640//1094 1638//1095
f 1562//1093 1639//1093 1637//1096
f 1561//1095 1638//1095 1636//1098
f 1560//1097 1637//1096 1635//1099
f 1559//1098 1636//1098 1634//1100
f 1556//1102 1558//1099 1635//1099
f 1557//1101 1634//1100 1632//1103
f 1554//1105 1556//1102 1633//1102
f 1555//1104 1632//1103 1630//1107
f 1554//1105 1631//1106 1629//1108
f 1553//1107 1630//1107 1628//1110
f 1550//1111 1549//1112 1642//1112
f 1549//1112 1552//1109 1629//1108
f 1641//1113 1548//1092 1551//1110
f 1430//1114 1429//1143 1577//1115
f 1422//1117 1578//1144 1565//1118
f 1431//1120 1430//1114 1564//1116
f 1423//1119 1565//1118 1567//1122
f 1432//1124 1431//1120 1566//1121
f 1424//1123 1567//1122 1569//1126
f 1432//1124 1568//1125 1570//1128
f 1425//1127 1569//1126 1571//1130
f 1433//1129 1570//1128 1572//1132
f 1426//1131 1571//1130 1573//1134
f 1435//1136 1434//1133 1572//1132
f 1427//1135 1573//1134 1575//1138
f 1421//1140 1579//1140 1576//1141
f 1421//1140 1435//1136 1574//1137
f 1429//1143 1428//1139 1575//1138
f 1420//1142 1576//1141 1578//1144
f 1612//1145 1625//1197 1580//1146
f 1580//1148 1581//1148 1586//1149
f 1626//1151 1582//1198 1589//1152
f 1589//1154 1582//1199 1583//1155
f 1614//1156 1612//1145 1587//1147
f 1587//1150 1586//1149 1590//1158
f 1615//1160 1613//1153 1589//1152
f 1589//1154 1588//1154 1592//1161
f 1616//1162 1614//1156 1591//1157
f 1591//1159 1590//1158 1594//1164
f 1615//1160 1593//1160 1597//1165
f 1597//1167 1593//1161 1592//1161
f 1616//1162 1595//1163 1599//1169
f 1599//1171 1595//1164 1594//1164
f 1617//1166 1597//1165 1601//1173
f 1601//1175 1597//1167 1596//1168
f 1618//1170 1599//1169 1603//1177
f 1603//1178 1599//1171 1598//1172
f 1621//1179 1619//1174 1601//1173
f 1601//1175 1600//1176 1604//1181
f 1622//1183 1620//1177 1603//1177
f 1603//1178 1602//1178 1606//1185
f 1623//1187 1621//1179 1605//1180
f 1605//1182 1604//1181 1608//1189
f 1627//1190 1584//1196 1611//1191
f 1611//1193 1584//1194 1585//1194
f 1627//1190 1622//1183 1607//1184
f 1607//1186 1606//1185 1585//1194
f 1623//1187 1609//1188 1580//1146
f 1580//1148 1609//1189 1608//1189
f 1624//1192 1611//1191 1582//1198
f 1582//1199 1611//1193 1610//1195
f 1578//1200 1576//1201 1624//1201
f 1575//1202 1623//1202 1625//1203
f 1579//1204 1574//1205 1622//1205
f 1576//1201 1579//1204 1627//1204
f 1573//1206 1621//1209 1623//1202
f 1574//1205 1572//1207 1620//1207
f 1571//1208 1619//1212 1621//1209
f 1570//1210 1618//1210 1620//1207
f 1571//1208 1569//1214 1617//1211
f 1568//1213 1616//1213 1618//1210
f 1569//1214 1567//1215 1615//1215
f 1566//1216 1614//1216 1616//1213
f 1567//1215 1565//1217 1613//1217
f 1564//1218 1612//1218 1614//1216
f 1565//1217 1578//1200 1626//1200
f 1577//1203 1625//1203 1612//1218
f 1657//1219 1641//1242 1628//1220
f 1645//1221 1658//1224 1642//1222
f 1659//1223 1643//1243 1642//1222
f 1646//1225 1644//1220 1628//1220
f 1647//1226 1645//1221 1629//1221
f 1648//1228 1646//1225 1630//1225
f 1647//1226 1631//1227 1633//1230
f 1648//1228 1632//1229 1634//1231
f 1649//1230 1633//1230 1635//1232
f 1650//1231 1634//1231 1636//1233
f 1653//1234 1651//1232 1635//1232
f 1654//1236 1652//1233 1636//1233
f 1655//1238 1653//1234 1637//1235
f 1656//1240 1654//1236 1638//1237
f 1655//1238 1639//1239 1641//1242
f 1656//1240 1640//1241 1643//1243
f 1672//1244 1656//1244 1659//1245
f 1673//1246 1671//1247 1655//1247
f 1672//1244 1670//1248 1654//1248
f 1669//1249 1653//1249 1655//1247
f 1670//1248 1668//1250 1652//1250
f 1667//1251 1651//1251 1653//1249
f 1668//1250 1666//1254 1650//1252
f 1665//1253 1649//1257 1651//1251
f 1666//1254 1664//1255 1648//1255
f 1663//1256 1647//1256 1649//1257
f 1664//1255 1662//1261 1646//1258
f 1661//1259 1645//1263 1647//1256
f 1660//1260 1644//1260 1646//1258
f 1675//1245 1659//1245 1658//1262
f 1674//1262 1658//1262 1645//1263
f 1660//1260 1673//1246 1657//1246
f 1698//1264 1693//1265 1673//1265
f 1700//1266 1695//1267 1674//1267
f 1697//1269 1675//1282 1674//1267
f 1702//1270 1698//1264 1660//1264
f 1704//1271 1700//1266 1661//1268
f 1702//1270 1662//1270 1664//1272
f 1708//1273 1704//1271 1663//1271
f 1706//1272 1664//1272 1666//1274
f 1708//1273 1665//1273 1667//1275
f 1710//1274 1666//1274 1668//1276
f 1712//1275 1667//1275 1669//1277
f 1718//1278 1714//1276 1668//1276
f 1720//1280 1716//1277 1669//1277
f 1722//1281 1718//1278 1670//1279
f 1720//1280 1671//1280 1673//1265
f 1722//1281 1672//1281 1675//1282
f 1418//1244 1688//1244 1691//1283
f 1411//1246 1410//1247 1687//1247
f 1418//1244 1417//1248 1686//1286
f 1409//1249 1685//1287 1687//1247
f 1417//1248 1416//1250 1684//1250
f 1408//1251 1683//1251 1685//1287
f 1416//1250 1415//1254 1682//1288
f 1407//1253 1681//1289 1683//1251
f 1415//1254 1414//1255 1680//1255
f 1406//1256 1679//1256 1681//1289
f 1414//1255 1413//1261 1678//1290
f 1404//1291 1677//1291 1679//1256
f 1413//1261 1412//1260 1676//1260
f 1419//1284 1691//1283 1690//1262
f 1405//1262 1690//1262 1677//1291
f 1412//1260 1411//1246 1689//1285
f 1691//1292 1688//1293 1723//1293
f 1696//1294 1723//1304 1722//1295
f 1687//1297 1721//1297 1692//1298
f 1721//1300 1720//1307 1693//1301
f 1686//1302 1719//1302 1723//1293
f 1719//1303 1718//1310 1722//1295
f 1687//1297 1685//1312 1717//1305
f 1721//1300 1717//1306 1716//1306
f 1686//1302 1684//1308 1715//1308
f 1715//1309 1714//1309 1718//1310
f 1683//1311 1713//1311 1717//1305
f 1717//1306 1713//1313 1712//1313
f 1682//1314 1711//1314 1715//1308
f 1711//1315 1710//1315 1714//1309
f 1683//1311 1681//1316 1709//1316
f 1713//1313 1709//1317 1708//1317
f 1680//1318 1707//1318 1711//1314
f 1711//1315 1707//1319 1706//1319
f 1681//1316 1679//1320 1705//1320
f 1705//1321 1704//1321 1708//1317
f 1678//1322 1703//1322 1707//1318
f 1707//1319 1703//1323 1702//1323
f 1679//1320 1677//1324 1701//1324
f 1701//1325 1700//1325 1704//1321
f 1676//1326 1699//1326 1703//1322
f 1699//1327 1698//1327 1702//1323
f 1691//1292 1696//1292 1694//1328
f 1694//1329 1696//1294 1697//1296
f 1677//1324 1690//1328 1694//1328
f 1701//1325 1694//1329 1695//1329
f 1676//1326 1689//1299 1692//1298
f 1692//1301 1693//1301 1698//1327
f 1374//1330 1372//1331 1724//1331
f 1374//1330 1725//1330 1726//1332
f 1378//1333 1376//1332 1726//1332
f 1380//1334 1378//1333 1727//1333
f 1380//1334 1728//1334 1729//1335
f 1382//1335 1729//1335 1730//1336
f 1386//1337 1384//1336 1730//1336
f 1388//1338 1386//1337 1731//1337
f 1388//1338 1732//1338 1733//1339
f 1390//1339 1733//1339 1734//1340
f 1394//1341 1392//1340 1734//1340
f 1394//1341 1735//1342 1736//1343
f 1398//1344 1396//1343 1736//1343
f 1398//1344 1737//1344 1738//1345
f 1402//1346 1400//1345 1738//1345
f 1372//1331 1402//1346 1739//1347
f 1773//1348 1772//1349 1768//1349
f 1386//438 1747//438 1746//254
f 1402//442 1755//442 1754//113
f 1388//188 1748//188 1747//438
f 1374//435 1741//435 1740//40
f 1372//40 1740//40 1755//442
f 1390//439 1749//439 1748//188
f 1376//37 1742//1351 1741//435
f 1392//185 1750//185 1749//439
f 1378//436 1743//436 1742//1351
f 1394//440 1751//440 1750//185
f 1380//257 1744//257 1743//436
f 1396//116 1752//116 1751//440
f 1382//437 1745//437 1744//257
f 1398//441 1753//441 1752//116
f 1384//254 1746//254 1745//437
f 1932//1352 1843//1470 1842//1353
f 1774//1355 1761//1355 1760//1356
f 1776//1357 1769//1357 1768//1349
f 1774//1355 1777//1361 1762//1358
f 1778//1359 1770//1359 1769//1357
f 1779//1360 1763//1364 1762//1358
f 1780//1362 1771//1367 1770//1359
f 1779//1360 1781//1363 1764//1363
f 1782//1365 1757//1365 1756//1366
f 1783//1366 1756//1366 1771//1367
f 1781//1363 1784//1370 1765//1368
f 1782//1365 1785//1372 1758//1369
f 1784//1370 1786//1374 1766//1371
f 1785//1372 1787//1375 1759//1373
f 1773//1348 1767//1350 1766//1371
f 1787//1375 1775//1356 1760//1356
f 1834//1376 1775//1376 1787//1377
f 1833//1378 1773//1378 1786//1379
f 1832//1377 1787//1377 1785//1380
f 1831//1379 1786//1379 1784//1381
f 1828//1382 1830//1380 1785//1380
f 1829//1381 1784//1381 1781//1383
f 1835//1384 1783//1384 1780//1385
f 1835//1384 1828//1382 1782//1382
f 1825//1386 1827//1383 1781//1383
f 1826//1385 1780//1385 1778//1388
f 1823//1389 1825//1386 1779//1387
f 1822//1390 1824//1388 1778//1388
f 1823//1389 1777//1389 1774//1391
f 1820//1393 1822//1390 1776//1390
f 1821//1392 1774//1391 1775//1376
f 1820//1393 1772//1393 1773//1378
f 1807//1394 1791//1401 1788//1395
f 1805//1397 1808//1402 1792//1398
f 1809//1400 1793//1405 1791//1401
f 1808//1402 1810//1407 1794//1403
f 1811//1404 1795//1409 1793//1405
f 1812//1406 1796//1411 1794//1403
f 1811//1404 1813//1415 1797//1408
f 1814//1410 1798//1417 1796//1411
f 1806//1412 1815//1419 1799//1413
f 1813//1415 1806//1412 1790//1414
f 1816//1416 1800//1421 1798//1417
f 1817//1418 1801//1423 1799//1413
f 1818//1420 1802//1424 1800//1421
f 1817//1418 1819//1425 1803//1422
f 1804//1396 1788//1395 1802//1424
f 1819//1425 1805//1397 1789//1399
f 1744//1426 1805//1426 1819//1427
f 1750//1428 1751//1429 1804//1429
f 1743//1427 1819//1427 1817//1431
f 1749//1433 1750//1428 1818//1430
f 1742//1432 1817//1431 1815//1434
f 1748//1436 1749//1433 1816//1433
f 1740//1437 1806//1437 1813//1438
f 1740//1437 1741//1435 1815//1434
f 1747//1440 1748//1436 1814//1436
f 1755//1439 1813//1438 1811//1442
f 1746//1444 1747//1440 1812//1441
f 1753//1445 1754//1443 1811//1442
f 1746//1444 1810//1444 1808//1447
f 1752//1449 1753//1445 1809//1446
f 1745//1448 1808//1447 1805//1426
f 1752//1449 1807//1449 1804//1429
f 1788//1395 1791//1401 1820//1450
f 1792//1398 1821//1453 1834//1452
f 1793//1405 1822//1454 1820//1450
f 1794//1403 1823//1456 1821//1453
f 1795//1409 1824//1457 1822//1454
f 1794//1403 1796//1411 1825//1455
f 1797//1408 1826//1461 1824//1457
f 1796//1411 1798//1417 1827//1458
f 1790//1414 1799//1413 1828//1459
f 1790//1414 1835//1460 1826//1461
f 1800//1421 1829//1463 1827//1458
f 1801//1423 1830//1464 1828//1459
f 1800//1421 1802//1424 1831//1462
f 1803//1422 1832//1465 1830//1464
f 1802//1424 1788//1395 1833//1451
f 1803//1422 1789//1399 1834//1452
f 1946//1466 1933//1474 1851//1467
f 1934//1469 1844//1476 1843//1470
f 1947//1471 1935//1478 1837//1472
f 1933//1474 1947//1471 1836//1473
f 1936//1475 1845//1480 1844//1476
f 1937//1477 1838//1482 1837//1472
f 1938//1479 1846//1484 1845//1480
f 1937//1477 1939//1485 1839//1481
f 1940//1483 1847//1488 1846//1484
f 1939//1485 1941//1489 1840//1486
f 1942//1487 1848//1492 1847//1488
f 1941//1489 1943//1493 1841//1490
f 1944//1491 1849//1494 1848//1492
f 1943//1493 1945//1354 1842//1353
f 1944//1491 1946//1466 1850//1468
f 1931//1495 1917//1555 1859//1496
f 1890//1498 1858//1556 1883//1499
f 1916//1501 1855//1557 1880//1502
f 1913//1504 1886//1558 1854//1505
f 1931//1495 1882//1497 1878//1507
f 1915//1500 1883//1499 1879//1509
f 1928//1511 1930//1503 1880//1502
f 1909//1513 1913//1504 1881//1506
f 1927//1515 1929//1508 1878//1507
f 1911//1510 1879//1509 1875//1517
f 1928//1511 1876//1512 1872//1519
f 1905//1521 1909//1513 1877//1514
f 1927//1515 1874//1516 1870//1523
f 1907//1518 1875//1517 1871//1525
f 1924//1527 1926//1520 1872//1519
f 1901//1529 1905//1521 1873//1522
f 1925//1524 1870//1523 1866//1531
f 1903//1526 1871//1525 1867//1533
f 1922//1535 1924//1527 1868//1528
f 1895//1537 1901//1529 1869//1530
f 1921//1539 1923//1532 1866//1531
f 1899//1534 1867//1533 1861//1541
f 1920//1543 1918//1549 1865//1544
f 1889//1546 1896//1550 1864//1547
f 1922//1535 1862//1536 1865//1544
f 1896//1550 1895//1537 1863//1538
f 1921//1539 1860//1540 1852//1551
f 1893//1542 1861//1541 1853//1553
f 1920//1543 1856//1545 1859//1496
f 1890//1498 1889//1546 1857//1548
f 1916//1501 1919//1552 1852//1551
f 1885//1554 1853//1553 1854//1505
f 1855//1557 1852//1551 1884//1559
f 1887//1560 1884//1559 1885//1554
f 1859//1496 1856//1545 1888//1561
f 1888//1561 1889//1546 1890//1498
f 1852//1551 1860//1540 1892//1563
f 1892//1563 1893//1542 1885//1554
f 1862//1536 1894//1566 1897//1564
f 1897//1564 1894//1566 1895//1537
f 1865//1544 1897//1564 1888//1561
f 1897//1564 1896//1550 1889//1546
f 1860//1540 1866//1531 1898//1565
f 1892//1563 1898//1565 1899//1534
f 1868//1528 1900//1567 1894//1566
f 1900//1567 1901//1529 1895//1537
f 1870//1523 1902//1570 1898//1565
f 1898//1565 1902//1570 1903//1526
f 1868//1528 1872//1519 1904//1568
f 1904//1568 1905//1521 1901//1529
f 1870//1523 1874//1516 1906//1569
f 1902//1570 1906//1569 1907//1518
f 1876//1512 1908//1571 1904//1568
f 1908//1571 1909//1513 1905//1521
f 1874//1516 1878//1507 1910//1572
f 1910//1572 1911//1510 1907//1518
f 1880//1502 1912//1574 1908//1571
f 1908//1571 1912//1574 1913//1504
f 1878//1507 1882//1497 1914//1573
f 1910//1572 1914//1573 1915//1500
f 1855//1557 1887//1560 1912//1574
f 1887//1560 1886//1558 1913//1504
f 1859//1496 1891//1562 1914//1573
f 1914//1573 1891//1562 1890//1498
f 1763//1575 1919//1552 1916//1501
f 1771//1577 1920//1543 1917//1555
f 1764//1579 1921//1539 1919//1552
f 1756//1580 1757//1581 1922//1535
f 1771//1577 1756//1580 1918//1549
f 1764//1579 1765//1582 1923//1532
f 1757//1581 1758//1584 1924//1527
f 1765//1582 1766//1586 1925//1524
f 1759//1583 1926//1520 1924//1527
f 1767//1585 1927//1515 1925//1524
f 1759//1583 1760//1588 1928//1511
f 1768//1587 1929//1508 1927//1515
f 1760//1588 1761//1590 1930//1503
f 1769//1589 1931//1495 1929//1508
f 1761//1590 1762//1576 1916//1501
f 1769//1589 1770//1578 1917//1555
f 1883//1499 1858//1556 1946//1466
f 1854//1505 1945//1354 1943//1493
f 1879//1509 1883//1499 1944//1491
f 1877//1514 1881//1506 1943//1493
f 1875//1517 1879//1509 1942//1487
f 1877//1514 1941//1489 1939//1485
f 1875//1517 1940//1483 1938//1479
f 1873//1522 1939//1485 1937//1477
f 1867//1533 1871//1525 1938//1479
f 1863//1538 1869//1530 1937//1477
f 1861//1541 1867//1533 1936//1475
f 1864//1547 1947//1471 1933//1474
f 1863//1538 1935//1478 1947//1471
f 1861//1541 1934//1469 1932//1352
f 1857//1548 1933//1474 1946//1466
f 1854//1505 1853//1553 1932//1352
f 1962//113 1978//113 1979//442
f 1458//313 1457//313 1953//313
f 1465//313 1961//313 1962//313
f 1458//313 1954//313 1955//313
f 1467//313 1466//313 1962//313
f 1459//313 1955//313 1956//313
f 1452//313 1453//313 1949//313
f 1467//313 1963//313 1949//313
f 1461//313 1460//313 1956//313
f 1452//313 1948//313 1950//313
f 1462//313 1461//313 1957//313
f 1454//313 1950//313 1951//313
f 1463//313 1462//313 1958//313
f 1455//313 1951//313 1952//313
f 1463//313 1959//313 1960//313
f 1457//313 1456//313 1952//313
f 1550//1111 1643//1111 1640//1094
f 1955//438 1971//438 1972//188
f 1949//40 1965//40 1964//1592
f 1963//1591 1979//442 1965//40
f 1956//188 1972//188 1973//439
f 1948//435 1964//1592 1966//37
f 1957//439 1973//439 1974//185
f 1950//37 1966//37 1967//436
f 1958//185 1974//185 1975//440
f 1951//436 1967//436 1968//257
f 1959//1593 1975//440 1976//116
f 1952//257 1968//257 1969//437
f 1960//116 1976//116 1977//441
f 1953//437 1969//437 1970//254
f 1961//441 1977//441 1978//113
f 1954//254 1970//254 1971//438
f 2008//1079 2009//1076 2004//1072
f 2003//1080 2006//1081 2007//1046
f 2010//1077 2011//1074 2000//1068
f 2010//1077 2005//1078 2004//1072
f 1999//1084 2003//1080 2002//1070
f 2001//1082 2000//1068 1996//1063
f 1999//1084 1998//1066 1994//1061
f 1993//1085 1997//1086 1996//1063
f 1991//1088 1995//1083 1994//1061
f 1989//1087 1993//1085 1992//1059
f 1991//1088 1990//1057 1986//1054
f 1989//1087 1988//1056 1984//1052
f 1987//1091 1986//1054 1982//1049
f 1981//1090 1985//1594 1984//1052
f 1983//1089 1982//1049 2009//1076
f 2006//1081 1981//1090 1980//1047
f 1981//1090 1532//1019 1534//1015
f 1838//1482 1839//1481 2012//313
f 1839//1481 1840//1486 2015//313
f 1841//1490 2018//313 2015//313
f 1842//1353 1843//1470 2018//313
f 1837//1472 2012//313 2013//313
f 2012//313 2015//313 2016//313
f 2018//313 2019//313 2016//313
f 1843//1470 1844//1476 2019//313
f 2013//313 2014//313 1851//1467
f 2016//313 2017//313 2014//313
f 2016//313 2019//313 2020//313
f 2019//313 1844//1476 1845//1480
f 2014//313 1849//1494 1850//1468
f 2017//313 1848//1492 1849//1494
f 2017//313 2020//313 1847//1488
f 2020//313 1845//1480 1846//1484
f 2022//257 2024//437 2374//437
f 2024//437 2026//254 2375//254
f 2026//254 2028//438 2376//438
f 2028//438 2030//188 2377//188
f 2030//188 2032//439 2378//439
f 2032//439 2034//185 2379//185
f 2034//185 2036//440 2380//440
f 2036//440 2038//116 2381//116
f 2038//116 2040//441 2382//441
f 2040//441 2042//113 2383//113
f 2042//113 2044//442 2384//442
f 2044//442 2046//40 2385//40
f 2046//40 2048//435 2386//435
f 2048//435 2050//37 2387//37
f 2030//1595 2028//1596 2056//1596
f 2050//37 2052//436 2388//436
f 2052//436 2022//257 2373//257
f 2049//618 2403//37 2402//435
f 2200//1597 2197//1629 2076//1598
f 2038//865 2061//1612 2062//856
f 2050//1601 2048//859 2066//1602
f 2026//1604 2024//867 2053//1605
f 2036//1606 2034//869 2059//869
f 2046//1607 2044//871 2064//871
f 2030//1595 2057//1595 2058//1608
f 2040//1600 2062//856 2063//1609
f 2050//1601 2067//1603 2068//1611
f 2028//1596 2026//1604 2055//862
f 2038//865 2036//1606 2060//864
f 2048//859 2046//1607 2065//1607
f 2024//867 2022//1613 2054//847
f 2032//1608 2058//1608 2059//869
f 2042//1610 2063//1609 2064//871
f 2052//848 2068//1611 2054//847
f 2168//1614 2165//1648 2094//1615
f 2198//1616 2070//1616 2069//1617
f 2199//1619 2084//1630 2070//1616
f 2202//1620 2200//1597 2077//1599
f 2201//1618 2069//1617 2071//1621
f 2204//899 2202//1620 2078//896
f 2203//1621 2071//1621 2072//1622
f 2204//899 2079//899 2080//901
f 2205//1623 2072//1622 2073//1625
f 2206//1624 2080//901 2081//1626
f 2209//883 2207//850 2073//1625
f 2210//1627 2208//879 2081//1626
f 2211//1628 2209//883 2074//884
f 2212//885 2210//1627 2082//1627
f 2197//1629 2211//1628 2075//1628
f 2212//885 2083//885 2084//1630
f 2118//940 2115//939 2116//1631
f 2169//1632 2166//1633 2087//1633
f 2168//1614 2095//1614 2096//1634
f 2171//1635 2169//1632 2088//920
f 2172//926 2170//1634 2096//1634
f 2171//1635 2089//925 2090//929
f 2172//926 2097//928 2098//1636
f 2173//929 2090//929 2091//1638
f 2176//1639 2174//1637 2098//1636
f 2177//1640 2175//877 2091//1638
f 2176//1639 2099//1639 2100//1642
f 2179//1644 2177//1640 2092//1641
f 2167//1645 2086//1647 2085//914
f 2178//1643 2100//1642 2086//1647
f 2165//1648 2179//1644 2093//1644
f 2166//1633 2180//1646 2085//914
f 2114//313 2113//313 2609//313
f 2123//1649 2122//1666 2108//1650
f 2126//1652 2102//1655 2101//1653
f 2119//944 2116//1631 2102//1655
f 2129//953 2123//1649 2109//1651
f 2127//1654 2101//1653 2103//1657
f 2133//902 2129//953 2110//1656
f 2131//955 2103//1657 2104//1659
f 2137//904 2133//902 2111//1658
f 2135//958 2104//1659 2105//932
f 2141//933 2137//904 2112//1660
f 2139//930 2105//932 2106//1662
f 2145//1664 2141//933 2113//1661
f 2147//941 2143//1663 2106//1662
f 2118//940 2145//1664 2114//1665
f 2147//941 2107//942 2108//1650
f 2091//1667 2148//1670 2121//1668
f 2148//1670 2147//941 2122//1666
f 2098//1671 2146//988 2117//982
f 2117//982 2146//988 2145//1664
f 2091//1667 2090//1674 2144//1673
f 2148//1670 2144//1673 2143//1663
f 2098//1671 2097//987 2142//986
f 2142//986 2141//933 2145//1664
f 2090//1674 2089//989 2140//984
f 2140//984 2139//930 2143//1663
f 2097//987 2096//1677 2138//1675
f 2138//1675 2137//904 2141//933
f 2088//1676 2136//1680 2140//984
f 2140//984 2136//1680 2135//958
f 2096//1677 2095//963 2134//1678
f 2134//1678 2133//902 2137//904
f 2087//1679 2132//1682 2136//1680
f 2136//1680 2132//1682 2131//955
f 2095//963 2094//1683 2130//964
f 2130//964 2129//953 2133//902
f 2085//1681 2128//1686 2132//1682
f 2132//1682 2128//1686 2127//1654
f 2094//1683 2093//1687 2124//968
f 2124//968 2123//1649 2129//953
f 2086//1684 2100//1688 2120//1685
f 2125//970 2120//1685 2119//944
f 2086//1684 2125//970 2128//1686
f 2128//1686 2125//970 2126//1652
f 2092//1669 2121//1668 2124//968
f 2124//968 2121//1668 2122//1666
f 2100//1688 2099//1672 2117//982
f 2120//1685 2117//982 2118//940
f 2195//1689 2193//1697 2164//1690
f 2194//1692 2192//1016 2162//1012
f 2191//1694 2161//1700 2163//1695
f 2193//1697 2196//1696 2163//1695
f 2190//1698 2160//1702 2162//1012
f 2191//1694 2189//1704 2159//1699
f 2188//1701 2158//1706 2160//1702
f 2187//1703 2157//992 2159//1699
f 2188//1701 2186//1708 2156//1705
f 2187//1703 2185//999 2155//998
f 2184//1707 2154//1710 2156//1705
f 2183//1709 2153//1712 2155//998
f 2184//1707 2182//1713 2152//1006
f 2181//1711 2150//1714 2153//1712
f 2195//1689 2151//1691 2152//1006
f 2181//1711 2194//1692 2149//1693
f 2164//1036 2180//1717 2166//1715
f 2162//1038 2179//1038 2165//1039
f 2163//1040 2161//1044 2178//1042
f 2164//1036 2163//1040 2167//1040
f 2162//1038 2160//1041 2177//1041
f 2161//1044 2159//1721 2176//1718
f 2158//1719 2175//1719 2177//1041
f 2157//1720 2174//1723 2176//1718
f 2158//1719 2156//1722 2173//1722
f 2155//1028 2172//1028 2174//1723
f 2154//1025 2171//1025 2173//1722
f 2153//1724 2170//1727 2172//1028
f 2154//1025 2152//1728 2169//1725
f 2153//1724 2150//1726 2168//1726
f 2152//1728 2151//1715 2166//1715
f 2149//1716 2165//1039 2168//1726
f 2235//1729 2230//1060 2656//1059
f 2232//1730 2658//1740 2631//1731
f 2239//1067 2235//1729 2629//1063
f 2241//1069 2237//1065 2631//1731
f 2243//1071 2239//1067 2633//1732
f 2241//1069 2635//1070 2639//1733
f 2243//1071 2637//1074 2641//1734
f 2245//1075 2639//1733 2643//1735
f 2247//1073 2641//1734 2645//1076
f 2253//1051 2249//1736 2643//1735
f 2255//1050 2251//1737 2645//1076
f 2257//1055 2253//1051 2647//1052
f 2234//1053 2660//1739 2653//1057
f 2234//1053 2255//1050 2649//1049
f 2257//1055 2651//1738 2656//1059
f 2259//1058 2653//1057 2658//1740
f 2659//1091 2196//1696 2193//1697
f 2657//1742 2654//1741 2193//1697
f 2652//1743 2192//1016 2194//1692
f 2659//1091 2650//1745 2191//1694
f 2652//1743 2648//1747 2190//1698
f 2650//1745 2646//1749 2189//1704
f 2644//1746 2188//1701 2190//1698
f 2642//1748 2187//1703 2189//1704
f 2644//1746 2640//1750 2186//1708
f 2638//1077 2185//999 2187//1703
f 2640//1750 2636//1753 2184//1707
f 2632//1751 2657//1742 2195//1689
f 2655//1744 2194//1692 2181//1711
f 2638//1077 2634//1990 2183//1709
f 2636//1753 2632//1751 2182//1713
f 2197//1754 2290//1101 2288//1103
f 2212//1106 2289//1106 2287//1108
f 2211//1103 2288//1103 2286//1107
f 2208//1112 2210//1108 2287//1108
f 2209//1755 2286//1107 2284//1110
f 2208//1112 2285//1112 2283//1111
f 2207//1110 2284//1110 2282//1113
f 2206//1756 2283//1111 2281//1094
f 2203//1758 2205//1113 2282//1113
f 2204//1757 2281//1094 2279//1759
f 2203//1758 2280//1093 2278//1760
f 2202//1759 2279//1759 2277//1098
f 2199//1761 2198//1099 2291//1099
f 2198//1099 2201//1096 2278//1760
f 2197//1754 2200//1098 2277//1098
f 2079//1132 2078//1762 2226//1762
f 2071//1763 2227//1782 2214//1764
f 2080//1766 2079//1132 2213//1132
f 2072//1765 2214//1764 2216//1768
f 2081//1140 2080//1766 2215//1767
f 2073//1768 2216//1768 2218//1769
f 2081//1140 2217//1140 2219//1770
f 2074//1769 2218//1769 2220//1771
f 2082//1770 2219//1770 2221//1773
f 2075//1772 2220//1771 2222//1774
f 2084//1776 2083//1773 2221//1773
f 2076//1775 2222//1774 2224//1778
f 2070//1779 2228//1779 2225//1780
f 2070//1779 2084//1776 2223//1777
f 2078//1762 2077//1125 2224//1778
f 2069//1781 2225//1780 2227//1782
f 2261//1783 2274//1169 2229//1784
f 2229//1171 2230//1171 2235//1786
f 2275//1788 2231//1173 2238//1789
f 2238//1791 2231//1820 2232//1792
f 2263//1183 2261//1783 2236//1785
f 2236//1787 2235//1786 2239//1794
f 2264//1795 2262//1790 2238//1789
f 2238//1791 2237//1793 2241//1796
f 2265//1190 2263//1183 2240//1184
f 2240//1186 2239//1794 2243//1194
f 2264//1795 2242//1188 2246//1797
f 2246//1799 2242//1189 2241//1796
f 2265//1190 2244//1196 2248//1191
f 2248//1801 2244//1194 2243//1194
f 2266//1798 2246//1797 2250//1145
f 2250//1149 2246//1799 2245//1800
f 2267//1192 2248//1191 2252//1805
f 2252//1806 2248//1801 2247//1802
f 2270//1807 2268//1803 2250//1145
f 2250//1149 2249//1804 2253//1808
f 2271//1809 2269//1805 2252//1805
f 2252//1806 2251//1806 2255//1810
f 2272//1811 2270//1807 2254//1157
f 2254//1159 2253//1808 2257//1164
f 2276//1814 2233//1818 2260//1165
f 2260//1167 2233//1819 2234//1816
f 2276//1814 2271//1809 2256//1153
f 2256//1154 2255//1810 2234//1816
f 2272//1811 2258//1812 2229//1784
f 2229//1171 2258//1813 2257//1164
f 2273//1815 2260//1165 2231//1173
f 2231//1820 2260//1167 2259//1817
f 2227//1821 2225//1822 2273//1822
f 2224//1213 2272//1213 2274//1823
f 2228//1215 2223//1824 2271//1824
f 2225//1822 2228//1215 2276//1215
f 2222//1825 2270//1828 2272//1213
f 2221//1826 2269//1826 2271//1824
f 2220//1827 2268//1827 2270//1828
f 2219//1201 2267//1201 2269//1826
f 2220//1827 2218//1203 2266//1829
f 2217//1204 2265//1204 2267//1201
f 2218//1203 2216//1202 2264//1202
f 2215//1205 2263//1205 2265//1204
f 2216//1202 2214//1206 2262//1206
f 2213//1830 2261//1830 2263//1205
f 2214//1206 2227//1821 2275//1821
f 2226//1823 2274//1823 2261//1830
f 2306//1831 2290//1231 2277//1233
f 2294//1235 2307//1232 2291//1232
f 2308//1230 2292//1230 2291//1232
f 2295//1236 2293//1233 2277//1233
f 2296//1238 2294//1235 2278//1235
f 2297//1240 2295//1236 2279//1236
f 2296//1238 2280//1239 2282//1242
f 2297//1240 2281//1241 2283//1223
f 2298//1242 2282//1242 2284//1220
f 2299//1223 2283//1223 2285//1222
f 2302//1833 2300//1832 2284//1220
f 2303//1221 2301//1222 2285//1222
f 2304//1228 2302//1833 2286//1225
f 2305//1226 2303//1221 2287//1834
f 2304//1228 2288//1229 2290//1231
f 2305//1226 2289//1227 2292//1230
f 2321//1256 2305//1256 2308//1289
f 2322//1288 2320//1255 2304//1255
f 2321//1256 2319//1259 2303//1259
f 2318//1258 2302//1258 2304//1255
f 2319//1259 2317//1262 2301//1262
f 2316//1260 2300//1260 2302//1258
f 2317//1262 2315//1245 2299//1284
f 2314//1835 2298//1246 2300//1260
f 2315//1245 2313//1244 2297//1244
f 2312//1247 2296//1247 2298//1246
f 2313//1244 2311//1836 2295//1286
f 2310//1287 2294//1837 2296//1247
f 2311//1836 2309//1250 2293//1250
f 2324//1289 2308//1289 2307//1251
f 2323//1251 2307//1251 2294//1837
f 2309//1250 2322//1288 2306//1288
f 2347//1276 2342//1274 2322//1274
f 2349//1277 2344//1275 2323//1275
f 2346//1273 2324//1841 2323//1275
f 2351//1278 2347//1276 2309//1276
f 2353//1280 2349//1277 2310//1838
f 2351//1278 2311//1278 2313//1839
f 2357//1265 2353//1280 2312//1280
f 2355//1839 2313//1839 2315//1282
f 2357//1265 2314//1265 2316//1264
f 2359//1269 2315//1282 2317//1267
f 2361//1264 2316//1264 2318//1270
f 2367//1266 2363//1267 2317//1267
f 2369//1272 2365//1270 2318//1270
f 2371//1840 2367//1266 2319//1268
f 2369//1272 2320//1272 2322//1274
f 2371//1840 2321//1840 2324//1841
f 2067//1256 2337//1256 2340//1257
f 2059//1255 2336//1255 2338//1254
f 2067//1256 2066//1259 2335//1291
f 2058//1258 2334//1290 2336//1255
f 2066//1259 2065//1262 2333//1262
f 2057//1260 2332//1260 2334//1290
f 2065//1262 2064//1245 2331//1283
f 2056//1835 2330//1285 2332//1260
f 2064//1245 2063//1244 2329//1244
f 2055//1247 2328//1247 2330//1285
f 2063//1244 2062//1836 2327//1248
f 2053//1287 2326//1249 2328//1247
f 2062//1836 2061//1250 2325//1250
f 2068//1289 2340//1257 2339//1251
f 2054//1251 2339//1251 2326//1249
f 2061//1250 2060//1288 2338//1254
f 2340//1316 2337//1842 2372//1842
f 2345//1317 2372//1846 2371//1321
f 2336//1318 2370//1318 2341//1314
f 2370//1319 2369//1848 2342//1315
f 2335//1324 2368//1324 2372//1842
f 2368//1325 2367//1849 2371//1321
f 2336//1318 2334//1322 2366//1847
f 2370//1319 2366//1323 2365//1323
f 2335//1324 2333//1328 2364//1328
f 2364//1329 2363//1329 2367//1849
f 2332//1326 2362//1326 2366//1847
f 2366//1323 2362//1327 2361//1327
f 2331//1292 2360//1292 2364//1328
f 2360//1294 2359//1294 2363//1329
f 2332//1326 2330//1299 2358//1299
f 2362//1327 2358//1301 2357//1301
f 2329//1850 2356//1850 2360//1292
f 2360//1294 2356//1295 2355//1295
f 2330//1299 2328//1297 2354//1297
f 2354//1300 2353//1300 2357//1301
f 2327//1851 2352//1851 2356//1850
f 2356//1295 2352//1303 2351//1303
f 2328//1297 2326//1305 2350//1305
f 2350//1306 2349//1306 2353//1300
f 2325//1308 2348//1308 2352//1851
f 2348//1309 2347//1309 2351//1303
f 2340//1316 2345//1843 2343//1311
f 2343//1313 2345//1317 2346//1844
f 2326//1305 2339//1311 2343//1311
f 2350//1306 2343//1313 2344//1313
f 2325//1308 2338//1845 2341//1314
f 2341//1315 2342//1315 2347//1309
f 2023//1852 2021//1334 2373//1334
f 2023//1852 2374//1852 2375//1336
f 2027//1337 2025//1336 2375//1336
f 2029//1338 2027//1337 2376//1337
f 2031//1339 2029//1338 2377//1338
f 2031//1339 2378//1339 2379//1340
f 2035//1342 2033//1340 2379//1340
f 2037//1343 2035//1342 2380//1342
f 2037//1343 2381//1343 2382//1344
f 2039//1344 2382//1344 2383//1345
f 2043//1347 2041//1345 2383//1345
f 2043//1347 2384//1346 2385//1331
f 2047//1853 2045//1331 2385//1331
f 2047//1853 2386//1853 2387//1332
f 2051//1333 2049//1332 2387//1332
f 2021//1334 2051//1333 2388//1854
f 2422//1855 2421//1366 2417//1366
f 2035//440 2396//440 2395//185
f 2051//436 2404//436 2403//37
f 2037//116 2397//116 2396//440
f 2023//437 2390//437 2389//257
f 2021//257 2389//257 2404//436
f 2039//441 2398//441 2397//116
f 2025//254 2391//1857 2390//437
f 2041//113 2399//113 2398//441
f 2027//438 2392//438 2391//1857
f 2043//442 2400//442 2399//113
f 2029//188 2393//188 2392//438
f 2045//40 2401//40 2400//442
f 2031//439 2394//439 2393//188
f 2047//435 2402//435 2401//40
f 2033//185 2395//185 2394//439
f 2581//1483 2492//1488 2491//1484
f 2423//1858 2410//1368 2409//1859
f 2421//1366 2425//1862 2418//1860
f 2423//1858 2426//1865 2411//1861
f 2425//1862 2427//1867 2419//1863
f 2428//1864 2412//1869 2411//1861
f 2429//1866 2420//1872 2419//1863
f 2428//1864 2430//1868 2413//1868
f 2431//1870 2406//1870 2405//1871
f 2432//1871 2405//1871 2420//1872
f 2430//1868 2433//1875 2414//1873
f 2431//1870 2434//1878 2407//1874
f 2433//1875 2435//1879 2415//1876
f 2436//1877 2408//1880 2407//1874
f 2422//1855 2416//1856 2415//1876
f 2424//1859 2409//1859 2408//1880
f 2481//1387 2483//1383 2424//1383
f 2482//1881 2422//1881 2435//1388
f 2479//1389 2481//1387 2436//1387
f 2480//1388 2435//1388 2433//1882
f 2477//1883 2479//1389 2434//1389
f 2478//1882 2433//1882 2430//1884
f 2484//1886 2432//1886 2429//1887
f 2484//1886 2477//1883 2431//1883
f 2474//1888 2476//1885 2430//1884
f 2475//1887 2429//1887 2427//1380
f 2472//1379 2474//1888 2428//1889
f 2471//1891 2473//1890 2427//1380
f 2472//1379 2426//1379 2423//1381
f 2471//1891 2425//1891 2421//1384
f 2470//1892 2423//1381 2424//1383
f 2482//1881 2469//1384 2421//1384
f 2456//1412 2440//1414 2437//1893
f 2454//1410 2457//1897 2441//1895
f 2458//1896 2442//1899 2440//1414
f 2457//1897 2459//1900 2443//1424
f 2460//1898 2444//1902 2442//1899
f 2461//1396 2445//1903 2443//1424
f 2460//1898 2462//1906 2446//1901
f 2463//1394 2447//1908 2445//1903
f 2455//1397 2464//1402 2448//1904
f 2462//1906 2455//1397 2439//1905
f 2465//1907 2449//1910 2447//1908
f 2464//1402 2466//1911 2450//1403
f 2467//1909 2451//1913 2449//1910
f 2466//1911 2468//1914 2452//1912
f 2453//1894 2437//1893 2451//1913
f 2468//1914 2454//1410 2438//1417
f 2393//1436 2454//1933 2468//1440
f 2399//1915 2400//1916 2453//1916
f 2392//1440 2468//1440 2466//1918
f 2398//1446 2399//1915 2467//1917
f 2391//1919 2466//1918 2464//1920
f 2397//1922 2398//1446 2465//1446
f 2389//1923 2455//1923 2462//1924
f 2389//1923 2390//1921 2464//1920
f 2396//1429 2397//1922 2463//1922
f 2404//1925 2462//1924 2460//1927
f 2395//1929 2396//1429 2461//1926
f 2402//1930 2403//1928 2460//1927
f 2395//1929 2459//1929 2457//1932
f 2401//1437 2402//1930 2458//1931
f 2394//1433 2457//1932 2454//1933
f 2401//1437 2456//1437 2453//1916
f 2437//1893 2440//1414 2469//1460
f 2441//1895 2470//1463 2483//1458
f 2442//1899 2471//1936 2469//1460
f 2443//1424 2472//1938 2470//1463
f 2442//1899 2444//1902 2473//1935
f 2443//1424 2445//1903 2474//1937
f 2444//1902 2446//1901 2475//1939
f 2445//1903 2447//1908 2476//1450
f 2448//1904 2477//1940 2484//1452
f 2446//1901 2439//1905 2484//1452
f 2449//1910 2478//1942 2476//1450
f 2450//1403 2479//1943 2477//1940
f 2449//1910 2451//1913 2480//1941
f 2452//1912 2481//1455 2479//1943
f 2437//1893 2482//1934 2480//1941
f 2452//1912 2438//1417 2483//1458
f 2595//1477 2582//1485 2500//1481
f 2583//1487 2493//1945 2492//1488
f 2596//1489 2584//1493 2486//1490
f 2582//1485 2596//1489 2485//1944
f 2585//1491 2494//1494 2493//1945
f 2586//1354 2487//1353 2486//1490
f 2587//1466 2495//1468 2494//1494
f 2586//1354 2588//1352 2488//1470
f 2589//1474 2496//1467 2495//1468
f 2588//1352 2590//1469 2489//1476
f 2591//1471 2497//1473 2496//1467
f 2590//1469 2592//1475 2490//1480
f 2593//1478 2498//1472 2497//1473
f 2592//1475 2594//1479 2491//1484
f 2593//1478 2595//1477 2499//1482
f 2580//1535 2566//1973 2508//1946
f 2539//1947 2507//1530 2532//1538
f 2565//1949 2504//1523 2529//1950
f 2562//1534 2535//1974 2503//1952
f 2580//1535 2531//1536 2527//1544
f 2564//1948 2532//1538 2528//1547
f 2577//1953 2579//1951 2529//1950
f 2558//1542 2562//1534 2530//1533
f 2576//1543 2578//1549 2527//1544
f 2560//1550 2528//1547 2524//1548
f 2577//1953 2525//1540 2521//1551
f 2554//1554 2558//1542 2526//1541
f 2576//1543 2523//1545 2519//1955
f 2556//1954 2524//1548 2520//1556
f 2573//1958 2575//1552 2521//1551
f 2550//1959 2554//1554 2522//1553
f 2574//1956 2519//1955 2515//1961
f 2552//1957 2520//1556 2516//1963
f 2571//1503 2573//1958 2517//1557
f 2544//1504 2550//1959 2518//1960
f 2570//1508 2572//1962 2515//1961
f 2548//1964 2516//1963 2510//1509
f 2569//1520 2567//1970 2514//1512
f 2538//1968 2545//1513 2513//1514
f 2571//1503 2511//1965 2514//1512
f 2545//1513 2544//1504 2512//1966
f 2570//1508 2509//1507 2501//1971
f 2542//1510 2510//1509 2502//1972
f 2569//1520 2505//1967 2508//1946
f 2539//1947 2538//1968 2506//1969
f 2565//1949 2568//1515 2501//1971
f 2534//1518 2502//1972 2503//1952
f 2504//1523 2501//1971 2533//1569
f 2536//1975 2533//1569 2534//1518
f 2508//1946 2505//1967 2537//1976
f 2537//1976 2538//1968 2539//1947
f 2501//1971 2509//1507 2541//1978
f 2541//1978 2542//1510 2534//1518
f 2511//1965 2543//1574 2546//1979
f 2546//1979 2543//1574 2544//1504
f 2514//1512 2546//1979 2537//1976
f 2546//1979 2545//1513 2538//1968
f 2509//1507 2515//1961 2547//1980
f 2541//1978 2547//1980 2548//1964
f 2517//1557 2549//1981 2543//1574
f 2549//1981 2550//1959 2544//1504
f 2519//1955 2551//1983 2547//1980
f 2547//1980 2551//1983 2552//1957
f 2517//1557 2521//1551 2553//1982
f 2553//1982 2554//1554 2550//1959
f 2519//1955 2523//1545 2555//1561
f 2551//1983 2555//1561 2556//1954
f 2525//1540 2557//1563 2553//1982
f 2557//1563 2558//1542 2554//1554
f 2523//1545 2527//1544 2559//1564
f 2559//1564 2560//1550 2556//1954
f 2529//1950 2561//1984 2557//1563
f 2557//1563 2561//1984 2562//1534
f 2527//1544 2531//1536 2563//1566
f 2559//1564 2563//1566 2564//1948
f 2504//1523 2536//1975 2561//1984
f 2536//1975 2535//1974 2562//1534
f 2508//1946 2540//1977 2563//1566
f 2563//1566 2540//1977 2539//1947
f 2412//1585 2568//1515 2565//1949
f 2420//1583 2569//1520 2566//1973
f 2413//1587 2570//1508 2568//1515
f 2405//1588 2406//1590 2571//1503
f 2420//1583 2405//1588 2567//1970
f 2413//1587 2414//1589 2572//1962
f 2406//1590 2407//1987 2573//1958
f 2414//1589 2415//1988 2574//1956
f 2408//1575 2575//1552 2573//1958
f 2416//1577 2576//1543 2574//1956
f 2408//1575 2409//1579 2577//1953
f 2417//1580 2578//1549 2576//1543
f 2409//1579 2410//1582 2579//1951
f 2418//1581 2580//1535 2578//1549
f 2410//1582 2411//1985 2565//1949
f 2418//1581 2419//1986 2566//1973
f 2532//1538 2507//1530 2595//1477
f 2503//1952 2594//1479 2592//1475
f 2528//1547 2532//1538 2593//1478
f 2526//1541 2530//1533 2592//1475
f 2524//1548 2528//1547 2591//1471
f 2526//1541 2590//1469 2588//1352
f 2524//1548 2589//1474 2587//1466
f 2522//1553 2588//1352 2586//1354
f 2516//1963 2520//1556 2587//1466
f 2512//1966 2518//1960 2586//1354
f 2510//1509 2516//1963 2585//1491
f 2513//1514 2596//1489 2582//1485
f 2512//1966 2584//1493 2596//1489
f 2502//1972 2510//1509 2583//1487
f 2506//1969 2582//1485 2595//1477
f 2503//1952 2502//1972 2581//1483
f 2611//37 2627//37 2628//436
f 2107//313 2106//313 2602//313
f 2114//313 2610//313 2611//313
f 2107//313 2603//313 2604//313
f 2116//313 2115//313 2611//313
f 2108//313 2604//313 2605//313
f 2101//313 2102//313 2598//313
f 2116//313 2612//313 2598//313
f 2110//313 2109//313 2605//313
f 2101//313 2597//313 2599//313
f 2111//313 2110//313 2606//313
f 2103//313 2599//313 2600//313
f 2112//313 2111//313 2607//313
f 2104//313 2600//313 2601//313
f 2112//313 2608//313 2609//313
f 2106//313 2105//313 2601//313
f 2212//1106 2199//1761 2292//1761
f 2604//440 2620//440 2621//116
f 2598//257 2614//257 2613//1989
f 2612//436 2628//436 2614//257
f 2605//116 2621//116 2622//441
f 2597//437 2613//1989 2615//254
f 2606//441 2622//441 2623//113
f 2599//254 2615//254 2616//438
f 2607//113 2623//113 2624//442
f 2600//438 2616//438 2617//188
f 2608//442 2624//442 2625//40
f 2601//188 2617//188 2618//439
f 2609//40 2625//40 2626//435
f 2602//439 2618//439 2619//185
f 2610//435 2626//435 2627//37
f 2603//185 2619//185 2620//440
f 2657//1742 2658//1740 2653//1057
f 2652//1743 2655//1744 2656//1059
f 2659//1091 2660//1739 2649//1049
f 2659//1091 2654//1741 2653//1057
f 2648//1747 2652//1743 2651//1738
f 2650//1745 2649//1049 2645//1076
f 2648//1747 2647//1052 2643//1735
f 2642//1748 2646//1749 2645//1076
f 2640//1750 2644//1746 2643//1735
f 2638//1077 2642//1748 2641//1734
f 2640//1750 2639//1733 2635//1070
f 2638//1077 2637//1074 2633//1732
f 2636//1753 2635//1070 2631//1731
f 2630//1752 2634//1990 2633//1732
f 2632//1751 2631//1731 2658//1740
f 2655//1744 2630//1752 2629//1063
f 2630//1752 2181//1711 2183//1709
f 2487//1353 2488//1470 2661//313
f 2488//1470 2489//1476 2664//313
f 2490//1480 2667//313 2664//313
f 2491//1484 2492//1488 2667//313
f 2486//1490 2661//313 2662//313
f 2661//313 2664//313 2665//313
f 2667//313 2668//313 2665//313
f 2492//1488 2493//1945 2668//313
f 2662//313 2663//313 2500//1481
f 2665//313 2666//313 2663//313
f 2665//313 2668//313 2669//313
f 2668//313 2493//1945 2494//1494
f 2663//313 2498//1472 2499//1482
f 2666//313 2497//1473 2498//1472
f 2666//313 2669//313 2496//1467
f 2669//313 2494//1494 2495//1468
f 2671//188 2673//439 3023//439
f 2673//439 2675//185 3024//185
f 2675//185 2677//440 3025//440
f 2677//440 2679//116 3026//116
f 2679//116 2681//441 3027//441
f 2681//441 2683//113 3028//113
f 2683//113 2685//442 3029//442
f 2685//442 2687//40 3030//40
f 2687//40 2689//435 3031//435
f 2689//435 2691//37 3032//37
f 2691//37 2693//436 3033//436
f 2693//436 2695//257 3034//257
f 2695//257 2697//437 3035//437
f 2697//437 2699//254 3036//254
f 2679//866 2677//1991 2705//1991
f 2699//254 2701//438 3037//438
f 2701//438 2671//188 3022//188
f 2698//254 3052//254 3051//437
f 2849//879 2846//2015 2725//881
f 2687//1993 2710//874 2711//859
f 2697//867 2715//867 2716//1995
f 2675//870 2673//854 2702//854
f 2685//1996 2683//1609 2708//1609
f 2693//848 2713//1611 2714//847
f 2679//866 2706//866 2707//1997
f 2689//1994 2711//859 2712//860
f 2701//863 2699//1995 2716//1995
f 2677//1991 2675//870 2704//869
f 2687//1993 2685//1996 2709//871
f 2697//867 2695//1613 2714//847
f 2671//1595 2703//1595 2702//854
f 2681//1997 2707//1997 2708//1609
f 2691//858 2712//860 2713//1611
f 2701//863 2717//863 2703//1595
f 2817//906 2814//2038 2743//1998
f 2847//850 2719//2001 2718//1999
f 2848//2000 2733//2000 2719//2001
f 2851//2002 2849//879 2726//1992
f 2850//1999 2718//1999 2720//886
f 2853//2004 2851//2002 2727//2003
f 2852//886 2720//886 2721//890
f 2855//2007 2853//2004 2728//2005
f 2854//2006 2721//890 2722//1599
f 2857//1616 2855//2007 2729//2008
f 2856//1597 2722//1599 2723//2009
f 2859//2011 2857//1616 2730//1616
f 2858//2010 2723//2009 2724//899
f 2859//2011 2731//2012 2732//2013
f 2846//2015 2860//899 2724//899
f 2861//2014 2732//2013 2733//2000
f 2767//2016 2764//2053 2765//2017
f 2815//877 2736//877 2737//2018
f 2817//906 2744//906 2745//2020
f 2818//2019 2737//2018 2738//2022
f 2821//1645 2819//2021 2745//2020
f 2820//2022 2738//2022 2739//2024
f 2823//2026 2821//1645 2746//2023
f 2822//2025 2739//2024 2740//2028
f 2825//918 2823//2026 2747//2027
f 2826//2030 2824//2028 2740//2028
f 2825//918 2748//2029 2749//2032
f 2828//2034 2826//2030 2741//2031
f 2816//2035 2735//2037 2734//2036
f 2827//2033 2749//2032 2735//2037
f 2814//2038 2828//2034 2742//2034
f 2815//877 2829//2036 2734//2036
f 2763//313 2762//313 3258//313
f 2772//2039 2771//904 2757//2040
f 2775//2042 2751//2044 2750//2043
f 2768//958 2765//2017 2751//2044
f 2778//1664 2772//2039 2758//2041
f 2776//937 2750//2043 2752//942
f 2782//940 2778//1664 2759//2045
f 2780//941 2752//942 2753//2046
f 2786//944 2782//940 2760//939
f 2784//945 2753//2046 2754//2048
f 2790//1652 2786//944 2761//2047
f 2788//1649 2754//2048 2755//2049
f 2794//1654 2790//1652 2762//1655
f 2796//902 2792//2050 2755//2049
f 2767//2016 2794//1654 2763//2051
f 2771//904 2796//902 2756//2052
f 2740//2054 2797//965 2770//2055
f 2797//965 2796//902 2771//904
f 2747//1681 2795//2058 2766//1682
f 2795//2058 2794//1654 2767//2016
f 2740//2054 2739//2061 2793//2059
f 2797//965 2793//2059 2792//2050
f 2746//2060 2791//970 2795//2058
f 2791//970 2790//1652 2794//1654
f 2739//2061 2738//1687 2789//968
f 2789//968 2788//1649 2792//2050
f 2746//2060 2745//1688 2787//2062
f 2787//2062 2786//944 2790//1652
f 2737//2063 2785//972 2789//968
f 2789//968 2785//972 2784//945
f 2745//1688 2744//2064 2783//982
f 2783//982 2782//940 2786//944
f 2736//979 2781//976 2785//972
f 2785//972 2781//976 2780//941
f 2744//2064 2743//2066 2779//988
f 2779//988 2778//1664 2782//940
f 2734//2065 2777//2069 2781//976
f 2781//976 2777//2069 2776//937
f 2743//2066 2742//2070 2773//986
f 2773//986 2772//2039 2778//1664
f 2735//2067 2749//2071 2769//2068
f 2774//984 2769//2068 2768//958
f 2735//2067 2774//984 2777//2069
f 2777//2069 2774//984 2775//2042
f 2741//2056 2770//2055 2773//986
f 2770//2055 2771//904 2772//2039
f 2749//2071 2748//2057 2766//1682
f 2769//2068 2766//1682 2767//2016
f 2844//2072 2842//2078 2813//2073
f 2841//2075 2811//2080 2798//992
f 2840//2077 2810//2081 2812//995
f 2842//2078 2845//1002 2812//995
f 2841//2075 2839//2083 2809//2079
f 2840//2077 2838//2084 2808//1010
f 2837//2082 2807//1003 2809//2079
f 2838//2084 2836//2086 2806//1690
f 2837//2082 2835//2088 2805//2085
f 2836//2086 2834//1696 2804//1695
f 2833//2087 2803//2090 2805//2085
f 2832//2089 2802//1017 2804//1695
f 2833//2087 2831//2092 2801//1020
f 2830//2091 2799//2093 2802//1017
f 2844//2072 2800//2074 2801//1020
f 2830//2091 2843//2076 2798//992
f 2813//1722 2829//1722 2815//2094
f 2811//1028 2828//1028 2814//1723
f 2812//1025 2810//1728 2827//1725
f 2813//1722 2812//1025 2816//1025
f 2811//1028 2809//1727 2826//1727
f 2810//1728 2808//1715 2825//2095
f 2807//2096 2824//2099 2826//1727
f 2806//2097 2823//2100 2825//2095
f 2807//2096 2805//2098 2822//2098
f 2804//1040 2821//1040 2823//2100
f 2803//1038 2820//1038 2822//2098
f 2802//2101 2819//2101 2821//1040
f 2803//1038 2801//2103 2818//2102
f 2802//2101 2799//1721 2817//1721
f 2801//2103 2800//2094 2815//2094
f 2798//1720 2814//1723 2817//1721
f 2884//2104 2879//2117 3305//1072
f 2881//1045 3307//1047 3280//2106
f 2888//1050 2884//2104 3278//2105
f 2890//1055 2886//1051 3280//2106
f 2892//1053 2888//1050 3282//2107
f 2890//1055 3284//1738 3288//2108
f 2892//1053 3286//1739 3290//2109
f 2894//1060 3288//2108 3292//2110
f 2896//1058 3290//2109 3294//1740
f 2902//1067 2898//2111 3292//2110
f 2900//2112 3294//1740 3298//1066
f 2906//2114 2902//1067 3296//1732
f 2883//1069 3309//2116 3302//1733
f 2904//2113 3298//1066 3309//2116
f 2879//2117 2906//2114 3300//2115
f 2908//1075 3302//1733 3307//1047
f 3308//1753 2845//1002 2842//2078
f 3306//2119 3303//2118 2842//2078
f 3304//2120 3301//1077 2841//2075
f 3308//1753 3299//1751 2840//2077
f 3301//1077 3297//2122 2839//2083
f 3299//1751 3295//2124 2838//2084
f 3293//2121 2837//2082 2839//2083
f 3291//2123 2836//2086 2838//2084
f 3293//2121 3289//2125 2835//2088
f 3287//1091 2834//1696 2836//2086
f 3289//2125 3285//1087 2833//2087
f 3281//2126 3306//2119 2844//2072
f 3304//2120 2843//2076 2830//2091
f 3287//1091 3283//2317 2832//2089
f 3285//1087 3281//2126 2831//2092
f 2846//2128 2939//1756 2937//1094
f 2859//1760 2861//1093 2938//2129
f 2860//1094 2937//1094 2935//1759
f 2859//1760 2936//1760 2934//1099
f 2858//2130 2935//1759 2933//1098
f 2857//1099 2934//1099 2932//1102
f 2854//1101 2856//1098 2933//1098
f 2855//1102 2932//1102 2930//1106
f 2852//2132 2854//1101 2931//1101
f 2853//2131 2930//1106 2928//1109
f 2852//2132 2929//1103 2927//2133
f 2851//1109 2928//1109 2926//1112
f 2848//2134 2847//1110 2940//1110
f 2847//1110 2850//1107 2927//2133
f 2939//1756 2846//2128 2849//1112
f 2728//2135 2727//2150 2875//1770
f 2720//1116 2876//1114 2863//2136
f 2729//2138 2728//2135 2862//2135
f 2721//2137 2863//2136 2865//1778
f 2730//1779 2729//2138 2864//1777
f 2723//1128 2722//1778 2865//1778
f 2730//1779 2866//2139 2868//2140
f 2724//2141 2723//1128 2867//1128
f 2732//1763 2731//1780 2868//2140
f 2724//2141 2869//2142 2871//2143
f 2733//2145 2732//1763 2870//1131
f 2725//2144 2871//2143 2873//1140
f 2719//1138 2877//1138 2874//2148
f 2719//1138 2733//2145 2872//2146
f 2727//2150 2726//2147 2873//1140
f 2718//2149 2874//2148 2876//1114
f 2910//2151 2923//2190 2878//2152
f 2878//2153 2879//2191 2884//2154
f 2924//2155 2880//1145 2887//2156
f 2887//2158 2880//1149 2881//1149
f 2912//1809 2910//2151 2885//1151
f 2885//1155 2884//2154 2888//1810
f 2913//2160 2911//2157 2887//2156
f 2887//2158 2886//2159 2890//2162
f 2914//1814 2912//1809 2889//1153
f 2889//1154 2888//1810 2892//1816
f 2913//2160 2891//2161 2895//2163
f 2895//2165 2891//1813 2890//2162
f 2914//1814 2893//1818 2897//1165
f 2897//1167 2893//1816 2892//1816
f 2915//2164 2895//2163 2899//2167
f 2899//2169 2895//2165 2894//2166
f 2916//1815 2897//1165 2901//2170
f 2901//2171 2897//1167 2896//1817
f 2919//2172 2917//2168 2899//2167
f 2899//2169 2898//1786 2902//2174
f 2920//2176 2918//2170 2901//2170
f 2901//2171 2900//2171 2904//2178
f 2921//2180 2919//2172 2903//2173
f 2903//2175 2902//2174 2906//2182
f 2925//2184 2882//2189 2909//1197
f 2909//2186 2882//2187 2883//2187
f 2925//2184 2920//2176 2905//2177
f 2905//2179 2904//2178 2883//2187
f 2921//2180 2907//2181 2878//2152
f 2878//2153 2907//2183 2906//2182
f 2922//2185 2909//1197 2880//1145
f 2880//1149 2909//2186 2908//2188
f 2876//1218 2874//2192 2922//2192
f 2873//1204 2921//1204 2923//2193
f 2877//1202 2872//2194 2920//2194
f 2874//2192 2877//1202 2925//1202
f 2871//2195 2919//2198 2921//1204
f 2872//2194 2870//2196 2918//2196
f 2869//2197 2917//2200 2919//2198
f 2868//1822 2916//1822 2918//2196
f 2869//2197 2867//1823 2915//2199
f 2866//1215 2914//1215 2916//1822
f 2867//1823 2865//1213 2913//1213
f 2864//1824 2912//1824 2914//1215
f 2865//1213 2863//2201 2911//2201
f 2862//1200 2910//1200 2912//1824
f 2863//2201 2876//1218 2924//1218
f 2875//2193 2923//2193 2910//1200
f 2955//1223 2939//1223 2926//1222
f 2943//1225 2956//1832 2940//1220
f 2957//1242 2941//2213 2940//1220
f 2944//1221 2942//1222 2926//1222
f 2945//2202 2943//1225 2927//1225
f 2946//2204 2944//1221 2928//1221
f 2947//1231 2945//2202 2929//2203
f 2948//2206 2946//2204 2930//2205
f 2947//1231 2931//1231 2933//1233
f 2948//2206 2932//2207 2934//1232
f 2951//2208 2949//1233 2933//1233
f 2952//2209 2950//1232 2934//1232
f 2951//2208 2935//1236 2937//2211
f 2954//2212 2952//2209 2936//2210
f 2953//2211 2937//2211 2939//1223
f 2954//2212 2938//1239 2941//2213
f 2970//1247 2954//1247 2957//1285
f 2971//1283 2969//1244 2953//1244
f 2970//1247 2968//1287 2952//1287
f 2967//1286 2951//1836 2953//1244
f 2968//1287 2966//1251 2950//1251
f 2965//1250 2949//1250 2951//1836
f 2966//1251 2964//1289 2948//1253
f 2963//1252 2947//1252 2949//1250
f 2964//1289 2962//1256 2946//1256
f 2961//1255 2945//1255 2947//1252
f 2962//1256 2960//1263 2944//1291
f 2959//1290 2943//1290 2945//1255
f 2958//1262 2942//1262 2944//1291
f 2973//1285 2957//1285 2956//1260
f 2972//1260 2956//1260 2943//1290
f 2958//1262 2971//1283 2955//1283
f 2996//1267 2991//1269 2971//1269
f 2998//1270 2993//1264 2972//1264
f 2995//1265 2973//2216 2972//1264
f 3000//1266 2996//1267 2958//1267
f 3002//1272 2998//1270 2959//2214
f 3000//1266 2960//1266 2962//1271
f 3006//1274 3002//1272 2961//1272
f 3004//1271 2962//1271 2964//1273
f 3006//1274 2963//1274 2965//1276
f 3008//1273 2964//1273 2966//1275
f 3010//1276 2965//1276 2967//1278
f 3016//1277 3012//1275 2966//1275
f 3018//1839 3014//1278 2967//1278
f 3020//2215 3016//1277 2968//1838
f 3018//1839 2969//1839 2971//1269
f 3020//2215 2970//2215 2973//2216
f 2716//1247 2986//1247 2989//1246
f 2709//1283 2708//1244 2985//1244
f 2716//1247 2715//1287 2984//1249
f 2707//1286 2983//1248 2985//1244
f 2715//1287 2714//1251 2982//1251
f 2706//1250 2981//1250 2983//1248
f 2714//1251 2713//1289 2980//1257
f 2705//1252 2979//1254 2981//1250
f 2713//1289 2712//1256 2978//1256
f 2704//1255 2977//1255 2979//1254
f 2712//1256 2711//1263 2976//1259
f 2702//1290 2975//1258 2977//1255
f 2711//1263 2710//1262 2974//1262
f 2717//1285 2989//1246 2988//1260
f 2703//1260 2988//1260 2975//1258
f 2710//1262 2709//1283 2987//1245
f 2989//1298 2986//2217 3021//2217
f 2994//1301 3021//2220 3020//1300
f 2985//1850 3019//1850 2990//1292
f 3019//1295 3018//2221 2991//1294
f 2984//1305 3017//1305 3021//2217
f 3017//1306 3016//2222 3020//1300
f 2985//1850 2983//1851 3015//1302
f 3019//1295 3015//1303 3014//1303
f 2984//1305 2982//1311 3013//1311
f 3013//1313 3012//1313 3016//2222
f 2981//1308 3011//1308 3015//1302
f 3015//1303 3011//1309 3010//1309
f 2980//1843 3009//1843 3013//1311
f 3009//1317 3008//1317 3012//1313
f 2981//1308 2979//1845 3007//1845
f 3011//1309 3007//1315 3006//1315
f 2978//1320 3005//1320 3009//1843
f 3009//1317 3005//1321 3004//1321
f 2979//1845 2977//1318 3003//1318
f 3003//1319 3002//1319 3006//1315
f 2976//2223 3001//2223 3005//1320
f 3005//1321 3001//1325 3000//1325
f 2977//1318 2975//1847 2999//1847
f 2999//1323 2998//1323 3002//1319
f 2974//1328 2997//1328 3001//2223
f 2997//1329 2996//1329 3000//1325
f 2989//1298 2994//1298 2992//1326
f 2992//1327 2994//1301 2995//2218
f 2975//1847 2988//1326 2992//1326
f 2999//1323 2992//1327 2993//1327
f 2974//1328 2987//2219 2990//1292
f 2990//1294 2991//1294 2996//1329
f 2672//2224 2670//1338 3022//1338
f 2672//2224 3023//1339 3024//1340
f 2676//1342 2674//1340 3024//1340
f 2678//1343 2676//1342 3025//1342
f 2680//1344 2678//1343 3026//1343
f 2680//1344 3027//1344 3028//1345
f 2684//1346 2682//1345 3028//1345
f 2686//1331 2684//1346 3029//1346
f 2686//1331 3030//1331 3031//1853
f 2688//1853 3031//1853 3032//1332
f 2692//1854 2690//1332 3032//1332
f 2692//1854 3033//1333 3034//1334
f 2696//1335 2694//1334 3034//1334
f 2696//1335 3035//1335 3036//1336
f 2700//1337 2698//1336 3036//1336
f 2700//1337 3037//1337 3022//1338
f 3071//2225 3070//2226 3066//2226
f 2684//442 3045//442 3044//113
f 2700//438 3053//438 3052//254
f 2686//40 3046//40 3045//442
f 2672//439 3039//439 3038//188
f 2670//188 3038//188 3053//438
f 2688//435 3047//435 3046//40
f 2674//185 3040//185 3039//439
f 2690//37 3048//37 3047//435
f 2676//440 3041//440 3040//185
f 2692//436 3049//436 3048//37
f 2678//116 3042//116 3041//440
f 2694//257 3050//257 3049//436
f 2680//441 3043//441 3042//116
f 2696//437 3051//437 3050//257
f 2682//113 3044//113 3043//441
f 3230//1474 3141//1467 3140//1468
f 3072//2227 3059//2227 3058//1868
f 3070//2226 3074//2231 3067//2229
f 3072//2227 3075//2234 3060//2230
f 3074//2231 3076//2236 3068//2232
f 3077//2233 3061//2238 3060//2230
f 3078//2235 3069//2241 3068//2232
f 3077//2233 3079//2237 3062//2237
f 3080//2239 3055//2239 3054//2240
f 3081//2240 3054//2240 3069//2241
f 3079//2237 3082//2243 3063//2242
f 3080//2239 3083//1371 3056//1374
f 3082//2243 3084//1369 3064//1372
f 3085//2244 3057//1348 3056//1374
f 3071//2225 3065//1373 3064//1372
f 3073//2228 3058//1868 3057//1348
f 3130//1889 3132//1885 3073//1884
f 3131//2245 3071//2245 3084//1380
f 3128//1379 3130//1889 3085//1889
f 3129//1380 3084//1380 3082//1891
f 3126//2246 3128//1379 3083//1379
f 3127//1891 3082//1891 3079//2247
f 3133//2248 3081//2248 3078//2249
f 3133//2248 3126//2246 3080//2246
f 3123//2250 3125//2247 3079//2247
f 3124//2249 3078//2249 3076//1389
f 3121//1388 3123//2250 3077//1881
f 3120//1391 3122//1389 3076//1389
f 3121//1388 3075//1388 3072//1882
f 3120//1391 3074//1391 3070//1886
f 3119//2251 3072//1882 3073//1884
f 3131//2245 3118//1886 3070//1886
f 3105//1397 3089//1905 3086//1422
f 3103//1394 3106//2255 3090//2253
f 3107//2254 3091//2257 3089//1905
f 3106//2255 3108//2258 3092//2256
f 3109//1407 3093//1403 3091//2257
f 3110//1894 3094//2260 3092//2256
f 3109//1407 3111//2263 3095//2259
f 3112//1412 3096//2265 3094//2260
f 3104//1410 3113//1897 3097//2261
f 3111//2263 3104//1410 3088//2262
f 3114//2264 3098//1899 3096//2265
f 3113//1897 3115//2267 3099//1424
f 3116//2266 3100//1423 3098//1899
f 3115//2267 3117//2269 3101//2268
f 3102//2252 3086//1422 3100//1423
f 3117//2269 3103//1394 3087//1908
f 3042//1922 3103//1922 3117//1429
f 3048//1432 3049//1427 3102//1427
f 3041//1429 3117//1429 3115//2271
f 3047//1931 3048//1432 3116//2270
f 3040//1428 3115//2271 3113//1433
f 3046//2272 3047//1931 3114//1931
f 3038//1436 3104//1933 3111//1440
f 3038//1436 3039//1433 3113//1433
f 3045//1916 3046//2272 3112//2272
f 3053//2273 3111//1440 3109//2275
f 3044//2276 3045//1916 3110//2274
f 3051//2277 3052//2275 3109//2275
f 3044//2276 3108//2276 3106//2278
f 3050//1923 3051//2277 3107//1448
f 3043//1446 3106//2278 3103//1922
f 3050//1923 3105//1923 3102//1427
f 3086//1422 3089//1905 3118//2279
f 3090//2253 3119//1942 3132//1450
f 3091//2257 3120//2281 3118//2279
f 3092//2256 3121//1457 3119//1942
f 3091//2257 3093//1403 3122//2280
f 3092//2256 3094//2260 3123//1934
f 3093//1403 3095//2259 3124//2282
f 3094//2260 3096//2265 3125//2283
f 3097//2261 3126//2284 3133//1458
f 3095//2259 3088//2262 3133//1458
f 3098//1899 3127//1459 3125//2283
f 3099//1424 3128//2285 3126//2284
f 3098//1899 3100//1423 3129//1464
f 3101//2268 3130//1937 3128//2285
f 3086//1422 3131//1465 3129//1464
f 3101//2268 3087//1908 3132//1450
f 3231//1352 3149//1470 3148//1353
f 3232//1471 3142//2287 3141//1467
f 3245//1469 3233//1475 3135//1480
f 3245//1469 3134//2286 3149//1470
f 3234//1478 3143//1472 3142//2287
f 3233//1475 3235//1479 3136//1484
f 3236//1477 3144//1482 3143//1472
f 3235//1479 3237//1483 3137//1488
f 3238//1485 3145//1481 3144//1482
f 3237//1483 3239//1487 3138//1945
f 3240//1489 3146//1944 3145//1481
f 3239//1487 3241//1491 3139//1494
f 3242//1493 3147//1490 3146//1944
f 3241//1491 3243//1466 3140//1468
f 3242//1493 3244//1354 3148//1353
f 3229//1503 3215//1501 3157//2288
f 3188//1558 3156//1960 3181//1966
f 3214//1555 3153//1955 3178//2290
f 3211//1964 3184//1498 3152//2291
f 3229//1503 3180//1965 3176//1512
f 3213//2289 3181//1966 3177//1514
f 3226//2292 3228//1495 3178//2290
f 3207//1510 3211//1964 3179//1963
f 3225//1520 3227//1970 3176//1512
f 3209//1513 3177//1514 3173//1969
f 3226//2292 3174//1507 3170//1971
f 3203//1518 3207//1510 3175//1509
f 3225//1520 3172//1967 3168//1528
f 3205//1521 3173//1969 3169//1530
f 3222//2295 3224//1515 3170//1971
f 3199//2296 3203//1518 3171//1972
f 3223//2293 3168//1528 3164//2297
f 3201//2294 3169//1530 3165//2298
f 3220//1951 3222//2295 3166//1523
f 3193//1534 3199//2296 3167//1525
f 3219//2301 3221//1535 3164//2297
f 3197//1537 3165//2298 3159//1547
f 3218//1552 3216//1539 3163//1540
f 3187//2303 3194//1542 3162//1541
f 3220//1951 3160//2299 3163//1540
f 3194//1542 3193//1534 3161//2300
f 3219//2301 3158//1544 3150//2305
f 3191//1550 3159//1547 3151//2306
f 3218//1552 3154//2302 3157//2288
f 3188//1558 3187//2303 3155//2304
f 3214//1555 3217//1543 3150//2305
f 3183//1954 3151//2306 3152//2291
f 3153//1955 3150//2305 3182//1561
f 3185//1562 3182//1561 3183//1954
f 3157//2288 3154//2302 3186//1559
f 3186//1559 3187//2303 3188//1558
f 3150//2305 3158//1544 3190//2307
f 3190//2307 3191//1550 3183//1954
f 3160//2299 3192//1984 3195//2308
f 3195//2308 3192//1984 3193//1534
f 3163//1540 3195//2308 3186//1559
f 3195//2308 3194//1542 3187//2303
f 3158//1544 3164//2297 3196//2309
f 3190//2307 3196//2309 3197//1537
f 3166//1523 3198//1570 3192//1984
f 3198//1570 3199//2296 3193//1534
f 3168//1528 3200//1567 3196//2309
f 3196//2309 3200//1567 3201//2294
f 3166//1523 3170//1971 3202//2310
f 3202//2310 3203//1518 3199//2296
f 3168//1528 3172//1967 3204//1976
f 3200//1567 3204//1976 3205//1521
f 3174//1507 3206//1978 3202//2310
f 3206//1978 3207//1510 3203//1518
f 3172//1967 3176//1512 3208//1979
f 3208//1979 3209//1513 3205//1521
f 3178//2290 3210//1573 3206//1978
f 3206//1978 3210//1573 3211//1964
f 3176//1512 3180//1965 3212//1574
f 3208//1979 3212//1574 3213//2289
f 3153//1955 3185//1562 3210//1573
f 3185//1562 3184//1498 3211//1964
f 3157//2288 3189//1560 3212//1574
f 3212//1574 3189//1560 3188//1558
f 3061//1577 3217//1543 3214//1555
f 3069//1575 3218//1552 3215//1501
f 3062//1580 3219//2301 3217//1543
f 3054//1579 3055//1582 3220//1951
f 3069//1575 3054//1579 3216//1539
f 3063//1581 3221//1535 3219//2301
f 3055//1582 3056//2313 3222//2295
f 3063//1581 3064//2314 3223//2293
f 3057//1585 3224//1515 3222//2295
f 3065//1583 3225//1520 3223//2293
f 3057//1585 3058//1587 3226//2292
f 3066//1588 3227//1970 3225//1520
f 3058//1587 3059//1589 3228//1495
f 3067//1590 3229//1503 3227//1970
f 3059//1589 3060//2311 3214//1555
f 3067//1590 3068//2312 3215//1501
f 3181//1966 3156//1960 3244//1354
f 3152//2291 3243//1466 3241//1491
f 3177//1514 3181//1966 3242//1493
f 3175//1509 3179//1963 3241//1491
f 3173//1969 3177//1514 3240//1489
f 3175//1509 3239//1487 3237//1483
f 3173//1969 3238//1485 3236//1477
f 3171//1972 3237//1483 3235//1479
f 3165//2298 3169//1530 3236//1477
f 3161//2300 3167//1525 3235//1479
f 3159//1547 3165//2298 3234//1478
f 3155//2304 3162//1541 3245//1469
f 3161//2300 3233//1475 3245//1469
f 3159//1547 3232//1471 3230//1474
f 3155//2304 3231//1352 3244//1354
f 3152//2291 3151//2306 3230//1474
f 3260//254 3276//254 3277//438
f 2756//313 2755//313 3251//313
f 2763//313 3259//313 3260//313
f 2756//313 3252//313 3253//313
f 2765//313 2764//313 3260//313
f 2757//313 3253//313 3254//313
f 2750//313 2751//313 3247//313
f 2765//313 3261//313 3247//313
f 2759//313 2758//313 3254//313
f 2750//313 3246//313 3248//313
f 2760//313 2759//313 3255//313
f 2752//313 3248//313 3249//313
f 2761//313 2760//313 3256//313
f 2753//313 3249//313 3250//313
f 2761//313 3257//313 3258//313
f 2755//313 2754//313 3250//313
f 2848//2134 2941//2134 2938//2129
f 3253//442 3269//442 3270//40
f 3247//188 3263//188 3262//2316
f 3261//2315 3277//438 3263//188
f 3254//40 3270//40 3271//435
f 3246//439 3262//2316 3264//185
f 3255//435 3271//435 3272//37
f 3248//185 3264//185 3265//440
f 3256//37 3272//37 3273//436
f 3249//440 3265//440 3266//116
f 3257//436 3273//436 3274//257
f 3250//116 3266//116 3267//441
f 3258//257 3274//257 3275//1989
f 3251//441 3267//441 3268//113
f 3259//437 3275//1989 3276//254
f 3252//113 3268//113 3269//442
f 3306//2119 3307//1047 3302//1733
f 3304//2120 3305//1072 3300//2115
f 3308//1753 3309//2116 3298//1066
f 3308//1753 3303//2118 3302//1733
f 3297//2122 3301//1077 3300//2115
f 3295//2124 3299//1751 3298//1066
f 3297//2122 3296//1732 3292//2110
f 3291//2123 3295//2124 3294//1740
f 3289//2125 3293//2121 3292//2110
f 3287//1091 3291//2123 3290//2109
f 3289//2125 3288//2108 3284//1738
f 3287//1091 3286//1739 3282//2107
f 3285//1087 3284//1738 3280//2106
f 3279//2127 3283//2317 3282//2107
f 3281//2126 3280//2106 3307//1047
f 3304//2120 3279//2127 3278//2105
f 3279//2127 2830//2091 2832//2089
f 3136//1484 3137//1488 3310//313
f 3137//1488 3138//1945 3313//313
f 3139//1494 3316//313 3313//313
f 3140//1468 3141//1467 3316//313
f 3135//1480 3310//313 3311//313
f 3310//313 3313//313 3314//313
f 3316//313 3317//313 3314//313
f 3141//1467 3142//2287 3317//313
f 3311//313 3312//313 3149//1470
f 3314//313 3315//313 3312//313
f 3314//313 3317//313 3318//313
f 3317//313 3142//2287 3143//1472
f 3312//313 3147//1490 3148//1353
f 3315//313 3146//1944 3147//1490
f 3315//313 3318//313 3145//1481
f 3318//313 3143//1472 3144//1482
f 3320//116 3322//441 3672//441
f 3322//441 3324//113 3673//113
f 3324//113 3326//442 3674//442
f 3326//442 3328//40 3675//40
f 3328//40 3330//435 3676//435
f 3330//435 3332//37 3677//37
f 3332//37 3334//436 3678//436
f 3334//436 3336//257 3679//257
f 3336//257 3338//437 3680//437
f 3338//437 3340//254 3681//254
f 3340//254 3342//438 3682//438
f 3342//438 3344//188 3683//188
f 3344//188 3346//439 3684//439
f 3346//439 3348//185 3685//185
f 3328//1993 3326//1996 3354//871
f 3348//185 3350//440 3686//440
f 3350//440 3320//116 3671//116
f 3347//654 3701//185 3700//439
f 3498//2318 3495//2334 3374//2319
f 3336//847 3359//849 3360//867
f 3348//2320 3346//854 3364//2321
f 3324//1610 3322//856 3351//856
f 3334//872 3332//860 3357//860
f 3344//1595 3342//863 3362//863
f 3328//1993 3355//874 3356//859
f 3338//868 3360//867 3361//862
f 3348//2320 3365//2322 3366//864
f 3326//1996 3324//1610 3353//1609
f 3336//847 3334//872 3358//848
f 3346//854 3344//1595 3363//1595
f 3320//1612 3352//1612 3351//856
f 3330//1994 3356//859 3357//860
f 3340//1604 3361//862 3362//863
f 3320//1612 3350//864 3366//864
f 3463//2323 3392//915 3393//2324
f 3496//893 3368//893 3367//2010
f 3497//2326 3382//889 3368//893
f 3500//894 3498//2318 3375//891
f 3499//2325 3367//2010 3369//899
f 3502//1621 3500//894 3376//895
f 3501//899 3369//899 3370//881
f 3502//1621 3377//1621 3378//2000
f 3503//2327 3370//881 3371//2329
f 3504//2328 3378//2000 3379//2330
f 3507//2002 3505//879 3371//2329
f 3508//2332 3506//850 3379//2330
f 3509//2333 3507//2002 3372//2331
f 3510//886 3508//2332 3380//2332
f 3495//2334 3509//2333 3373//2333
f 3510//886 3381//886 3382//889
f 3416//941 3413//942 3414//2335
f 3467//2336 3464//1614 3385//1614
f 3466//2029 3393//2324 3394//2337
f 3469//2338 3467//2336 3386//2030
f 3470//2340 3468//2337 3394//2337
f 3469//2338 3387//2339 3388//2341
f 3470//2340 3395//2035 3396//2342
f 3471//2341 3388//2341 3389//2344
f 3474//2345 3472//2343 3396//2342
f 3475//2347 3473//1639 3389//2344
f 3474//2345 3397//2346 3398//2348
f 3477//910 3475//2347 3390//907
f 3465//2350 3384//2352 3383//2024
f 3465//2350 3476//2349 3398//2348
f 3477//910 3391//911 3392//915
f 3464//1614 3478//2351 3383//2024
f 3412//313 3411//313 3907//313
f 3421//948 3420//2363 3406//2353
f 3424//949 3400//950 3399//2355
f 3417//945 3414//2335 3400//950
f 3427//1654 3421//948 3407//2354
f 3425//953 3399//2355 3401//1658
f 3431//955 3427//1654 3408//2356
f 3429//902 3401//1658 3402//2357
f 3435//958 3431//955 3409//1657
f 3433//904 3402//2357 3403//2041
f 3439//2042 3435//958 3410//2358
f 3437//2039 3403//2041 3404//2360
f 3443//937 3439//2042 3411//2359
f 3445//940 3441//2361 3404//2360
f 3416//941 3443//937 3412//2362
f 3445//940 3405//939 3406//2353
f 3389//977 3446//2366 3419//2364
f 3446//2366 3445//940 3420//2363
f 3397//979 3396//2369 3444//2367
f 3444//2367 3443//937 3416//941
f 3389//977 3388//2370 3442//2368
f 3446//2366 3442//2368 3441//2361
f 3396//2369 3395//2371 3440//984
f 3440//984 3439//2042 3443//937
f 3388//2370 3387//2373 3438//986
f 3438//986 3437//2039 3441//2361
f 3395//2371 3394//2071 3436//2372
f 3436//2372 3435//958 3439//2042
f 3386//2056 3434//2374 3438//986
f 3438//986 3434//2374 3433//904
f 3394//2071 3393//959 3432//1682
f 3432//1682 3431//955 3435//958
f 3385//963 3430//1678 3434//2374
f 3434//2374 3430//1678 3429//902
f 3393//959 3392//2377 3428//2375
f 3428//2375 3427//1654 3431//955
f 3383//2376 3426//964 3430//1678
f 3430//1678 3426//964 3425//953
f 3392//2377 3391//2379 3422//970
f 3422//970 3421//948 3427//1654
f 3398//2378 3418//972 3423//968
f 3423//968 3418//972 3417//945
f 3384//971 3423//968 3426//964
f 3426//964 3423//968 3424//949
f 3390//2365 3419//2364 3422//970
f 3422//970 3419//2364 3420//2363
f 3397//979 3415//976 3418//972
f 3418//972 3415//976 3416//941
f 3493//2380 3491//2385 3462//1008
f 3492//2382 3490//1696 3460//1695
f 3489//2384 3459//2387 3461//1012
f 3491//2385 3494//1016 3461//1012
f 3488//2386 3458//1017 3460//1695
f 3489//2384 3487//2390 3457//1706
f 3486//2388 3456//1699 3458//1017
f 3485//2389 3455//2073 3457//1706
f 3486//2388 3484//2076 3454//2391
f 3485//2389 3483//1002 3453//995
f 3482//2075 3452//2080 3454//2391
f 3481//2392 3451//1006 3453//995
f 3482//2075 3480//2083 3450//1712
f 3479//2393 3448//2394 3451//1006
f 3493//2380 3449//2381 3450//1712
f 3479//2393 3492//2382 3447//2383
f 3462//2098 3478//2396 3464//1035
f 3460//1040 3477//1040 3463//2100
f 3461//1038 3459//2103 3476//2102
f 3462//2098 3461//1038 3465//1038
f 3460//1040 3458//2101 3475//2101
f 3459//2103 3457//1043 3474//2397
f 3456//2398 3473//2398 3475//2101
f 3455//1027 3472//1026 3474//2397
f 3456//2398 3454//1023 3471//1023
f 3453//1025 3470//1025 3472//1026
f 3452//1028 3469//1028 3471//1023
f 3451//2399 3468//1030 3470//1025
f 3452//1028 3450//1031 3467//1029
f 3451//2399 3448//2400 3466//2400
f 3450//1031 3449//1035 3464//1035
f 3447//2395 3463//2100 3466//2400
f 3533//1730 3528//1058 3954//2109
f 3530//1729 3956//1063 3929//1068
f 3537//1065 3533//1730 3927//1740
f 3539//2114 3535//1067 3929//1068
f 3541//2401 3537//1065 3931//1066
f 3539//2114 3933//2115 3937//1072
f 3541//2401 3935//2116 3939//1046
f 3543//1073 3937//1072 3941//2402
f 3545//1075 3939//1046 3943//1047
f 3551//1050 3547//2403 3941//2402
f 3553//1051 3549//2404 3943//1047
f 3555//1053 3551//1050 3945//2107
f 3532//1055 3958//1056 3951//2108
f 3532//1055 3553//1051 3947//2106
f 3555//1053 3949//1054 3954//2109
f 3557//1060 3951//2108 3956//1063
f 3957//1087 3494//1016 3491//2385
f 3955//2406 3952//2405 3491//2385
f 3950//2407 3490//1696 3492//2382
f 3957//1087 3948//2409 3489//2384
f 3950//2407 3946//2411 3488//2386
f 3948//2409 3944//2413 3487//2390
f 3942//2410 3486//2388 3488//2386
f 3940//2412 3485//2389 3487//2390
f 3942//2410 3938//2120 3484//2076
f 3936//1753 3483//1002 3485//2389
f 3938//2120 3934//1077 3482//2075
f 3930//2414 3955//2406 3493//2380
f 3953//2408 3492//2382 3479//2393
f 3936//1753 3932//2553 3481//2392
f 3934//1077 3930//2414 3480//2083
f 3495//2416 3588//1102 3586//1106
f 3510//1103 3587//1103 3585//2133
f 3509//1106 3586//1106 3584//1109
f 3506//1110 3508//2133 3585//2133
f 3507//2417 3584//1109 3582//1112
f 3506//1110 3583//1110 3581//2134
f 3505//1112 3582//1112 3580//1756
f 3504//1113 3581//2134 3579//1093
f 3501//2419 3503//1756 3580//1756
f 3502//2418 3579//1093 3577//1096
f 3501//2419 3578//1094 3576//1095
f 3500//1096 3577//1096 3575//1099
f 3497//1100 3496//1098 3589//1098
f 3496//1098 3499//1759 3576//1095
f 3495//2416 3498//1099 3575//1099
f 3377//1763 3376//2420 3524//2420
f 3369//1132 3525//2438 3512//2143
f 3378//2422 3377//1763 3511//1763
f 3370//2421 3512//2143 3514//2424
f 3379//2425 3378//2422 3513//2423
f 3371//2424 3514//2424 3516//2426
f 3379//2425 3515//2425 3517//2427
f 3372//2426 3516//2426 3518//2428
f 3380//2427 3517//2427 3519//2430
f 3373//2429 3518//2428 3520//2431
f 3382//2433 3381//2430 3519//2430
f 3374//2432 3520//2431 3522//1122
f 3368//2435 3526//2435 3523//2436
f 3368//2435 3382//2433 3521//2434
f 3376//2420 3375//1123 3522//1122
f 3367//2437 3523//2436 3525//2438
f 3559//1173 3572//1165 3527//2439
f 3527//1167 3528//1167 3533//1820
f 3573//1783 3529//2461 3536//2442
f 3536//2443 3529//2462 3530//1786
f 3561//2176 3559//1173 3534//2440
f 3534//2441 3533//1820 3537//1181
f 3562//2445 3560//1184 3536//2442
f 3536//2443 3535//2444 3539//2446
f 3563//2184 3561//2176 3538//2177
f 3538//2179 3537//1181 3541//2187
f 3562//2445 3540//2445 3544//1191
f 3544//1801 3540//2447 3539//2446
f 3563//2184 3542//2189 3546//1197
f 3546//1148 3542//2187 3541//2187
f 3564//2448 3544//1191 3548//2450
f 3548//2452 3544//1801 3543//1195
f 3565//2185 3546//1197 3550//2454
f 3550//2455 3546//1148 3545//2449
f 3568//2456 3566//2451 3548//2450
f 3548//2452 3547//2453 3551//2457
f 3569//1156 3567//2454 3550//2454
f 3550//2455 3549//2455 3553//1158
f 3570//2458 3568//2456 3552//1153
f 3552//1154 3551//2457 3555//1816
f 3574//1162 3531//1163 3558//1169
f 3558//1171 3531//2460 3532//1164
f 3574//1162 3569//1156 3554//1157
f 3554//1159 3553//1158 3532//1164
f 3570//2458 3556//2459 3527//2439
f 3527//1167 3556//1161 3555//1816
f 3571//1170 3558//1169 3529//2461
f 3529//2462 3558//1171 3557//1172
f 3525//1830 3523//1210 3571//1210
f 3522//1215 3570//1215 3572//1214
f 3526//1213 3521//1216 3569//1216
f 3523//1210 3526//1213 3574//1213
f 3520//2463 3568//2466 3570//1215
f 3519//2464 3567//2464 3569//1216
f 3518//2465 3566//2465 3568//2466
f 3517//2192 3565//2192 3567//2464
f 3518//2465 3516//2193 3564//2467
f 3515//1202 3563//1202 3565//2192
f 3516//2193 3514//1204 3562//1204
f 3513//2194 3561//2194 3563//1202
f 3514//1204 3512//2195 3560//2195
f 3511//1821 3559//1821 3561//2194
f 3512//2195 3525//1830 3573//1830
f 3524//1214 3572//1214 3559//1821
f 3604//2468 3588//1230 3575//1232
f 3592//1236 3605//1233 3589//1233
f 3606//1231 3590//1231 3589//1233
f 3593//1235 3591//1232 3575//1232
f 3594//1240 3592//1236 3576//1236
f 3595//1238 3593//1235 3577//1235
f 3594//1240 3578//1241 3580//1223
f 3595//1238 3579//1239 3581//1242
f 3596//1223 3580//1223 3582//1222
f 3597//1242 3581//1242 3583//1220
f 3600//2470 3598//2469 3582//1222
f 3601//1225 3599//1220 3583//1220
f 3602//1226 3600//2470 3584//1221
f 3603//1228 3601//1225 3585//2471
f 3602//1226 3586//1227 3588//1230
f 3603//1228 3587//1229 3590//1231
f 3619//1255 3603//1255 3606//1254
f 3620//1257 3618//1256 3602//1256
f 3619//1255 3617//1290 3601//1290
f 3616//1291 3600//1291 3602//1256
f 3617//1290 3615//1260 3599//1260
f 3614//1262 3598//1262 3600//1291
f 3615//1260 3613//1285 3597//1835
f 3612//1284 3596//1283 3598//1262
f 3613//1285 3611//1247 3595//1247
f 3610//1244 3594//1244 3596//1283
f 3611//1247 3609//1837 3593//1249
f 3608//1248 3592//1836 3594//1244
f 3609//1837 3607//1251 3591//1251
f 3622//1254 3606//1254 3605//1250
f 3621//1250 3605//1250 3592//1836
f 3607//1251 3620//1257 3604//1257
f 3645//1275 3640//1273 3620//1273
f 3647//1278 3642//1276 3621//1276
f 3644//1274 3622//2473 3621//1276
f 3649//1277 3645//1275 3607//1275
f 3651//1839 3647//1278 3608//1279
f 3649//1277 3609//1277 3611//1280
f 3655//1269 3651//1839 3610//1839
f 3653//1280 3611//1280 3613//2216
f 3655//1269 3612//1269 3614//1267
f 3657//1265 3613//2216 3615//1264
f 3659//1267 3614//1267 3616//1266
f 3665//1270 3661//1264 3615//1264
f 3667//1271 3663//1266 3616//1266
f 3669//2472 3665//1270 3617//2214
f 3667//1271 3618//1271 3620//1273
f 3669//2472 3619//2472 3622//2473
f 3365//1255 3635//1255 3638//1288
f 3357//1256 3634//1256 3636//1289
f 3365//1255 3364//1290 3633//1258
f 3356//1291 3632//1259 3634//1256
f 3364//1290 3363//1260 3631//1260
f 3355//1262 3630//1262 3632//1259
f 3363//1260 3362//1285 3629//1246
f 3354//1284 3628//1245 3630//1262
f 3362//1285 3361//1247 3627//1247
f 3353//1244 3626//1244 3628//1245
f 3361//1247 3360//1837 3625//1287
f 3351//1286 3624//1286 3626//1244
f 3360//1837 3359//1251 3623//1251
f 3366//1252 3638//1288 3637//1250
f 3352//1250 3637//1250 3624//1286
f 3359//1251 3358//1257 3636//1289
f 3638//1845 3635//2474 3670//2474
f 3643//1315 3670//2476 3669//1319
f 3634//1320 3668//1320 3639//1843
f 3668//1321 3667//2477 3640//1317
f 3633//1847 3666//1847 3670//2474
f 3666//1323 3665//2478 3669//1319
f 3634//1320 3632//2223 3664//1324
f 3668//1321 3664//1325 3663//1325
f 3633//1847 3631//1326 3662//1326
f 3662//1327 3661//1327 3665//2478
f 3630//1328 3660//1328 3664//1324
f 3664//1325 3660//1329 3659//1329
f 3629//1298 3658//1298 3662//1326
f 3658//1301 3657//1301 3661//1327
f 3630//1328 3628//2219 3656//2219
f 3660//1329 3656//1294 3655//1294
f 3627//1297 3654//1297 3658//1298
f 3658//1301 3654//1300 3653//1300
f 3628//2219 3626//1850 3652//1850
f 3652//1295 3651//1295 3655//1294
f 3625//1312 3650//1312 3654//1297
f 3654//1300 3650//1306 3649//1306
f 3626//1850 3624//1302 3648//1302
f 3648//1303 3647//1303 3651//1295
f 3623//1311 3646//1311 3650//1312
f 3646//1313 3645//1313 3649//1306
f 3638//1845 3643//1314 3641//1308
f 3641//1309 3643//1315 3644//2475
f 3624//1302 3637//1308 3641//1308
f 3648//1303 3641//1309 3642//1309
f 3623//1311 3636//1316 3639//1843
f 3639//1317 3640//1317 3645//1313
f 3321//2479 3319//1343 3671//1343
f 3321//2479 3672//2479 3673//1345
f 3325//1346 3323//1345 3673//1345
f 3327//1331 3325//1346 3674//1346
f 3327//1331 3675//1331 3676//1853
f 3329//1853 3676//1853 3677//1332
f 3333//1333 3331//1332 3677//1332
f 3335//1334 3333//1333 3678//1333
f 3335//1334 3679//1334 3680//1335
f 3337//1335 3680//1335 3681//1336
f 3341//2480 3339//1336 3681//1336
f 3341//2480 3682//1337 3683//1338
f 3345//1339 3343//1338 3683//1338
f 3345//1339 3684//1339 3685//1340
f 3349//1342 3347//1340 3685//1340
f 3319//1343 3349//1342 3686//1341
f 3720//2481 3719//2486 3715//2240
f 3333//436 3694//436 3693//37
f 3349//440 3702//440 3701//185
f 3335//257 3695//257 3694//436
f 3321//441 3688//441 3687//116
f 3319//116 3687//116 3702//440
f 3337//437 3696//437 3695//257
f 3323//113 3689//2483 3688//441
f 3339//254 3697//254 3696//437
f 3325//442 3690//442 3689//2483
f 3341//438 3698//438 3697//254
f 3327//40 3691//40 3690//442
f 3343//188 3699//188 3698//438
f 3329//435 3692//435 3691//40
f 3345//439 3700//439 3699//188
f 3331//37 3693//37 3692//435
f 3879//1485 3790//1481 3789//1482
f 3721//2484 3708//2242 3707//2237
f 3723//2485 3716//2239 3715//2240
f 3721//2484 3724//2490 3709//2487
f 3725//2488 3717//2492 3716//2239
f 3726//2489 3710//2493 3709//2487
f 3727//2491 3718//2495 3717//2492
f 3726//2489 3728//1356 3711//1356
f 3729//2494 3704//2494 3703//2228
f 3730//2228 3703//2228 3718//2495
f 3728//1356 3731//2231 3712//2496
f 3729//2494 3732//1876 3705//1879
f 3731//2231 3733//1874 3713//1878
f 3732//1876 3734//2498 3706//2497
f 3720//2481 3714//2482 3713//1878
f 3734//2498 3722//2237 3707//2237
f 3781//2247 3722//2247 3734//2499
f 3780//2249 3720//2249 3733//1389
f 3779//2499 3734//2499 3732//1388
f 3778//1389 3733//1389 3731//1391
f 3775//1390 3777//2500 3732//1388
f 3776//1391 3731//1391 3728//1376
f 3782//1393 3730//1393 3727//1378
f 3782//1393 3775//1390 3729//1390
f 3772//2502 3774//2501 3728//1376
f 3773//1378 3727//1378 3725//1379
f 3770//1380 3772//2502 3726//2245
f 3769//2246 3771//2503 3725//1379
f 3770//1380 3724//1380 3721//1891
f 3767//2248 3769//2246 3723//2246
f 3768//2504 3721//1891 3722//2247
f 3767//2248 3719//2248 3720//2249
f 3754//1410 3738//2262 3735//2505
f 3752//1412 3755//2508 3739//2506
f 3756//2507 3740//2509 3738//2262
f 3755//2508 3757//1898 3741//1902
f 3758//2267 3742//2511 3740//2509
f 3759//2252 3743//2512 3741//1902
f 3758//2267 3760//2514 3744//2510
f 3761//1397 3745//1399 3743//2512
f 3753//1394 3762//1400 3746//2513
f 3760//2514 3753//1394 3737//1401
f 3763//2515 3747//2257 3745//1399
f 3764//2516 3748//1913 3746//2513
f 3765//2517 3749//1403 3747//2257
f 3764//2516 3766//2518 3750//1893
f 3751//1406 3735//2505 3749//1403
f 3766//2518 3752//1412 3736//2265
f 3691//2272 3752//1437 3766//1916
f 3697//1919 3698//1440 3751//1440
f 3690//1916 3766//1916 3764//2520
f 3696//1448 3697//1919 3765//2519
f 3689//1915 3764//2520 3762//2521
f 3695//1426 3696//1448 3763//1448
f 3687//1449 3753//1449 3760//2523
f 3687//1449 3688//2522 3762//2521
f 3694//1427 3695//1426 3761//1426
f 3702//2524 3760//2523 3758//2526
f 3693//2528 3694//1427 3759//2525
f 3700//2529 3701//2527 3758//2526
f 3693//2528 3757//2528 3755//2530
f 3699//1933 3700//2529 3756//1433
f 3692//1931 3755//2530 3752//1437
f 3699//1933 3754//1933 3751//1440
f 3735//2505 3738//2262 3767//1458
f 3739//2506 3768//1459 3781//2283
f 3740//2509 3769//2284 3767//1458
f 3741//1902 3770//2531 3768//1459
f 3742//2511 3771//1938 3769//2284
f 3741//1902 3743//2512 3772//1465
f 3744//2510 3773//2533 3771//1938
f 3743//2512 3745//1399 3774//1452
f 3737//1401 3746//2513 3775//1942
f 3737//1401 3782//2532 3773//2533
f 3747//2257 3776//1453 3774//1452
f 3748//1913 3777//1941 3775//1942
f 3747//2257 3749//1403 3778//2280
f 3750//1893 3779//1934 3777//1941
f 3749//1403 3735//2505 3780//2282
f 3750//1893 3736//2265 3781//2283
f 3893//1479 3880//1483 3798//1488
f 3881//1489 3791//1486 3790//1481
f 3894//1487 3882//1491 3784//1494
f 3880//1483 3894//1487 3783//1492
f 3883//1493 3792//1490 3791//1486
f 3884//1466 3785//1468 3784//1494
f 3885//1354 3793//1353 3792//1490
f 3884//1466 3886//1474 3786//1467
f 3887//1352 3794//1470 3793//1353
f 3886//1474 3888//1471 3787//2287
f 3889//1469 3795//2286 3794//1470
f 3888//1471 3890//1478 3788//1472
f 3891//1475 3796//1480 3795//2286
f 3890//1478 3892//1477 3789//1482
f 3891//1475 3893//1479 3797//1484
f 3878//1951 3864//1949 3806//2534
f 3837//1974 3805//1525 3830//2300
f 3863//1973 3802//1528 3827//2536
f 3860//1537 3833//1947 3801//2537
f 3878//1951 3829//2299 3825//1540
f 3862//2535 3830//2300 3826//1541
f 3875//2301 3877//1535 3827//2536
f 3856//1550 3860//1537 3828//2298
f 3874//1552 3876//1539 3825//1540
f 3858//1542 3826//1541 3822//2304
f 3875//2301 3823//1544 3819//2538
f 3852//1954 3856//1550 3824//1547
f 3874//1552 3821//2302 3817//1557
f 3854//1554 3822//2304 3818//1960
f 3871//2541 3873//1543 3819//2538
f 3848//2542 3852//1954 3820//2306
f 3872//2539 3817//1557 3813//2543
f 3850//2540 3818//1960 3814//1506
f 3869//1495 3871//2541 3815//1955
f 3842//1964 3848//2542 3816//1556
f 3868//1970 3870//2544 3813//2543
f 3846//1504 3814//1506 3808//1514
f 3867//1515 3865//1508 3812//1507
f 3836//2545 3843//1510 3811//1509
f 3869//1495 3809//1497 3812//1507
f 3843//1510 3842//1964 3810//1499
f 3868//1970 3807//1512 3799//1519
f 3840//1513 3808//1514 3800//1522
f 3867//1515 3803//1516 3806//2534
f 3837//1974 3836//2545 3804//1517
f 3863//1973 3866//1520 3799//1519
f 3832//1521 3800//1522 3801//2537
f 3802//1528 3799//1519 3831//1976
f 3834//1977 3831//1976 3832//1521
f 3806//2534 3803//1516 3835//1569
f 3835//1569 3836//2545 3837//1974
f 3799//1519 3807//1512 3839//1571
f 3839//1571 3840//1513 3832//1521
f 3809//1497 3841//1573 3844//1572
f 3844//1572 3841//1573 3842//1964
f 3812//1507 3844//1572 3835//1569
f 3844//1572 3843//1510 3836//2545
f 3807//1512 3813//2543 3845//2546
f 3839//1571 3845//2546 3846//1504
f 3815//1955 3847//1983 3841//1573
f 3847//1983 3848//2542 3842//1964
f 3817//1557 3849//1981 3845//2546
f 3845//2546 3849//1981 3850//2540
f 3815//1955 3819//2538 3851//2547
f 3851//2547 3852//1954 3848//2542
f 3817//1557 3821//2302 3853//1559
f 3849//1981 3853//1559 3854//1554
f 3823//1544 3855//2307 3851//2547
f 3855//2307 3856//1550 3852//1954
f 3821//2302 3825//1540 3857//2308
f 3857//2308 3858//1542 3854//1554
f 3827//2536 3859//1566 3855//2307
f 3855//2307 3859//1566 3860//1537
f 3825//1540 3829//2299 3861//1984
f 3857//2308 3861//1984 3862//2535
f 3802//1528 3834//1977 3859//1566
f 3834//1977 3833//1947 3860//1537
f 3806//2534 3838//1975 3861//1984
f 3861//1984 3838//1975 3837//1974
f 3710//1583 3866//1520 3863//1973
f 3718//1585 3867//1515 3864//1949
f 3711//1588 3868//1970 3866//1520
f 3703//1587 3704//1589 3869//1495
f 3718//1585 3703//1587 3865//1508
f 3711//1588 3712//1590 3870//2544
f 3704//1589 3705//2550 3871//2541
f 3712//1590 3713//2551 3872//2539
f 3706//1577 3873//1543 3871//2541
f 3714//1575 3874//1552 3872//2539
f 3706//1577 3707//1580 3875//2301
f 3715//1579 3876//1539 3874//1552
f 3707//1580 3708//1581 3877//1535
f 3716//1582 3878//1951 3876//1539
f 3708//1581 3709//2548 3863//1973
f 3716//1582 3717//2549 3864//1949
f 3830//2300 3805//1525 3893//1479
f 3801//2537 3892//1477 3890//1478
f 3826//1541 3830//2300 3891//1475
f 3824//1547 3828//2298 3890//1478
f 3822//2304 3826//1541 3889//1469
f 3824//1547 3888//1471 3886//1474
f 3822//2304 3887//1352 3885//1354
f 3820//2306 3886//1474 3884//1466
f 3814//1506 3818//1960 3885//1354
f 3810//1499 3816//1556 3884//1466
f 3808//1514 3814//1506 3883//1493
f 3811//1509 3894//1487 3880//1483
f 3810//1499 3882//1491 3894//1487
f 3800//1522 3808//1514 3881//1489
f 3804//1517 3880//1483 3893//1479
f 3801//2537 3800//1522 3879//1485
f 3909//185 3925//185 3926//440
f 3405//313 3404//313 3900//313
f 3412//313 3908//313 3909//313
f 3405//313 3901//313 3902//313
f 3414//313 3413//313 3909//313
f 3406//313 3902//313 3903//313
f 3399//313 3400//313 3896//313
f 3414//313 3910//313 3896//313
f 3408//313 3407//313 3903//313
f 3399//313 3895//313 3897//313
f 3409//313 3408//313 3904//313
f 3401//313 3897//313 3898//313
f 3410//313 3409//313 3905//313
f 3402//313 3898//313 3899//313
f 3410//313 3906//313 3907//313
f 3404//313 3403//313 3899//313
f 3510//1103 3497//1100 3590//1100
f 3902//436 3918//436 3919//257
f 3896//116 3912//116 3911//2552
f 3910//440 3926//440 3912//116
f 3903//257 3919//257 3920//437
f 3895//441 3911//2552 3913//113
f 3904//437 3920//437 3921//254
f 3897//113 3913//113 3914//442
f 3905//254 3921//254 3922//438
f 3898//442 3914//442 3915//40
f 3906//438 3922//438 3923//188
f 3899//40 3915//40 3916//435
f 3907//188 3923//188 3924//439
f 3900//435 3916//435 3917//37
f 3908//439 3924//439 3925//185
f 3901//37 3917//37 3918//436
f 3955//2406 3956//1063 3951//2108
f 3950//2407 3953//2408 3954//2109
f 3957//1087 3958//1056 3947//2106
f 3957//1087 3952//2405 3951//2108
f 3946//2411 3950//2407 3949//1054
f 3948//2409 3947//2106 3943//1047
f 3946//2411 3945//2107 3941//2402
f 3940//2412 3944//2413 3943//1047
f 3938//2120 3942//2410 3941//2402
f 3936//1753 3940//2412 3939//1046
f 3938//2120 3937//1072 3933//2115
f 3936//1753 3935//2116 3931//1066
f 3934//1077 3933//2115 3929//1068
f 3928//2415 3932//2553 3931//1066
f 3930//2414 3929//1068 3956//1063
f 3953//2408 3928//2415 3927//1740
f 3928//2415 3479//2393 3481//2392
f 3785//1468 3786//1467 3959//313
f 3786//1467 3787//2287 3962//313
f 3788//1472 3965//313 3962//313
f 3789//1482 3790//1481 3965//313
f 3784//1494 3959//313 3960//313
f 3959//313 3962//313 3963//313
f 3965//313 3966//313 3963//313
f 3790//1481 3791//1486 3966//313
f 3960//313 3961//313 3798//1488
f 3963//313 3964//313 3961//313
f 3963//313 3966//313 3967//313
f 3966//313 3791//1486 3792//1490
f 3961//313 3796//1480 3797//1484
f 3964//313 3795//2286 3796//1480
f 3964//313 3967//313 3794//1470
f 3967//313 3792//1490 3793//1353
