# Blender 4.5.2 LTS
# www.blender.org
o E
v -30.445259 8.750982 -4.924841
v -30.507313 8.702800 -4.924839
v -30.507313 8.702801 -5.095808
v -30.445259 8.750983 -5.095808
v -30.360836 7.782699 -4.924839
v -30.298782 7.830881 -4.924839
v -30.298782 8.702800 -4.924839
v -30.360836 8.750982 -4.924841
v -30.298782 7.830882 -5.095808
v -30.360836 7.782700 -5.095808
v -30.360836 8.750983 -5.095808
v -30.298782 8.702801 -5.095808
v -33.178028 8.750983 -4.924839
v -33.115974 8.702801 -4.924839
v -33.115974 8.702801 -5.095808
v -33.178028 8.750983 -5.095806
v -33.262451 7.782700 -4.924839
v -33.324505 7.830881 -4.924839
v -33.324505 8.702801 -4.924839
v -33.262451 8.750983 -4.924839
v -33.324505 7.830882 -5.095806
v -33.262451 7.782700 -5.095806
v -33.262451 8.750983 -5.095806
v -33.324505 8.702801 -5.095808
v -33.231289 5.849808 -3.878238
v -33.402012 8.583334 -3.484387
v -33.305511 5.752458 -3.213467
v -33.373230 8.472274 -2.725302
v -33.411385 5.199949 -2.108615
v -33.462753 8.133042 -1.531092
v -33.965015 3.368040 1.953959
v -33.967606 7.899990 2.069979
v -33.843536 3.529535 3.541762
v -33.840092 8.204414 3.738858
v -33.494564 4.814090 5.932060
v -33.516411 7.976201 6.366275
v -33.273903 7.500013 7.477557
v -33.031666 6.797908 8.385687
v -32.717899 6.295603 8.824907
v -33.919582 7.219536 -3.676528
v -33.933960 7.101571 -2.969385
v -34.063007 6.502124 -1.819854
v -33.393902 8.120577 -2.144619
v -33.141476 5.540733 -2.704163
v -33.838539 8.292643 -0.849980
v -33.789463 4.483362 -1.330645
v -33.936745 8.241175 0.386986
v -34.787701 5.972368 2.011968
v -34.006714 7.886351 1.454687
v -34.006714 3.536615 1.298257
v -34.617432 6.062295 3.640310
v -33.777157 8.192081 4.407084
v -33.775612 3.824131 4.790317
v -34.300816 6.236861 6.346777
v -33.978558 6.321768 7.447580
v -33.829937 6.317332 8.078878
v -32.977921 6.475340 8.632673
v -32.977921 5.990439 8.758123
v -34.588543 6.074761 -1.120029
v -33.962734 6.618077 -2.424391
v -34.843002 5.937132 1.376472
v -34.741592 6.361987 0.251453
v -34.528191 6.064396 4.330769
v -33.421505 6.305647 8.524313
v -34.489590 7.513732 0.320662
v -33.859329 6.850255 7.460268
v -33.862129 7.960290 -3.598277
v -34.601871 7.061882 1.413893
v -33.899696 7.508804 -1.676716
v -34.453960 7.308496 3.681189
v -33.367680 6.509884 8.515497
v -34.007713 7.426326 6.356093
v -33.481617 6.607725 8.283304
v -33.818375 7.906472 -2.858517
v -34.369305 7.344697 4.363068
v -33.815102 7.598514 -2.285757
v -34.582371 7.020843 2.037739
v -34.382259 7.555853 -0.988513
v -34.622368 4.825627 1.984613
v -34.511475 5.051974 3.598466
v -34.480160 5.193127 -1.233667
v -34.698204 4.881576 1.342108
v -34.634983 5.014547 0.196577
v -34.440197 5.149158 4.299269
v -33.821838 6.249719 -3.088600
v -34.102200 5.425750 6.338682
v -33.870548 5.819970 -2.548531
v -33.768471 6.278877 -3.783740
v -33.455013 5.948086 8.471376
v -33.988121 5.872915 -1.936343
v -32.635784 5.466230 -3.921939
v -32.721146 9.053131 -3.448660
v -32.660675 5.295149 -3.259232
v -32.694534 8.943789 -2.679538
v -32.709412 4.992263 -2.162759
v -32.735100 8.744338 -1.476949
v -33.007504 2.677374 1.943082
v -33.008797 8.474378 2.080855
v -32.946762 2.871834 3.523286
v -32.945042 8.892520 3.757337
v -32.772278 4.394875 5.882923
v -32.783203 8.525520 6.369933
v -32.540829 7.903016 7.483176
v -32.540829 7.026946 8.497721
v -32.383945 6.325900 8.948252
v -32.700672 8.641755 -2.092161
v -32.479538 5.013067 -2.756621
v -32.907368 4.484997 -1.411371
v -32.944267 8.955112 -0.799348
v -32.993366 8.801801 0.412398
v -33.028355 2.864322 1.283594
v -33.028355 8.457113 1.469351
v -32.912804 3.212368 4.776008
v -32.913574 8.893448 4.421393
v -32.513954 5.920049 8.869555
v -32.513954 6.608633 8.799528
v -32.958565 3.278519 5.874406
v -33.598396 3.649878 5.962034
v -34.005634 4.119156 6.612667
v -33.667919 2.131737 6.830842
v -33.942875 4.304840 7.401979
v -33.291561 2.040151 6.486585
v -32.980751 1.997433 6.350995
v -33.620579 4.546468 8.118391
v -34.133812 5.076604 7.404490
v -34.273689 4.994940 6.764872
v -31.913013 3.521309 7.378831
v -32.076553 3.014948 6.416448
v -33.992374 5.072338 8.094004
v -33.563358 4.654419 8.322260
v -32.076553 4.574461 8.111265
v -32.729729 4.629582 8.533537
v -33.006832 2.633935 6.239558
v -33.417999 2.812440 6.342870
v -33.763901 3.200891 6.692136
v -33.660034 0.678960 6.666559
v -33.830322 3.119260 7.313695
v -33.370018 0.653325 6.543947
v -32.845272 0.626637 6.461805
v -32.128647 2.720559 7.197900
v -32.317444 2.556117 6.394673
v -32.231262 3.038359 7.833547
v -32.859779 3.143967 8.069801
v -33.395485 3.192614 7.942044
v -33.753201 2.072570 7.370015
v -32.323486 2.058793 7.090661
v -32.401318 2.077122 6.614074
v -32.519245 2.083033 7.545560
v -32.901150 2.075255 7.742252
v -33.265377 2.010781 7.667519
v -33.560608 0.640507 7.058676
v -32.434761 0.621535 6.905275
v -32.544750 0.595235 6.434475
v -32.701607 0.681791 7.587861
v -32.986229 0.640146 7.549634
v -33.346889 0.579144 7.475732
v -33.590111 -0.070254 6.798838
v -33.634624 -0.070406 7.003008
v -32.567909 -0.080939 6.825781
v -32.576187 -0.082644 6.584455
v -32.621231 -0.074640 7.581422
v -32.942886 -0.071940 7.624593
v -33.329586 -0.068204 7.495928
v -32.845722 0.213811 5.742187
v -33.370472 0.240499 5.824332
v -33.549255 0.266135 5.946940
v -32.813965 -0.079521 5.748769
v -32.574871 0.182409 5.996219
v -32.576187 -0.082644 5.864747
v -33.406261 -0.074233 5.845685
v -33.590111 -0.070254 6.079127
v -33.715908 2.666314 6.761489
v -33.354778 2.426296 6.414727
v -32.993793 2.315683 6.295278
v -33.330429 2.601698 7.804779
v -33.791763 2.595915 7.341855
v -32.226067 2.389676 7.144280
v -32.359379 2.316619 6.504373
v -32.880466 2.609611 7.906025
v -32.375256 2.560696 7.689552
v -33.511574 3.643187 0.717493
v -34.219158 4.780873 -0.522873
v -33.876892 1.896032 -0.361506
v -34.315094 4.761902 -0.313444
v -33.526424 1.804446 -0.705764
v -33.237000 1.761727 -0.841355
v -34.337181 4.470737 0.457864
v -32.407997 3.264545 0.334980
v -33.370975 2.648940 -0.955452
v -33.782143 2.827444 -0.852141
v -34.128040 3.215895 -0.502876
v -33.944195 0.678962 -0.506382
v -34.194466 3.134265 -0.226671
v -33.696033 0.653327 -0.628992
v -33.247017 0.626638 -0.711136
v -32.754063 2.735563 0.002887
v -33.006496 2.571121 -0.805056
v -32.595406 3.053362 0.293184
v -33.223923 3.158972 0.529434
v -33.759624 3.207619 0.401680
v -33.956310 1.836864 -0.072621
v -32.929405 1.823087 -0.006619
v -33.026310 1.841418 -0.778603
v -32.807243 1.847327 0.102924
v -33.162872 1.839550 0.299618
v -33.502045 1.775076 0.224886
v -33.924744 0.640511 -0.281374
v -32.873901 0.621539 -0.361884
v -32.989864 0.595237 -0.738467
v -33.065739 0.681794 0.145228
v -33.350357 0.640150 0.106999
v -33.711021 0.579147 0.033095
v -33.954250 -0.070252 -0.643802
v -33.998764 -0.070403 -0.439629
v -32.932053 -0.080937 -0.616855
v -32.940327 -0.082642 -0.858182
v -32.985367 -0.074636 0.138784
v -33.307022 -0.071937 0.181957
v -33.693722 -0.068202 0.053289
v -33.209866 0.213814 -1.700452
v -33.734615 0.240501 -1.618308
v -33.913395 0.266137 -1.495698
v -33.178108 -0.079518 -1.693870
v -32.939011 0.182411 -1.446418
v -32.940327 -0.082642 -1.577891
v -33.770405 -0.074232 -1.596953
v -33.954250 -0.070252 -1.363511
v -33.939892 2.323510 -0.423392
v -33.600735 2.098097 -0.749055
v -33.261711 1.994216 -0.861235
v -33.577869 2.262826 0.232078
v -34.011131 2.257396 -0.202681
v -32.816917 2.063705 -0.063893
v -32.984318 1.995095 -0.783135
v -33.155285 2.270258 0.327163
v -32.680813 2.224319 0.123863
v -32.761822 4.024892 -1.263641
v -32.480595 3.379032 -0.037113
v -32.853355 6.776913 -4.513475
v -32.979725 8.800253 -4.221951
v -33.362827 7.790777 -4.364170
v -33.320297 8.339077 -4.306250
v -33.250977 7.094507 -4.443529
v -32.412567 6.492990 -4.545822
v -32.475750 9.147994 -4.195505
v -32.772152 6.851988 -4.952183
v -32.888988 8.740662 -4.879715
v -33.203876 8.308455 -4.912649
v -32.364605 6.587790 -4.954479
v -32.423023 9.062969 -4.889015
v -32.494408 6.849358 -5.644882
v -32.578648 8.211112 -5.592632
v -32.729069 7.254496 -6.145018
v -32.805687 7.899486 -5.616377
v -32.651035 6.797873 -6.049067
v -32.200562 6.658869 -5.646538
v -32.242683 8.443500 -5.599337
v -32.424969 6.662553 -6.123592
v -32.501060 7.885368 -6.264618
v -32.614780 6.883588 -6.651981
v -32.706135 7.603913 -6.242867
v -32.545460 6.489030 -6.503283
v -32.159550 6.492278 -6.098822
v -32.197594 8.091894 -6.302629
v -32.229618 6.437903 -6.501806
v -32.282784 7.140301 -6.998110
v -32.443962 6.790797 -6.749508
v -32.426071 6.975040 -6.890440
v -32.396904 6.555153 -6.572317
v -32.044170 6.341817 -6.429548
v -32.070755 7.254174 -7.090631
v -32.055023 6.214176 -7.780231
v -32.029861 5.848977 -6.778273
v -32.363735 5.940631 -7.003298
v -32.391338 6.101351 -7.475302
v -32.408279 6.031540 -7.267138
v -32.255714 6.173901 -7.647324
v -32.205395 5.886043 -6.885860
v -31.852806 3.504070 -4.168159
v -31.840778 4.006421 -4.255116
v -32.000389 3.891308 -4.239580
v -32.013588 3.657352 -4.193925
v -32.021683 3.760278 -4.214503
v -31.948750 3.568762 -4.183080
v -31.924692 3.952990 -4.244884
v -31.952576 3.496501 -5.186592
v -31.977188 3.125208 -5.042865
v -32.051804 3.310145 -5.115123
v -32.043522 3.211540 -5.072595
v -32.030018 3.435911 -5.168140
v -31.866726 3.547785 -5.208218
v -31.879032 3.063654 -5.014146
v -31.904572 2.829283 -5.811463
v -31.890379 3.429182 -5.767123
v -32.078701 3.292973 -5.782310
v -32.094273 3.012110 -5.797055
v -32.103825 3.135813 -5.791135
v -32.017773 2.907605 -5.810016
v -31.989389 3.365094 -5.770717
v -32.057648 3.554987 -6.509836
v -32.091362 3.150020 -6.875140
v -32.193573 3.352546 -6.693598
v -32.182228 3.239672 -6.787924
v -32.163731 3.495018 -6.572535
v -31.940052 3.613086 -6.460472
v -31.956907 3.076906 -6.932681
v -31.980366 3.855853 -7.660827
v -31.961641 4.192770 -6.942382
v -32.210075 4.122160 -7.108814
v -32.230614 3.957504 -7.441293
v -32.243217 4.030683 -7.295227
v -32.129700 3.904831 -7.569833
v -32.092251 4.155465 -7.018393
v -32.141525 5.022349 -7.195165
v -32.184353 4.997016 -7.887492
v -32.314186 5.010733 -7.542274
v -32.299774 4.996840 -7.728610
v -32.276276 5.026439 -7.305303
v -31.992142 5.028758 -7.098534
v -32.013554 4.984774 -8.005051
v -31.917410 3.937908 -3.616834
v -31.826704 4.333970 -3.699661
v -31.934927 4.255396 -3.683862
v -31.972500 4.091341 -3.649553
v -31.965199 4.178634 -3.667897
v -31.955719 4.006810 -3.631624
v -31.886295 4.309943 -3.695016
v -34.916618 5.791360 -1.223409
v -34.475582 8.907456 -0.627645
v -34.937855 8.391629 -0.756699
v -35.078529 6.266765 -1.104029
v -35.077446 7.850698 -0.884059
v -33.659969 4.920529 -2.505749
v -33.691807 9.318406 -1.807017
v -35.113689 7.081174 -0.990054
v -34.189026 5.523629 -2.418338
v -34.250694 8.698723 -1.848459
v -34.808784 5.296758 -1.261983
v -32.998154 7.192021 -6.216948
v -33.090271 6.995171 -6.213820
v -33.066902 6.858418 -6.185083
v -32.918411 6.735795 -6.120541
v -32.977959 6.640115 -6.698614
v -32.884003 6.821082 -6.723949
v -32.813046 6.426904 -6.574812
v -32.959785 6.536674 -6.659632
v -33.073963 7.584330 -5.636063
v -33.133713 7.549527 -5.497076
v -33.280304 7.796232 -4.742701
v -33.234432 7.912326 -4.912848
v -33.063049 7.136031 -5.410185
v -32.967453 6.981536 -5.516405
v -33.053677 7.080800 -4.926439
v -33.180527 7.130162 -4.744503
v -33.143642 7.500183 -5.553888
v -33.140022 7.521607 -5.708389
v -33.197956 7.384571 -5.552116
v -33.231422 7.324155 -5.706669
v -33.157345 7.146929 -5.502180
v -33.181816 7.042325 -5.650335
v -33.081532 7.084701 -5.469288
v -33.032139 6.919578 -5.587622
v -32.694393 6.757999 -6.651659
v -32.621159 6.648652 -6.604134
v -32.825459 6.752121 -6.675125
v -32.883293 6.636894 -6.651066
v -32.810062 6.527547 -6.603542
v -32.678997 6.533425 -6.580074
v -32.686958 6.452027 -7.037418
v -32.611912 6.341886 -7.008093
v -32.816643 6.452984 -7.028605
v -32.871281 6.343801 -6.990467
v -32.796238 6.233659 -6.961142
v -32.666553 6.232702 -6.969954
v -32.823086 6.242027 -8.249828
v -32.764626 6.148042 -8.246244
v -32.928268 6.244012 -8.242121
v -32.974995 6.152013 -8.230831
v -32.916534 6.058029 -8.227251
v -32.811348 6.056043 -8.234955
v -32.907204 6.236305 -9.261536
v -32.857460 6.156332 -9.258488
v -32.996708 6.237995 -9.254982
v -33.036465 6.159711 -9.245377
v -32.986721 6.079738 -9.242329
v -32.897217 6.078048 -9.248882
v -32.971195 6.250611 -9.728466
v -32.436218 6.870559 -6.810518
v -32.767300 7.576340 -5.881231
v -32.666103 7.288282 -6.422132
v -33.188328 7.641442 -5.216019
v -33.115154 7.133428 -5.114939
v -30.391996 5.849808 -3.878238
v -30.221273 8.583335 -3.484387
v -30.317774 5.752458 -3.213469
v -30.250055 8.472274 -2.725304
v -30.211899 5.199950 -2.108616
v -30.160530 8.133041 -1.531094
v -29.658266 3.368039 1.953958
v -29.655674 7.899990 2.069977
v -29.779745 3.529535 3.541761
v -29.783188 8.204414 3.738858
v -30.128712 4.814090 5.932058
v -30.106871 7.976201 6.366275
v -30.349375 7.500013 7.477557
v -30.591614 6.797908 8.385687
v -30.905378 6.295604 8.824907
v -29.703703 7.219536 -3.676528
v -29.689325 7.101571 -2.969387
v -29.560274 6.502123 -1.819856
v -30.229382 8.120577 -2.144619
v -30.481808 5.540733 -2.704163
v -29.784742 8.292642 -0.849982
v -29.833820 4.483362 -1.330644
v -29.686539 8.241174 0.386984
v -28.835581 5.972368 2.011968
v -29.616566 7.886351 1.454687
v -29.616566 3.536614 1.298258
v -29.005846 6.062295 3.640310
v -29.846125 8.192081 4.407084
v -29.847668 3.824131 4.790315
v -29.322466 6.236861 6.346775
v -29.644722 6.321768 7.447580
v -29.793343 6.317331 8.078878
v -30.645361 6.475340 8.632673
v -30.645359 5.990439 8.758123
v -29.034740 6.074761 -1.120031
v -29.660549 6.618077 -2.424391
v -28.780277 5.937132 1.376472
v -28.881689 6.361987 0.251453
v -29.095089 6.064396 4.330767
v -30.201777 6.305646 8.524313
v -29.133694 7.513732 0.320660
v -29.763950 6.850255 7.460264
v -29.761158 7.960290 -3.598277
v -29.021412 7.061882 1.413893
v -29.723585 7.508804 -1.676718
v -29.169319 7.308496 3.681189
v -30.255600 6.509884 8.515497
v -29.615568 7.426326 6.356093
v -30.141661 6.607725 8.283304
v -29.804909 7.906472 -2.858519
v -29.253977 7.344697 4.363068
v -29.808184 7.598514 -2.285759
v -29.040911 7.020843 2.037737
v -29.241022 7.555853 -0.988513
v -29.000912 4.825626 1.984611
v -29.111805 5.051974 3.598464
v -29.143124 5.193126 -1.233669
v -28.925076 4.881575 1.342106
v -28.988297 5.014547 0.196577
v -29.183083 5.149158 4.299269
v -29.801449 6.249720 -3.088600
v -29.521080 5.425750 6.338680
v -29.752735 5.819970 -2.548531
v -29.854815 6.278878 -3.783740
v -30.168264 5.948086 8.471376
v -29.635160 5.872915 -1.936345
v -30.987503 5.466230 -3.921939
v -30.902142 9.053131 -3.448662
v -30.962612 5.295149 -3.259232
v -30.928753 8.943789 -2.679538
v -30.913872 4.992263 -2.162758
v -30.888186 8.744339 -1.476949
v -30.615778 2.677374 1.943082
v -30.614481 8.474379 2.080855
v -30.676516 2.871834 3.523284
v -30.678238 8.892520 3.757337
v -30.851000 4.394876 5.882923
v -30.840078 8.525520 6.369931
v -31.082451 7.903016 7.483176
v -31.082451 7.026946 8.497721
v -31.239330 6.325900 8.948252
v -30.922613 8.641756 -2.092161
v -31.143745 5.013066 -2.756621
v -30.715914 4.484996 -1.411371
v -30.679016 8.955112 -0.799348
v -30.629913 8.801802 0.412396
v -30.594927 2.864322 1.283594
v -30.594927 8.457113 1.469351
v -30.710478 3.212368 4.776008
v -30.709707 8.893448 4.421393
v -31.109322 5.920049 8.869555
v -31.109324 6.608633 8.799528
v -31.811644 5.287113 -3.965640
v -31.811642 9.370379 -3.412931
v -31.811642 5.081582 -3.304997
v -31.811642 9.270129 -2.633773
v -31.811642 4.722226 -2.216901
v -31.811642 9.179555 -1.422807
v -31.811640 2.481412 1.932207
v -31.811640 8.867987 2.091733
v -31.811640 2.674520 3.504807
v -31.811640 9.375947 3.775815
v -31.811636 4.252981 6.319963
v -31.811640 8.965533 6.373588
v -31.811638 4.686720 7.406366
v -31.811640 8.145876 7.488795
v -31.811640 7.330640 8.609758
v -31.811638 6.292738 9.071596
v -31.811642 9.018132 -2.039703
v -31.811642 4.766850 -2.809078
v -31.811642 4.036214 -1.491346
v -31.811642 9.423791 -0.748713
v -31.811642 3.232235 0.065100
v -31.811642 9.197149 0.437810
v -31.811640 2.682289 1.268928
v -31.811640 8.850142 1.484017
v -31.811640 3.022922 4.761699
v -31.811640 9.397483 4.435705
v -31.811638 5.857823 8.989824
v -31.811638 6.604240 8.966382
v -30.664713 3.278520 5.874406
v -30.024879 3.649879 5.962034
v -29.617640 4.119157 6.612665
v -29.955355 2.131738 6.830842
v -29.680399 4.304841 7.401979
v -30.331715 2.040152 6.486585
v -30.642525 1.997434 6.350995
v -30.002695 4.546469 8.118391
v -29.489466 5.076605 7.404490
v -29.349586 4.994941 6.764870
v -31.710262 3.521309 7.378832
v -31.546721 3.014949 6.416448
v -29.630901 5.072338 8.094004
v -30.059916 4.654419 8.322260
v -31.546719 4.574461 8.111265
v -30.893545 4.629582 8.533537
v -30.616442 2.633937 6.239558
v -30.205275 2.812442 6.342870
v -29.859375 3.200891 6.692134
v -29.963245 0.678961 6.666557
v -29.792952 3.119261 7.313691
v -30.253258 0.653325 6.543945
v -30.778008 0.626637 6.461802
v -31.494629 2.720560 7.197900
v -31.305832 2.556119 6.394673
v -31.392012 3.038360 7.833547
v -30.763494 3.143968 8.069798
v -30.227789 3.192615 7.942044
v -29.870073 2.072571 7.370015
v -31.299788 2.058794 7.090661
v -31.221958 2.077123 6.614074
v -31.104029 2.083033 7.545560
v -30.722124 2.075256 7.742253
v -30.357899 2.010782 7.667520
v -30.062668 0.640508 7.058674
v -31.188515 0.621536 6.905273
v -31.078527 0.595236 6.434471
v -30.921673 0.681791 7.587860
v -30.637051 0.640146 7.549633
v -30.276388 0.579144 7.475731
v -30.033165 -0.070253 6.798836
v -29.988649 -0.070406 7.003006
v -31.055367 -0.080939 6.825779
v -31.047089 -0.082644 6.584454
v -31.002045 -0.074639 7.581416
v -30.680389 -0.071939 7.624591
v -30.293690 -0.068204 7.495925
v -30.777552 0.213812 5.742185
v -30.252802 0.240499 5.824328
v -30.074020 0.266135 5.946939
v -30.809309 -0.079520 5.748767
v -31.048405 0.182410 5.996217
v -31.047089 -0.082644 5.864743
v -30.217012 -0.074233 5.845683
v -30.033165 -0.070254 6.079124
v -29.907364 2.666315 6.761489
v -30.268496 2.426297 6.414727
v -30.629482 2.315685 6.295278
v -30.292843 2.601698 7.804780
v -29.831512 2.595917 7.341855
v -31.397207 2.389677 7.144280
v -31.263895 2.316621 6.504373
v -30.742809 2.609612 7.906026
v -31.248020 2.560696 7.689553
v -30.111710 3.643186 0.717494
v -29.404121 4.780872 -0.522874
v -29.746382 1.896033 -0.361508
v -29.308186 4.761901 -0.313444
v -30.096851 1.804447 -0.705765
v -30.386278 1.761728 -0.841355
v -29.286100 4.470737 0.457863
v -31.215284 3.264545 0.334980
v -30.252308 2.648939 -0.955451
v -29.841141 2.827443 -0.852139
v -29.495239 3.215894 -0.502875
v -29.679081 0.678964 -0.506384
v -29.428818 3.134264 -0.226670
v -29.927238 0.653328 -0.628993
v -30.376259 0.626639 -0.711138
v -30.869221 2.735561 0.002888
v -30.616787 2.571121 -0.805057
v -31.027876 3.053362 0.293183
v -30.399361 3.158970 0.529435
v -29.863655 3.207618 0.401679
v -29.666967 1.836865 -0.072621
v -30.693869 1.823088 -0.006619
v -30.596966 1.841419 -0.778605
v -30.816034 1.847328 0.102924
v -30.460402 1.839550 0.299616
v -30.121233 1.775077 0.224883
v -29.698532 0.640512 -0.281375
v -30.749372 0.621540 -0.361884
v -30.633410 0.595239 -0.738467
v -30.557535 0.681795 0.145227
v -30.272913 0.640151 0.106996
v -29.912252 0.579148 0.033094
v -29.669029 -0.070251 -0.643801
v -29.624514 -0.070401 -0.439628
v -30.691229 -0.080935 -0.616856
v -30.682951 -0.082641 -0.858181
v -30.637907 -0.074635 0.138784
v -30.316254 -0.071936 0.181957
v -29.929554 -0.068200 0.053289
v -30.413416 0.213815 -1.700452
v -29.888666 0.240502 -1.618308
v -29.709885 0.266138 -1.495698
v -30.445173 -0.079517 -1.693870
v -30.684269 0.182412 -1.446420
v -30.682953 -0.082640 -1.577891
v -29.852877 -0.074230 -1.596953
v -29.669029 -0.070251 -1.363511
v -29.683388 2.323509 -0.423391
v -30.022545 2.098096 -0.749054
v -30.361568 1.994215 -0.861234
v -30.045412 2.262824 0.232079
v -29.612152 2.257395 -0.202680
v -30.806362 2.063705 -0.063892
v -30.638962 1.995095 -0.783135
v -30.467999 2.270257 0.327162
v -30.942469 2.224318 0.123864
v -30.861458 4.024891 -1.263641
v -31.142685 3.379031 -0.037113
v -30.769932 6.776913 -4.513475
v -30.643564 8.800253 -4.221951
v -30.260460 7.790777 -4.364172
v -30.302988 8.339078 -4.306252
v -30.372311 7.094507 -4.443529
v -31.210722 6.492990 -4.545822
v -31.147537 9.147994 -4.195505
v -31.811644 6.360409 -4.578169
v -31.811644 9.382818 -4.169059
v -30.851135 6.851988 -4.952183
v -30.734299 8.740661 -4.879715
v -30.419411 8.308455 -4.912649
v -31.258682 6.587790 -4.954479
v -31.200264 9.062969 -4.889015
v -31.811644 6.462753 -4.971407
v -31.811644 9.281452 -4.887400
v -31.128880 6.849358 -5.644882
v -31.044638 8.211111 -5.592632
v -30.894218 7.254495 -6.145018
v -30.817600 7.899487 -5.616377
v -30.972252 6.797873 -6.049068
v -31.422726 6.658868 -5.646538
v -31.380606 8.443500 -5.599337
v -31.811644 6.568716 -5.658743
v -31.811644 8.601027 -5.598173
v -31.198320 6.662553 -6.123592
v -31.122229 7.885368 -6.264618
v -31.008507 6.883588 -6.651981
v -30.917152 7.603913 -6.242868
v -31.077826 6.489030 -6.503283
v -31.463739 6.492278 -6.098822
v -31.425694 8.091894 -6.302629
v -31.811644 6.410117 -6.097290
v -31.811644 8.232677 -6.323298
v -31.393667 6.437903 -6.501806
v -31.340502 7.140301 -6.998110
v -31.179323 6.790797 -6.749508
v -31.197216 6.975040 -6.890440
v -31.226381 6.555153 -6.572319
v -31.579117 6.341817 -6.429548
v -31.552534 7.254174 -7.090631
v -31.811644 6.291960 -6.401072
v -31.811644 7.333555 -7.150488
v -31.811644 6.244713 -7.869242
v -31.811644 5.824966 -6.729519
v -31.568264 6.214176 -7.780231
v -31.593424 5.848977 -6.778273
v -31.259552 5.940631 -7.003298
v -31.231945 6.101351 -7.475302
v -31.215010 6.031540 -7.267138
v -31.367571 6.173901 -7.647324
v -31.417892 5.886043 -6.885860
v -31.811640 3.459897 -4.159646
v -31.811640 4.032350 -4.256756
v -31.770472 3.504070 -4.168159
v -31.782499 4.006421 -4.255116
v -31.622889 3.891308 -4.239580
v -31.609692 3.657352 -4.193925
v -31.601595 3.760278 -4.214503
v -31.674528 3.568762 -4.183080
v -31.698586 3.952990 -4.244884
v -31.670702 3.496501 -5.186592
v -31.646090 3.125208 -5.042865
v -31.571476 3.310145 -5.115123
v -31.579760 3.211540 -5.072595
v -31.593260 3.435912 -5.168140
v -31.756552 3.547785 -5.208218
v -31.744247 3.063654 -5.014146
v -31.811640 3.573380 -5.215385
v -31.811640 3.021269 -4.996213
v -31.811644 2.776285 -5.814368
v -31.811644 3.459330 -5.761577
v -31.718716 2.829283 -5.811463
v -31.732908 3.429182 -5.767123
v -31.544584 3.292973 -5.782310
v -31.529013 3.012110 -5.797055
v -31.519461 3.135813 -5.791135
v -31.605513 2.907605 -5.810016
v -31.633898 3.365094 -5.770717
v -31.565636 3.554987 -6.509836
v -31.531921 3.150020 -6.875140
v -31.429712 3.352546 -6.693598
v -31.441059 3.239672 -6.787924
v -31.459555 3.495018 -6.572536
v -31.683235 3.613086 -6.460472
v -31.666378 3.076906 -6.932681
v -31.811644 3.637653 -6.433599
v -31.811644 3.028809 -6.973441
v -31.811646 3.824923 -7.723645
v -31.811644 4.205889 -6.904128
v -31.642927 3.855853 -7.660827
v -31.661646 4.192770 -6.942382
v -31.413218 4.122160 -7.108816
v -31.392677 3.957504 -7.441293
v -31.380075 4.030683 -7.295227
v -31.493593 3.904831 -7.569833
v -31.531038 4.155465 -7.018393
v -31.481766 5.022349 -7.195165
v -31.438942 4.997016 -7.887492
v -31.309105 5.010733 -7.542274
v -31.323521 4.996840 -7.728610
v -31.347012 5.026439 -7.305303
v -31.631153 5.028758 -7.098534
v -31.609737 4.984774 -8.005051
v -31.811647 5.026003 -7.052364
v -31.811646 4.979372 -8.084949
v -31.863405 3.895124 -3.607440
v -31.765226 4.323819 -3.697091
v -31.801929 3.884974 -3.604869
v -31.711224 4.281036 -3.687696
v -31.656134 4.127602 -3.654977
v -31.693705 3.963548 -3.620670
v -31.663433 4.040311 -3.636632
v -31.742338 3.909001 -3.609515
v -31.672915 4.212133 -3.672908
v -34.659241 6.104128 -2.272569
v -34.656090 8.038210 -2.003972
v -34.761353 7.098574 -2.133398
v -29.963314 4.920530 -2.505749
v -29.931477 9.318406 -1.807017
v -28.814501 5.296759 -1.261986
v -29.147701 8.907454 -0.627647
v -30.625132 7.192021 -6.216949
v -30.533014 6.995171 -6.213820
v -30.556385 6.858418 -6.185083
v -30.704874 6.735795 -6.120541
v -30.645329 6.640115 -6.698616
v -30.739283 6.821082 -6.723949
v -30.810240 6.426904 -6.574812
v -30.663502 6.536674 -6.659632
v -30.549324 7.584330 -5.636063
v -30.489574 7.549527 -5.497076
v -30.342983 7.796232 -4.742701
v -30.388855 7.912326 -4.912848
v -30.560236 7.136031 -5.410187
v -30.655834 6.981536 -5.516405
v -30.569609 7.080800 -4.926439
v -30.442760 7.130162 -4.744503
v -30.479645 7.500183 -5.553890
v -30.483265 7.521606 -5.708389
v -30.425331 7.384571 -5.552118
v -30.391867 7.324155 -5.706671
v -30.465942 7.146929 -5.502180
v -30.441469 7.042325 -5.650337
v -30.541756 7.084701 -5.469288
v -30.591148 6.919577 -5.587622
v -30.932775 6.757999 -6.648895
v -31.005089 6.648652 -6.599985
v -30.802177 6.752121 -6.674850
v -30.743895 6.636894 -6.651894
v -30.816210 6.527547 -6.602983
v -30.946808 6.533425 -6.577028
v -30.947544 6.452026 -7.034441
v -31.022018 6.341886 -7.003695
v -30.817715 6.452984 -7.028097
v -30.762360 6.343800 -6.991005
v -30.836834 6.233659 -6.960257
v -30.966661 6.232701 -6.966600
v -30.834497 6.242027 -8.249222
v -30.892879 6.148042 -8.244528
v -30.729187 6.244013 -8.243517
v -30.682259 6.152013 -8.233118
v -30.740639 6.058029 -8.228426
v -30.845951 6.056044 -8.234129
v -30.769636 6.236305 -9.262348
v -30.819315 6.156332 -9.258354
v -30.680025 6.237994 -9.257496
v -30.640091 6.159711 -9.248646
v -30.689770 6.079738 -9.244652
v -30.779381 6.078048 -9.249504
v -30.714539 6.250612 -9.730408
v -31.187069 6.870559 -6.810518
v -30.855986 7.576340 -5.881231
v -30.957182 7.288282 -6.422132
v -30.434959 7.641442 -5.216021
v -30.508133 7.133428 -5.114939
v -33.228649 7.908165 -4.924839
v -33.231773 7.906887 -4.924839
v -33.196980 8.301372 -4.924839
v -33.115974 8.401694 -4.924839
v -33.193836 7.829349 -5.095806
v -33.146175 7.848847 -5.095806
v -33.241478 7.782700 -4.924839
v -33.115974 7.998837 -5.095806
v -33.201241 7.782700 -5.095806
v -33.115974 8.218175 -5.067999
v -30.507313 8.401694 -4.924841
v -30.429451 7.829349 -5.095808
v -30.477112 7.848847 -5.095808
v -30.507313 8.218174 -5.068001
v -30.507313 7.998839 -5.095808
v -30.426308 8.301372 -4.924839
v -30.394638 7.908165 -4.924841
v -30.391514 7.906887 -4.924841
v -30.422047 7.782700 -5.095808
v -30.381809 7.782699 -4.924839
v -30.521423 7.641359 -5.510313
v -33.101425 7.640460 -5.512297
v -32.038658 6.366615 9.247441
v -32.038662 6.662519 8.715413
v -31.933619 6.224376 9.134004
v -31.933619 6.488346 8.662839
v -31.723539 6.224375 9.134004
v -31.723539 6.488346 8.662839
v -31.618500 6.366615 9.247441
v -31.618500 6.662519 8.715413
v -31.723539 6.508854 9.360879
v -31.723539 6.836692 8.767987
v -31.933619 6.508854 9.360879
v -31.933619 6.836692 8.767987
v -32.038658 5.761466 9.663565
v -31.933619 5.735160 9.483538
v -31.723539 5.735160 9.483537
v -31.618500 5.761466 9.663565
v -31.723539 5.787770 9.843588
v -31.933619 5.787770 9.843588
v -31.976318 3.915995 9.568934
v -31.902449 3.922242 9.441146
v -31.754713 3.922242 9.441146
v -31.680845 3.915995 9.568934
v -31.754713 3.909749 9.696727
v -31.902449 3.909749 9.696727
v -32.097034 3.446784 9.546000
v -31.962809 3.458134 9.313791
v -31.694357 3.458134 9.313791
v -31.560131 3.446784 9.546000
v -31.694357 3.435434 9.778209
v -31.962809 3.435434 9.778209
v -31.828583 2.956105 9.522017
v -35.013763 7.096786 -2.193893
v -34.899490 8.116828 -2.053391
v -34.902912 6.017245 -2.344972
v -34.459408 8.833861 -1.884571
v -33.788425 9.431406 -1.826574
v -34.392460 5.387072 -2.503215
v -33.754951 4.807529 -2.561212
v -35.396248 7.077898 -0.952712
v -35.356903 7.913270 -0.837646
v -35.358078 6.193799 -1.076440
v -35.205368 8.500489 -0.699389
v -34.612476 8.999338 -0.586596
v -35.182316 5.677713 -1.206034
v -34.962803 5.203092 -1.253532
v -35.154594 7.015042 0.288042
v -35.124283 7.605102 0.369317
v -35.125191 6.390563 0.200647
v -35.007545 8.019882 0.466975
v -34.829571 8.365542 0.500523
v -34.989788 6.026029 0.109108
v -34.820690 5.690783 0.075558
v -28.609522 7.096787 -2.193893
v -28.723791 8.116829 -2.053393
v -28.720371 6.017245 -2.344972
v -29.163876 8.833860 -1.884572
v -29.834858 9.431406 -1.826574
v -29.230825 5.387072 -2.503215
v -29.868332 4.807530 -2.561212
v -28.227036 7.077896 -0.952716
v -28.266380 7.913267 -0.837652
v -28.265203 6.193798 -1.076443
v -28.417917 8.500486 -0.699393
v -29.010807 8.999336 -0.586598
v -28.440971 5.677713 -1.206035
v -28.660482 5.203093 -1.253535
v -28.468691 7.015040 0.288037
v -28.499001 7.605099 0.369313
v -28.498095 6.390562 0.200643
v -28.615734 8.019879 0.466970
v -28.793715 8.365540 0.500520
v -28.633493 6.026028 0.109106
v -28.802593 5.690782 0.075557
v -28.861933 7.098575 -2.133399
v -28.967194 8.038211 -2.003974
v -28.964043 6.104129 -2.272569
v -29.372589 8.698722 -1.848460
v -29.434261 5.523630 -2.418338
v -28.509594 7.081173 -0.990058
v -28.545839 7.850695 -0.884064
v -28.544754 6.266765 -1.104032
v -28.685429 8.391627 -0.756704
v -28.706665 5.791360 -1.223410
vn -0.0000 -0.0000 1.0000
vn 0.8981 -0.4397 -0.0000
vn 0.8981 0.4397 -0.0000
vn -0.3242 0.9460 -0.0000
vn 0.3242 0.9460 -0.0000
vn -0.3241 0.9460 -0.0000
vn -0.8981 0.4397 -0.0000
vn 0.3241 -0.9460 -0.0000
vn 0.3242 -0.9460 -0.0000
vn -0.8981 -0.4397 -0.0000
vn 0.3241 0.9460 -0.0000
vn -0.3241 -0.9460 -0.0000
vn -0.3242 -0.9460 -0.0000
vn -0.0000 -0.9214 -0.3886
vn -0.3458 -0.7407 -0.5761
vn -0.0000 -0.7920 -0.6105
vn -0.4553 0.8500 0.2650
vn -0.0000 0.9954 0.0957
vn -0.0000 0.9661 0.2580
vn -0.4925 0.8203 -0.2909
vn -0.5134 0.8475 0.1350
vn -0.7055 0.7080 -0.0319
vn -0.4653 0.8838 0.0486
vn -0.9058 -0.4165 -0.0775
vn -0.9413 -0.0076 -0.3374
vn -0.7942 -0.4156 -0.4434
vn -0.4229 -0.6733 -0.6065
vn -0.8348 -0.3673 -0.4100
vn -0.8624 -0.2305 -0.4507
vn -0.9217 0.0824 -0.3791
vn -0.8623 0.3989 -0.3119
vn -0.8472 0.4130 -0.3342
vn -0.8517 -0.4208 -0.3123
vn -0.9297 -0.3380 -0.1466
vn -0.9003 0.4350 0.0140
vn -0.6629 0.7107 -0.2355
vn -0.5504 -0.7839 -0.2873
vn -0.8132 -0.4968 -0.3032
vn -0.9058 -0.2923 -0.3067
vn -0.9982 0.0595 0.0031
vn -0.9282 0.3673 0.0590
vn -0.8949 0.3903 0.2164
vn -0.9929 0.0119 -0.1180
vn -0.4788 -0.8068 -0.3462
vn -0.4469 -0.8583 -0.2523
vn -0.3454 -0.8190 -0.4582
vn -0.4253 -0.8636 -0.2708
vn -0.1727 -0.5596 -0.8106
vn -0.4850 0.8627 -0.1436
vn -0.0000 0.9731 0.2305
vn -0.0000 0.9977 -0.0683
vn -0.0000 0.9488 -0.3157
vn -0.9931 0.0863 -0.0788
vn -0.6858 0.7188 0.1144
vn -0.9232 0.3800 0.0575
vn -0.9957 0.0305 0.0879
vn -0.9997 0.0235 0.0115
vn -0.7150 -0.6424 -0.2757
vn -0.9504 -0.2990 0.0861
vn -0.9516 -0.3072 -0.0104
vn -0.4217 0.8902 0.1726
vn -0.0000 0.9892 0.1468
vn -0.9278 0.3710 0.0396
vn -0.9941 0.0185 0.1069
vn -0.9307 0.3622 0.0504
vn -0.3681 -0.8481 -0.3811
vn -0.7587 -0.6514 -0.0045
vn -0.4256 0.8998 -0.0962
vn -0.4153 0.9000 0.1321
vn -0.7611 -0.6287 0.1592
vn -0.9430 -0.2677 0.1975
vn -0.9574 -0.2616 0.1223
vn -0.9913 -0.0006 0.1315
vn -0.7128 0.7012 -0.0128
vn -0.6862 0.7269 -0.0263
vn -0.9867 0.0502 0.1547
vn -0.9258 0.3609 0.1123
vn -0.3290 -0.8079 0.4889
vn -0.3772 -0.9064 0.1900
vn -0.5185 0.8487 0.1040
vn -0.0000 0.9890 -0.1480
vn -0.4944 0.8643 -0.0928
vn 0.6652 -0.3001 0.6837
vn 0.9613 -0.1935 0.1961
vn 0.7221 -0.3132 0.6169
vn -0.9004 -0.3272 -0.2866
vn -0.9855 -0.1368 -0.1006
vn -0.7184 0.6859 0.1156
vn -0.4728 0.8055 0.3573
vn -0.8281 0.4247 0.3659
vn -0.8353 0.2532 0.4880
vn -0.6130 0.5492 0.5680
vn -0.6332 0.7094 0.3095
vn -0.3588 0.7616 0.5397
vn -0.5334 0.6832 0.4988
vn -0.8453 0.4682 0.2575
vn -0.9578 0.1585 0.2397
vn -0.8314 -0.1273 0.5409
vn -0.3942 0.6185 0.6798
vn -0.5328 0.4349 0.7259
vn -0.2794 0.5323 0.7991
vn -0.3680 0.5982 0.7119
vn 0.1367 -0.0298 -0.9902
vn -0.5902 -0.1755 -0.7879
vn -0.8200 -0.5341 -0.2055
vn -0.2136 -0.2414 0.9466
vn -0.3457 0.1642 0.9239
vn -0.3577 -0.3849 0.8509
vn -0.0000 0.4134 0.9105
vn -0.0000 0.6433 0.7656
vn -0.2605 0.1230 0.9576
vn -0.3071 0.4514 0.8378
vn -0.6272 -0.7632 -0.1556
vn -0.7195 0.6815 0.1340
vn -0.7062 -0.5719 0.4174
vn -0.9373 0.0302 -0.3472
vn -0.5474 -0.2586 0.7959
vn 0.1108 -0.2640 0.9581
vn -0.5300 -0.2408 0.8131
vn -0.6106 0.1110 0.7841
vn -0.0000 -0.9808 0.1948
vn -0.3730 -0.9258 -0.0610
vn -0.0000 -0.9964 -0.0852
vn -0.9167 0.3893 0.0899
vn -0.9192 0.3346 -0.2078
vn -0.5542 -0.0647 0.8299
vn -0.0000 -0.9311 -0.3647
vn -0.2359 -0.8787 -0.4150
vn -0.0000 -0.9136 -0.4066
vn 0.8663 -0.1541 -0.4751
vn 0.0384 -0.2675 -0.9628
vn -0.0000 -0.8748 0.4846
vn -0.3294 -0.6814 0.6536
vn -0.0000 -0.3795 0.9252
vn -0.0000 0.8202 0.5721
vn -0.0000 0.9192 0.3939
vn -0.9462 -0.1782 -0.2699
vn -0.6571 0.7479 0.0941
vn -0.6602 0.6866 -0.3045
vn -0.0000 -0.9114 -0.4115
vn -0.0000 -0.9509 -0.3096
vn -0.9999 -0.0118 -0.0060
vn -0.6586 0.6593 0.3626
vn -0.5314 -0.6426 -0.5520
vn -0.0000 0.9958 0.0912
vn -0.0000 0.9893 -0.1458
vn -0.0000 0.9970 0.0770
vn -0.9178 -0.2184 -0.3317
vn -0.8979 -0.4366 -0.0561
vn -0.9216 -0.2410 -0.3043
vn -0.9340 -0.2177 0.2834
vn -0.9028 -0.1614 0.3986
vn -0.4724 -0.2110 0.8558
vn -0.9480 -0.0570 0.3130
vn -0.8756 -0.2603 0.4070
vn 0.7198 -0.2431 0.6502
vn 0.9481 -0.3024 0.0984
vn 0.6638 -0.3761 0.6465
vn 0.6506 -0.3910 -0.6511
vn 0.8178 -0.2912 -0.4964
vn -0.6101 -0.3224 -0.7237
vn 0.9418 -0.3175 0.1110
vn 0.1179 -0.2052 0.9716
vn 0.0647 -0.3039 0.9505
vn 0.0470 -0.2715 0.9613
vn 0.9613 -0.1616 0.2230
vn -0.9407 -0.0207 0.3385
vn -0.3725 -0.2044 0.9052
vn -0.0397 -0.2202 -0.9746
vn -0.5326 -0.0970 -0.8408
vn -0.5529 -0.2186 -0.8041
vn 0.8006 -0.1900 -0.5683
vn 0.7083 -0.3927 -0.5866
vn 0.5087 -0.0281 0.8605
vn 0.9740 -0.1937 0.1179
vn -0.1661 -0.0161 0.9860
vn -0.9543 -0.1542 0.2561
vn -0.6222 -0.0017 0.7829
vn -0.9882 0.0763 0.1331
vn -0.6127 0.0083 0.7903
vn -0.0038 -0.0767 -0.9970
vn -0.2269 0.4933 -0.8397
vn 0.7435 0.1654 -0.6480
vn 0.9745 -0.0480 0.2193
vn 0.9953 -0.0866 0.0443
vn -0.0987 0.0353 0.9945
vn -0.9008 -0.0871 -0.4255
vn -0.9069 -0.1406 -0.3972
vn -0.7058 0.4056 -0.5808
vn -0.9496 0.1419 -0.2794
vn 0.9927 -0.1019 -0.0643
vn -0.9991 -0.0032 -0.0422
vn -0.9492 -0.0691 -0.3069
vn -0.0110 -0.9999 0.0025
vn -0.0127 -0.9999 -0.0018
vn -0.0114 -0.9999 0.0007
vn -0.0110 -0.9999 0.0035
vn -0.0082 -0.9999 0.0071
vn -0.0086 -0.9999 0.0071
vn 0.8302 0.1390 -0.5399
vn 0.2098 0.4701 -0.8573
vn 0.8516 0.3719 -0.3694
vn -0.4796 -0.0745 -0.8743
vn -0.2801 0.4531 -0.8463
vn -0.0403 0.4233 -0.9051
vn -0.1159 -0.3359 -0.9347
vn 0.8890 -0.3959 -0.2303
vn 0.8861 -0.3878 -0.2538
vn 0.7382 -0.5907 -0.3258
vn -0.5468 -0.3131 0.7766
vn -0.3051 -0.3409 0.8892
vn -0.5258 -0.4555 -0.7183
vn -0.8938 -0.1532 -0.4214
vn -0.9213 -0.0293 0.3877
vn -0.4559 -0.1414 0.8787
vn -0.9749 -0.1621 0.1528
vn 0.9245 -0.3256 0.1983
vn 0.9063 -0.2335 -0.3522
vn 0.8475 -0.0757 -0.5254
vn -0.0000 -0.7728 -0.6346
vn 0.1024 -0.5001 -0.8599
vn -0.5837 -0.2174 -0.7823
vn -0.1362 -0.9137 -0.3829
vn 0.1412 -0.0835 0.9865
vn 0.0999 -0.1659 0.9811
vn 0.0548 -0.2756 0.9597
vn 0.2594 -0.3391 0.9043
vn -0.5701 -0.0347 0.8209
vn -0.3618 -0.0819 0.9287
vn -0.0422 -0.1229 -0.9915
vn -0.5329 -0.1088 -0.8391
vn -0.5614 -0.2378 -0.7926
vn 0.7178 -0.1054 -0.6882
vn 0.7439 -0.1115 -0.6589
vn 0.5249 -0.0257 0.8508
vn 0.8847 -0.2530 -0.3915
vn -0.1670 -0.0205 0.9857
vn 0.3695 -0.2000 0.9075
vn -0.9425 -0.0249 0.3332
vn -0.6076 0.0006 0.7942
vn -0.0724 0.5011 -0.8623
vn -0.0747 -0.0786 -0.9941
vn -0.0001 0.5180 -0.8554
vn 0.9823 -0.0236 0.1859
vn 0.9999 0.0050 0.0093
vn -0.8657 -0.0798 -0.4941
vn -0.8480 -0.2193 -0.4826
vn -0.2255 0.5746 -0.7868
vn -0.1239 0.9172 -0.3787
vn -0.9243 0.2086 -0.3196
vn -0.9712 -0.2116 0.1098
vn 0.9992 -0.0019 -0.0398
vn 0.9773 0.0373 -0.2084
vn -0.9893 0.0219 0.1439
vn -0.9008 0.0013 -0.4342
vn -0.9926 0.0468 -0.1122
vn 0.8302 0.1391 -0.5399
vn 0.2053 0.5157 -0.8318
vn 0.8326 0.4519 -0.3204
vn -0.3644 -0.0217 -0.9310
vn 0.9980 0.0627 -0.0017
vn -0.0563 0.9220 -0.3830
vn 0.2963 -0.3131 0.9023
vn 0.7183 -0.1902 -0.6692
vn 0.9271 -0.1758 -0.3310
vn -0.0430 -0.2124 -0.9762
vn -0.4759 -0.6836 -0.5533
vn -0.4388 0.8947 -0.0835
vn -0.0000 -0.7791 -0.6269
vn -0.3433 -0.7121 -0.6124
vn -0.8618 0.4150 -0.2918
vn -0.6561 0.7393 -0.1519
vn -0.7728 -0.3120 -0.5527
vn -0.5288 -0.6286 -0.5703
vn -0.9066 0.0281 -0.4210
vn -0.6516 0.5450 -0.5277
vn -0.6268 0.6989 -0.3444
vn -0.5396 0.7440 -0.3940
vn -0.9488 0.0966 -0.3008
vn -0.9798 -0.0144 -0.1993
vn -0.3894 -0.8943 -0.2205
vn -0.0000 -0.9790 -0.2039
vn -0.9835 0.1424 -0.1113
vn -0.4631 0.6695 -0.5808
vn -0.9449 0.0998 -0.3117
vn -0.5847 -0.7757 -0.2375
vn -0.0000 0.9102 -0.4142
vn -0.4144 0.8105 -0.4141
vn -0.6256 0.6686 -0.4019
vn -0.8493 0.3461 -0.3986
vn -0.6925 0.3805 -0.6130
vn -0.6060 0.4893 -0.6272
vn -0.3869 0.7367 -0.5547
vn -0.5820 0.6146 -0.5324
vn -0.8487 -0.4845 -0.2120
vn -0.4261 -0.0937 -0.8998
vn 0.7992 -0.0957 -0.5934
vn 0.4243 0.1340 -0.8956
vn -0.3925 -0.9183 0.0521
vn -0.0000 -0.9948 0.1017
vn -0.1504 -0.9085 0.3899
vn -0.2765 -0.8408 0.4654
vn -0.3364 -0.8651 0.3721
vn -0.4177 -0.9066 0.0606
vn -0.0000 0.8035 -0.5954
vn -0.4218 -0.8516 0.3113
vn -0.3931 -0.8766 0.2776
vn -0.0000 0.8049 -0.5934
vn -0.4126 0.7130 -0.5668
vn -0.7827 0.3969 -0.4795
vn -0.6226 0.5807 -0.5246
vn -0.8788 0.2625 -0.3986
vn -0.9111 0.1073 -0.3979
vn -0.8869 -0.4605 0.0357
vn -0.9692 0.0241 -0.2451
vn -0.8587 -0.4932 0.1392
vn -0.0000 -0.9378 0.3473
vn -0.6849 -0.7282 -0.0267
vn 0.2252 -0.9564 -0.1857
vn -0.3911 -0.7479 0.5363
vn -0.0000 -0.7852 0.6193
vn -0.5914 -0.6741 0.4425
vn -0.0000 0.6098 -0.7926
vn -0.4436 0.5300 -0.7228
vn -0.6540 0.4064 -0.6381
vn -0.8883 0.1402 -0.4373
vn -0.9345 -0.0747 -0.3480
vn -0.8841 -0.3026 -0.3561
vn -0.8772 -0.2670 0.3991
vn -0.5866 -0.3977 0.7055
vn -0.3985 -0.4480 0.8003
vn -0.0000 -0.4787 0.8780
vn -0.0000 0.3642 -0.9313
vn -0.4617 0.3216 -0.8267
vn -0.9973 -0.0736 0.0046
vn -0.9282 0.0966 -0.3593
vn -0.6880 0.2566 -0.6788
vn -0.8746 0.4707 -0.1161
vn -0.9984 0.0445 0.0345
vn -0.8659 0.4583 -0.2002
vn -0.0000 0.9483 -0.3175
vn -0.5758 0.7237 -0.3804
vn -0.0049 0.8806 -0.4739
vn -0.9980 0.0507 0.0384
vn -0.9209 -0.3107 0.2355
vn -0.6909 -0.6615 0.2917
vn -0.6394 -0.6550 0.4028
vn -0.6717 -0.6267 0.3951
vn -0.5676 -0.7582 0.3209
vn 0.0096 -0.8397 0.5429
vn -0.9308 -0.3209 0.1753
vn -0.4887 0.8303 -0.2677
vn -0.5701 0.7296 -0.3777
vn -0.5898 0.7697 -0.2443
vn -0.5918 0.8044 0.0515
vn -0.4564 0.8886 0.0448
vn -0.9174 -0.3889 0.0847
vn -0.5285 -0.8475 0.0493
vn -0.0000 -0.9233 0.3842
vn -0.6796 -0.7313 0.0577
vn -0.9959 0.0173 0.0886
vn -0.0000 0.9997 0.0239
vn -0.8863 0.4542 0.0908
vn -0.4208 0.7542 0.5040
vn -0.5896 0.6674 0.4550
vn -0.8956 0.3287 0.2998
vn -0.0000 0.8456 0.5338
vn -0.9967 -0.0365 0.0725
vn -0.6742 -0.6546 -0.3418
vn -0.4744 -0.7716 -0.4238
vn -0.0000 -0.9991 0.0415
vn -0.9109 -0.3877 -0.1411
vn -0.9978 -0.0451 0.0476
vn -0.0000 0.4236 0.9059
vn -0.8893 0.1472 0.4330
vn -0.5937 0.3276 0.7350
vn -0.4153 0.3723 0.8300
vn -0.9217 -0.2340 -0.3095
vn -0.4718 -0.4500 -0.7582
vn -0.0000 -0.8653 -0.5013
vn -0.6836 -0.3809 -0.6226
vn -0.4648 -0.0654 -0.8830
vn -0.6852 -0.0618 -0.7257
vn -0.0000 -0.0687 -0.9976
vn -0.9226 -0.0743 -0.3785
vn -0.4089 -0.1055 0.9065
vn -0.5905 -0.0920 0.8018
vn -0.9964 -0.0801 0.0271
vn -0.8880 -0.1010 0.4486
vn -0.0000 -0.1052 0.9944
vn -0.9679 0.2446 -0.0569
vn -0.8208 0.5105 -0.2563
vn -0.1064 0.8690 -0.4833
vn 0.3930 0.8018 -0.4502
vn -0.9954 -0.0023 0.0955
vn -0.7595 -0.5276 0.3804
vn -0.9311 -0.2653 0.2503
vn -0.2775 -0.3929 0.8767
vn -0.0069 0.2062 0.9785
vn -0.0068 0.2062 0.9785
vn -0.5383 0.7310 -0.4194
vn 0.5251 -0.1311 -0.8409
vn 0.6173 -0.4602 -0.6381
vn 0.4038 -0.3571 -0.8423
vn 0.6021 0.6263 -0.4952
vn 0.5068 0.3496 -0.7880
vn 0.3833 0.5323 -0.7548
vn -0.5802 -0.6956 0.4236
vn -0.9424 -0.2762 -0.1888
vn -0.9118 -0.4091 0.0357
vn -0.9219 -0.3873 0.0126
vn -0.9703 0.1769 -0.1653
vn -0.9995 0.0083 -0.0307
vn -0.9869 0.1610 -0.0053
vn 0.8120 0.0889 -0.5769
vn 0.5765 0.1160 -0.8088
vn -0.8120 0.0889 -0.5769
vn -0.5068 0.3496 -0.7880
vn -0.5765 0.1160 -0.8088
vn -0.9359 0.3489 0.0487
vn -0.8638 0.4910 -0.1133
vn 0.9424 -0.2762 -0.1888
vn 0.9118 -0.4091 0.0357
vn 0.9232 -0.2419 -0.2988
vn -0.9746 -0.1618 -0.1548
vn -0.9856 -0.1680 -0.0203
vn 0.9703 0.1769 -0.1653
vn 0.9995 0.0083 -0.0307
vn 0.9849 0.0324 -0.1702
vn -0.9849 0.0324 -0.1702
vn 0.9359 0.3489 0.0487
vn 0.8638 0.4910 -0.1133
vn -0.6173 -0.4602 -0.6381
vn -0.5251 -0.1311 -0.8409
vn -0.4038 -0.3571 -0.8423
vn -0.8566 0.5090 0.0843
vn -0.7278 0.6750 -0.1216
vn 0.4376 -0.6649 0.6053
vn -0.9748 0.1775 -0.1354
vn -0.8952 0.1441 0.4218
vn -0.5750 -0.4827 0.6606
vn -0.0277 0.8038 -0.5943
vn -0.4260 -0.9035 -0.0482
vn -0.3531 -0.8097 0.4687
vn -0.8761 -0.4473 0.1801
vn -0.5381 0.6163 -0.5750
vn -0.6908 0.5960 -0.4094
vn -0.3118 -0.8740 0.3726
vn -0.9362 -0.3087 -0.1679
vn -0.8756 0.4689 -0.1159
vn -0.7048 -0.1425 0.6949
vn -0.8496 0.2968 -0.4360
vn 0.5640 -0.6487 0.5110
vn 0.9992 -0.0182 -0.0367
vn 0.3681 -0.2258 -0.9019
vn 0.3911 -0.2866 -0.8746
vn 0.2724 -0.2529 -0.9283
vn 0.2714 -0.3144 -0.9097
vn 0.3216 -0.3949 -0.8606
vn 0.3061 -0.3206 -0.8964
vn 0.0506 0.0104 -0.9987
vn 0.4086 -0.3017 -0.8614
vn 0.5155 0.7689 -0.3782
vn 0.9941 0.0105 -0.1078
vn 0.4957 0.8595 -0.1248
vn -0.5167 -0.6751 0.5266
vn -0.9861 -0.1331 0.0999
vn -0.4163 -0.8266 0.3788
vn -0.9948 0.0630 -0.0804
vn -0.5730 0.7451 -0.3414
vn 0.5198 -0.7956 0.3111
vn -0.5324 0.8459 -0.0323
vn 0.5025 0.8634 -0.0453
vn -0.5316 0.8470 0.0098
vn 0.4992 -0.8665 0.0015
vn -0.4832 -0.8708 0.0902
vn -0.9951 -0.0633 0.0759
vn -0.0500 0.1831 -0.9818
vn 0.4762 -0.8553 -0.2043
vn 0.9860 0.0063 -0.1668
vn -0.4885 -0.8619 -0.1361
vn -0.9967 -0.0678 -0.0443
vn -0.4352 0.3899 -0.8115
vn -0.5142 0.0682 -0.8549
vn -0.9773 -0.0073 -0.2119
vn -0.9431 -0.3171 0.1001
vn 0.3458 -0.7407 -0.5761
vn 0.4553 0.8500 0.2650
vn 0.5134 0.8475 0.1350
vn 0.4925 0.8203 -0.2909
vn 0.7055 0.7080 -0.0319
vn 0.6873 0.7146 0.1306
vn 0.9058 -0.4165 -0.0775
vn 0.9413 -0.0076 -0.3374
vn 0.9999 -0.0118 -0.0060
vn 0.4229 -0.6733 -0.6065
vn 0.8348 -0.3673 -0.4100
vn 0.5258 -0.4555 -0.7183
vn 0.9217 0.0824 -0.3791
vn 0.8623 0.3989 -0.3119
vn 0.9373 0.0302 -0.3472
vn 0.8517 -0.4208 -0.3123
vn 0.9003 0.4350 0.0140
vn 0.6629 0.7107 -0.2355
vn 0.6571 0.7479 0.0941
vn 0.5504 -0.7839 -0.2873
vn 0.8132 -0.4968 -0.3032
vn 0.4788 -0.8068 -0.3462
vn 0.9982 0.0595 0.0031
vn 0.9282 0.3673 0.0590
vn 0.9929 0.0119 -0.1180
vn 0.8472 0.4130 -0.3342
vn 0.4469 -0.8583 -0.2523
vn 0.4253 -0.8636 -0.2708
vn 0.3454 -0.8190 -0.4582
vn 0.1727 -0.5596 -0.8106
vn 0.4850 0.8627 -0.1436
vn 0.9931 0.0863 -0.0788
vn 0.6858 0.7188 0.1144
vn 0.9232 0.3800 0.0575
vn 0.9957 0.0305 0.0879
vn 0.9997 0.0235 0.0115
vn 0.7150 -0.6424 -0.2757
vn 0.9504 -0.2990 0.0861
vn 0.7587 -0.6514 -0.0045
vn 0.4217 0.8902 0.1726
vn 0.9941 0.0185 0.1069
vn 0.9278 0.3710 0.0396
vn 0.9307 0.3622 0.0504
vn 0.3681 -0.8481 -0.3811
vn 0.3730 -0.9258 -0.0610
vn 0.4256 0.8998 -0.0962
vn 0.4153 0.9000 0.1321
vn 0.7611 -0.6287 0.1592
vn 0.9430 -0.2677 0.1975
vn 0.7062 -0.5719 0.4174
vn 0.9913 -0.0006 0.1315
vn 0.7128 0.7012 -0.0128
vn 0.6862 0.7269 -0.0263
vn 0.9574 -0.2616 0.1223
vn 0.9258 0.3609 0.1123
vn 0.9867 0.0502 0.1547
vn 0.3290 -0.8079 0.4889
vn 0.3772 -0.9064 0.1900
vn 0.5185 0.8487 0.1040
vn 0.4944 0.8643 -0.0928
vn -0.9613 -0.1935 0.1961
vn -0.6652 -0.3001 0.6837
vn -0.7221 -0.3132 0.6169
vn 0.9004 -0.3272 -0.2866
vn 0.9855 -0.1368 -0.1006
vn 0.9462 -0.1782 -0.2699
vn 0.4728 0.8055 0.3573
vn 0.7184 0.6859 0.1156
vn 0.8281 0.4247 0.3659
vn 0.8353 0.2532 0.4880
vn 0.9578 0.1585 0.2397
vn 0.6332 0.7094 0.3095
vn 0.3588 0.7616 0.5397
vn 0.5334 0.6832 0.4988
vn 0.8453 0.4682 0.2575
vn 0.8314 -0.1273 0.5409
vn 0.9762 -0.0541 0.2100
vn 0.3942 0.6185 0.6798
vn 0.5328 0.4349 0.7259
vn 0.6130 0.5492 0.5680
vn 0.3680 0.5982 0.7119
vn -0.1367 -0.0298 -0.9902
vn 0.5902 -0.1755 -0.7879
vn -0.0384 -0.2675 -0.9628
vn 0.2024 -0.2307 0.9518
vn 0.3457 0.1642 0.9239
vn 0.2605 0.1230 0.9576
vn 0.3071 0.4514 0.8378
vn 0.6272 -0.7632 -0.1556
vn 0.7942 -0.4156 -0.4434
vn 0.8949 0.3903 0.2164
vn 0.7195 0.6815 0.1340
vn 0.9297 -0.3380 -0.1466
vn 0.9516 -0.3072 -0.0104
vn 0.8200 -0.5341 -0.2055
vn -0.1281 -0.2863 0.9495
vn 0.5691 -0.2350 0.7879
vn 0.5450 -0.2676 0.7946
vn 0.6602 0.6866 -0.3045
vn 0.6106 0.1111 0.7841
vn 0.9167 0.3893 0.0899
vn 0.8624 -0.2305 -0.4507
vn 0.5660 -0.0458 0.8231
vn 0.2359 -0.8787 -0.4150
vn -0.8663 -0.1541 -0.4751
vn -0.8178 -0.2912 -0.4964
vn 0.9058 -0.2923 -0.3067
vn 0.3294 -0.6814 0.6536
vn -0.0000 -0.7849 0.6196
vn 0.2794 0.5323 0.7991
vn -0.0000 0.0590 0.9983
vn 0.9192 0.3346 -0.2078
vn 0.6586 0.6593 0.3626
vn 0.5314 -0.6426 -0.5520
vn 0.4653 0.8838 0.0486
vn 0.9178 -0.2184 -0.3317
vn 0.8979 -0.4366 -0.0561
vn 0.9216 -0.2410 -0.3043
vn 0.6101 -0.3224 -0.7237
vn 0.9238 -0.2366 0.3011
vn 0.4724 -0.2110 0.8558
vn 0.9028 -0.1614 0.3986
vn 0.9480 -0.0570 0.3130
vn 0.8293 -0.3417 0.4422
vn -0.9481 -0.3024 0.0984
vn -0.7198 -0.2431 0.6502
vn -0.6638 -0.3761 0.6465
vn -0.6506 -0.3910 -0.6511
vn 0.1159 -0.3359 -0.9347
vn -0.9418 -0.3175 0.1110
vn -0.1179 -0.2052 0.9716
vn 0.3725 -0.2044 0.9052
vn -0.0470 -0.2715 0.9613
vn -0.9613 -0.1616 0.2230
vn 0.9407 -0.0207 0.3385
vn 0.0397 -0.2202 -0.9746
vn 0.5326 -0.0970 -0.8408
vn 0.0038 -0.0767 -0.9970
vn -0.8006 -0.1900 -0.5683
vn -0.7083 -0.3927 -0.5866
vn -0.9740 -0.1937 0.1179
vn -0.5087 -0.0281 0.8605
vn 0.1661 -0.0161 0.9860
vn 0.6222 -0.0017 0.7829
vn -0.0647 -0.3039 0.9505
vn 0.9526 -0.1375 0.2713
vn 0.9882 0.0763 0.1331
vn 0.2269 0.4933 -0.8397
vn 0.0403 0.4233 -0.9051
vn -0.7435 0.1654 -0.6480
vn -0.9953 -0.0866 0.0443
vn -0.9745 -0.0480 0.2193
vn 0.0987 0.0353 0.9945
vn 0.6127 0.0083 0.7903
vn 0.5529 -0.2186 -0.8041
vn 0.9008 -0.0871 -0.4255
vn 0.9069 -0.1406 -0.3972
vn 0.7058 0.4056 -0.5808
vn 0.2801 0.4531 -0.8463
vn -0.9927 -0.1019 -0.0643
vn -0.9821 -0.1879 0.0154
vn 0.9991 -0.0032 -0.0422
vn 0.9496 0.1419 -0.2794
vn 0.9492 -0.0691 -0.3069
vn 0.0120 -0.9999 0.0016
vn 0.0107 -0.9999 -0.0013
vn 0.0116 -0.9999 0.0041
vn 0.0090 -0.9999 0.0083
vn 0.0102 -0.9999 0.0028
vn -0.2098 0.4701 -0.8573
vn -0.8301 0.1391 -0.5399
vn -0.8516 0.3719 -0.3694
vn 0.4796 -0.0745 -0.8743
vn -0.1683 -0.0039 -0.9857
vn -0.8861 -0.3878 -0.2538
vn -0.8890 -0.3959 -0.2303
vn -0.7382 -0.5907 -0.3258
vn 0.3051 -0.3409 0.8892
vn 0.5468 -0.3131 0.7766
vn 0.8938 -0.1532 -0.4214
vn 0.5837 -0.2174 -0.7823
vn 0.4559 -0.1414 0.8787
vn 0.9213 -0.0293 0.3877
vn 0.9749 -0.1621 0.1528
vn -0.9063 -0.2335 -0.3522
vn -0.9245 -0.3256 0.1983
vn -0.8475 -0.0757 -0.5254
vn -0.1024 -0.5001 -0.8599
vn 0.0430 -0.2124 -0.9762
vn 0.1362 -0.9137 -0.3829
vn -0.1412 -0.0835 0.9865
vn 0.3618 -0.0819 0.9287
vn -0.2594 -0.3391 0.9043
vn -0.0548 -0.2756 0.9597
vn 0.5701 -0.0347 0.8209
vn 0.9425 -0.0250 0.3332
vn 0.0422 -0.1229 -0.9915
vn 0.5329 -0.1088 -0.8391
vn 0.0747 -0.0786 -0.9941
vn -0.7178 -0.1054 -0.6882
vn -0.7439 -0.1115 -0.6589
vn -0.8847 -0.2530 -0.3915
vn -0.5249 -0.0257 0.8508
vn 0.1670 -0.0205 0.9857
vn -0.0999 -0.1659 0.9811
vn 0.6076 0.0006 0.7942
vn 0.0724 0.5011 -0.8623
vn 0.0001 0.5180 -0.8554
vn -0.9999 0.0050 0.0093
vn -0.9823 -0.0236 0.1859
vn 0.5614 -0.2377 -0.7927
vn 0.8657 -0.0798 -0.4941
vn 0.8480 -0.2193 -0.4826
vn 0.2255 0.5746 -0.7868
vn 0.1239 0.9172 -0.3787
vn 0.0563 0.9220 -0.3830
vn 0.9712 -0.2116 0.1098
vn -0.9773 0.0373 -0.2084
vn -0.9992 -0.0018 -0.0398
vn 0.9243 0.2086 -0.3196
vn 0.9893 0.0219 0.1439
vn 0.9926 0.0468 -0.1122
vn 0.9008 0.0013 -0.4342
vn -0.2053 0.5157 -0.8318
vn -0.8302 0.1391 -0.5399
vn -0.8326 0.4519 -0.3204
vn 0.3644 -0.0217 -0.9310
vn -0.9980 0.0627 -0.0017
vn -0.2963 -0.3131 0.9023
vn -0.7183 -0.1902 -0.6692
vn -0.9271 -0.1758 -0.3310
vn 0.3577 -0.3849 0.8509
vn 0.4759 -0.6836 -0.5533
vn 0.4388 0.8947 -0.0835
vn 0.3433 -0.7121 -0.6124
vn 0.8618 0.4152 -0.2914
vn 0.6561 0.7393 -0.1519
vn 0.7728 -0.3120 -0.5527
vn 0.5288 -0.6286 -0.5703
vn 0.9066 0.0281 -0.4210
vn 0.6268 0.6989 -0.3444
vn 0.6516 0.5450 -0.5277
vn 0.5396 0.7440 -0.3940
vn 0.9798 -0.0175 -0.1995
vn 0.8483 0.3474 -0.3995
vn 0.3894 -0.8943 -0.2205
vn 0.4631 0.6695 -0.5808
vn 0.9835 0.1424 -0.1113
vn 0.9449 0.0998 -0.3117
vn 0.5847 -0.7757 -0.2375
vn -0.0000 0.9983 -0.0590
vn 0.6256 0.6686 -0.4019
vn 0.6060 0.4893 -0.6272
vn 0.7827 0.3969 -0.4795
vn 0.3869 0.7367 -0.5547
vn 0.4144 0.8105 -0.4141
vn 0.4277 -0.0976 -0.8986
vn -0.7978 -0.0994 -0.5947
vn -0.2220 -0.9565 -0.1890
vn 0.3925 -0.9183 0.0521
vn 0.1511 -0.9063 0.3947
vn 0.2765 -0.8408 0.4654
vn 0.2487 -0.8848 0.3940
vn 0.4356 -0.8982 0.0587
vn 0.4218 -0.8516 0.3113
vn 0.6226 0.5807 -0.5246
vn 0.5820 0.6146 -0.5324
vn 0.4126 0.7130 -0.5668
vn 0.9111 0.1073 -0.3979
vn 0.8496 0.2968 -0.4360
vn 0.8869 -0.4605 0.0357
vn 0.9692 0.0241 -0.2451
vn 0.3931 -0.8766 0.2776
vn 0.6849 -0.7282 -0.0267
vn 0.3911 -0.7479 0.5363
vn 0.5914 -0.6741 0.4425
vn 0.8788 0.2625 -0.3986
vn 0.6540 0.4064 -0.6381
vn 0.4436 0.5300 -0.7228
vn 0.9338 -0.0752 -0.3497
vn 0.8772 -0.2670 0.3991
vn 0.3985 -0.4480 0.8003
vn 0.9973 -0.0727 0.0044
vn 0.8841 -0.3026 -0.3561
vn 0.8884 0.1393 -0.4375
vn 0.5866 -0.3977 0.7055
vn 0.6880 0.2566 -0.6788
vn 0.8746 0.4707 -0.1161
vn 0.9972 0.0476 0.0573
vn 0.9980 0.0507 0.0384
vn 0.5897 0.7211 -0.3638
vn 0.4887 0.8303 -0.2677
vn 0.9223 -0.3022 0.2409
vn 0.9308 -0.3209 0.1753
vn 0.6909 -0.6615 0.2917
vn 0.6207 -0.6497 0.4389
vn 0.5676 -0.7582 0.3209
vn 0.6693 -0.6268 0.3989
vn 0.5858 0.7416 -0.3269
vn 0.5898 0.7697 -0.2443
vn 0.8626 0.4779 -0.1660
vn 0.5918 0.8044 0.0515
vn 0.8863 0.4542 0.0908
vn 0.4564 0.8886 0.0448
vn 0.9174 -0.3889 0.0847
vn 0.6796 -0.7313 0.0577
vn 0.5285 -0.8475 0.0493
vn 0.9959 0.0173 0.0886
vn 0.4208 0.7542 0.5040
vn 0.5896 0.6674 0.4550
vn 0.8956 0.3287 0.2998
vn 0.9967 -0.0365 0.0725
vn 0.9109 -0.3877 -0.1411
vn 0.6742 -0.6546 -0.3418
vn 0.4744 -0.7716 -0.4238
vn 0.9978 -0.0451 0.0476
vn 0.9217 -0.2340 -0.3095
vn 0.4153 0.3723 0.8300
vn 0.8893 0.1472 0.4330
vn 0.5937 0.3276 0.7350
vn 0.6836 -0.3809 -0.6226
vn 0.4718 -0.4500 -0.7582
vn -0.0000 -0.5020 -0.8649
vn 0.4648 -0.0654 -0.8830
vn 0.6852 -0.0619 -0.7257
vn 0.9226 -0.0743 -0.3785
vn 0.4089 -0.1055 0.9065
vn 0.5905 -0.0920 0.8018
vn 0.8880 -0.1010 0.4486
vn 0.9964 -0.0801 0.0271
vn 0.9284 0.0969 -0.3587
vn 0.4617 0.3216 -0.8267
vn 0.9754 -0.1585 0.1531
vn 0.7390 0.5656 -0.3660
vn 0.8505 -0.4169 0.3207
vn 0.0720 -0.4457 0.8923
vn 0.5673 -0.6802 0.4643
vn 0.9144 0.3305 -0.2337
vn 0.9946 0.0961 -0.0391
vn 0.9746 -0.1618 -0.1548
vn 0.9219 -0.3873 0.0126
vn 0.5134 -0.8219 0.2467
vn -0.6021 0.6263 -0.4952
vn -0.3833 0.5323 -0.7548
vn 0.4849 -0.4851 -0.7277
vn 0.3521 -0.4125 -0.8402
vn -0.4376 -0.6649 0.6053
vn 0.5025 0.6433 -0.5776
vn 0.3388 0.5610 -0.7553
vn 0.6347 0.6221 0.4584
vn -0.5134 -0.8219 0.2467
vn 0.5666 0.5849 0.5804
vn 0.5819 0.6466 0.4932
vn -0.5025 0.6433 -0.5776
vn -0.3388 0.5610 -0.7553
vn 0.5802 -0.6956 0.4236
vn -0.6347 0.6221 0.4584
vn -0.7782 -0.2186 -0.5888
vn -0.5666 0.5849 0.5804
vn 0.7782 -0.2186 -0.5888
vn -0.5819 0.6466 0.4932
vn 0.5750 -0.4827 0.6606
vn 0.8952 0.1441 0.4218
vn 0.9748 0.1772 -0.1355
vn 0.0277 0.8038 -0.5943
vn 0.8454 -0.4860 -0.2215
vn 0.3364 -0.8651 0.3721
vn 0.8761 -0.4473 0.1801
vn 0.5381 0.6163 -0.5750
vn 0.8587 -0.4932 0.1392
vn 0.3531 -0.8097 0.4687
vn 0.5586 -0.8182 -0.1363
vn 0.6916 0.5961 -0.4079
vn 0.8737 -0.4757 -0.1018
vn 0.8756 0.4689 -0.1159
vn 0.7048 -0.1426 0.6949
vn -0.9997 -0.0182 -0.0177
vn -0.5542 -0.6487 0.5216
vn -0.3580 -0.2366 -0.9033
vn -0.3764 -0.2877 -0.8807
vn -0.3908 -0.2997 -0.8703
vn -0.2769 -0.3105 -0.9093
vn -0.2760 -0.2580 -0.9259
vn -0.3063 -0.3143 -0.8985
vn -0.4326 0.1282 -0.8924
vn -0.3213 -0.3833 -0.8660
vn -0.0571 0.0199 -0.9982
vn -0.5226 0.7689 -0.3683
vn -0.9960 0.0105 -0.0889
vn 0.5266 -0.6751 0.5167
vn 0.9878 -0.1331 0.0811
vn 0.9931 0.0630 -0.0993
vn 0.5664 0.7451 -0.3522
vn -0.5138 -0.7956 0.3210
vn 0.5317 0.8459 -0.0424
vn -0.5033 0.8634 -0.0357
vn -0.4980 0.8595 -0.1154
vn -0.4991 -0.8665 0.0110
vn 0.4849 -0.8708 0.0810
vn 0.4234 -0.8266 0.3708
vn 0.9964 -0.0633 0.0570
vn 0.5317 0.8470 -0.0003
vn 0.0313 0.1831 -0.9826
vn -0.4800 -0.8553 -0.1952
vn -0.9890 0.0062 -0.1481
vn 0.4858 -0.8619 -0.1454
vn 0.9957 -0.0678 -0.0632
vn 0.5142 0.0682 -0.8549
vn 0.4352 0.3899 -0.8115
vn 0.9431 -0.3171 0.1001
vn 0.9748 0.0573 -0.2157
vn -1.0000 -0.0000 -0.0000
vn 0.7886 0.4750 -0.3904
vn 0.6945 0.5067 -0.5107
vn 0.9468 0.1050 -0.3044
vn 0.7709 0.2552 -0.5836
vn -0.0000 -1.0000 -0.0000
vn -0.2931 0.2577 -0.9207
vn -0.0000 -0.0000 -1.0000
vn -0.6945 0.5067 -0.5108
vn -0.7991 0.4681 -0.3772
vn 1.0000 -0.0000 -0.0000
vn -0.7709 0.2552 -0.5836
vn 0.9763 -0.0702 -0.2048
vn 0.2930 0.2577 -0.9207
vn -0.9737 0.0769 -0.2146
vn -0.9586 0.1287 -0.2541
vn -0.9974 0.0490 0.0530
vn -0.5237 -0.7436 -0.4157
vn -0.5322 -0.6288 -0.5668
vn 0.5237 -0.7436 -0.4157
vn 0.5322 -0.6288 -0.5668
vn 0.9974 0.0490 0.0530
vn 0.9976 0.0606 0.0330
vn 0.4688 0.6525 0.5953
vn -0.9948 0.0238 0.0986
vn -0.4966 0.0715 0.8650
vn -0.4609 0.2174 0.8604
vn 0.4648 0.7749 0.4285
vn -0.4688 0.6525 0.5953
vn -0.9976 0.0606 0.0330
vn -0.5490 -0.2584 -0.7948
vn 0.4609 0.2174 0.8604
vn 0.5490 -0.2584 -0.7948
vn 0.9948 0.0238 0.0986
vn 0.4969 -0.1536 0.8541
vn 0.4966 0.0715 0.8650
vn 0.9935 0.1139 0.0051
vn 0.4964 0.1573 -0.8537
vn -0.4964 0.1573 -0.8537
vn -0.9935 0.1139 0.0051
vn -0.4969 -0.1536 0.8541
vn -0.9937 -0.1115 -0.0055
vn -0.0000 -0.9988 -0.0488
vn 0.4969 -0.0695 -0.8650
vn -0.4969 -0.0695 -0.8650
vn 0.9937 -0.1115 -0.0055
vn -0.9208 -0.3833 -0.0720
vn -0.9817 -0.1862 -0.0396
vn -0.6499 0.7600 0.0001
vn -0.7514 0.3386 -0.5664
vn -0.9981 0.0176 -0.0594
vn -0.9855 0.1594 -0.0576
vn -0.8740 -0.4454 -0.1943
vn -0.8536 0.5207 0.0142
vn -0.8806 -0.4127 0.2331
vn -0.9576 -0.2026 0.2048
vn -0.8047 0.5069 0.3090
vn -0.9697 0.1152 0.2154
vn -0.8581 -0.4504 0.2467
vn -0.9137 0.2999 0.2741
vn 0.9208 -0.3833 -0.0720
vn 0.6499 0.7600 0.0001
vn 0.8536 0.5207 0.0142
vn 0.7514 0.3386 -0.5664
vn 0.9981 0.0176 -0.0594
vn 0.8740 -0.4454 -0.1943
vn 0.9817 -0.1862 -0.0396
vn 0.8806 -0.4127 0.2331
vn 0.8047 0.5069 0.3090
vn 0.9137 0.2999 0.2741
vn 0.9697 0.1152 0.2154
vn 0.9855 0.1594 -0.0576
vn 0.8581 -0.4504 0.2467
vn 0.9576 -0.2026 0.2048
vn -0.4892 -0.4367 -0.7550
vn -0.5723 -0.4627 -0.6770
vn -0.6753 -0.4366 -0.5944
vn -0.4639 0.5736 -0.6751
vn -0.5805 0.6106 -0.5387
vn -0.3781 0.6117 -0.6948
vn -0.6236 0.3752 -0.6858
vn -0.8553 0.0812 -0.5117
vn -0.7920 0.3425 -0.5054
vn -0.6416 -0.2209 -0.7346
vn -0.8154 -0.2414 -0.5262
vn -0.7037 0.1010 -0.7032
vn -0.6601 0.5901 -0.4647
vn -0.9232 -0.2419 -0.2988
vn 0.4892 -0.4367 -0.7550
vn 0.5723 -0.4627 -0.6770
vn 0.4013 -0.4883 -0.7750
vn 0.4639 0.5736 -0.6751
vn 0.5805 0.6106 -0.5387
vn 0.6601 0.5901 -0.4647
vn 0.6236 0.3752 -0.6858
vn 0.8553 0.0812 -0.5117
vn 0.7037 0.1010 -0.7032
vn 0.6416 -0.2209 -0.7346
vn 0.6753 -0.4366 -0.5944
vn 0.8154 -0.2414 -0.5262
vn 0.7278 0.6750 -0.1216
vn 0.7920 0.3425 -0.5054
vn -0.4849 -0.4851 -0.7277
vn -0.3521 -0.4125 -0.8402
vn 0.8566 0.5090 0.0843
vn 0.9856 -0.1680 -0.0203
vn -0.0000 0.0001 1.0000
vn -0.6873 0.7146 0.1306
vn -0.9762 -0.0541 0.2100
vn 0.9821 -0.1879 0.0154
vn 0.1331 0.0057 0.9911
vn -0.0086 -0.9999 0.0075
vn -0.0216 -0.9998 -0.0000
vn -0.0111 -0.9999 0.0020
vn -0.0131 -0.9999 -0.0000
vn -0.0140 -0.9998 0.0132
vn 0.1683 -0.0039 -0.9857
vn -0.9679 0.0191 -0.2506
vn -0.0140 -0.9998 0.0131
vn -0.0069 0.2061 0.9785
vn -0.0067 0.2062 0.9785
vn 0.9869 0.1610 -0.0053
vn -0.1331 0.0057 0.9911
vn 0.0405 -0.9991 0.0078
vn 0.0131 -0.9999 -0.0000
vn 0.0070 -0.9999 0.0115
vn 0.0109 -0.9999 0.0023
vn 0.0140 -0.9998 0.0132
vn 0.0073 -0.9999 0.0078
vn -0.3695 -0.2000 0.9075
vn 0.9679 0.0191 -0.2506
vn 0.0140 -0.9998 0.0131
vn 0.6925 0.3805 -0.6130
vn -0.0070 0.2062 0.9785
vn 0.9669 0.0523 -0.2496
vn -0.4647 0.7749 0.4285
vn -0.9815 -0.0216 0.1901
vn 0.9815 -0.0216 0.1901
vn -0.4013 -0.4883 -0.7750
vn 0.3781 0.6117 -0.6948
s 1
f 6//1 2//1 826//1
f 9//2 7//3 6//2
f 4//4 8//5 11//5
f 1//6 3//7 2//7
f 10//8 6//2 5//9
f 8//5 12//3 11//5
f 813//1 14//1 18//1
f 21//10 19//7 24//7
f 20//4 16//11 23//4
f 14//3 16//11 13//11
f 17//12 21//10 22//13
f 23//4 19//7 20//4
f 487//14 91//15 485//16
f 94//17 501//18 488//19
f 96//20 501//18 106//21
f 26//22 94//17 92//23
f 85//24 40//25 88//26
f 29//27 81//28 90//29
f 42//30 78//31 69//32
f 81//28 182//33 83//34
f 65//35 45//36 78//31
f 27//37 87//38 85//39
f 41//40 76//41 74//42
f 60//43 69//32 76//41
f 29//27 87//38 44//44
f 93//45 44//44 27//37
f 95//46 44//44 107//47
f 108//48 29//27 95//46
f 109//49 506//50 504//51
f 109//49 490//52 96//20
f 78//31 62//53 65//35
f 49//54 65//35 68//55
f 48//56 68//55 61//57
f 50//58 79//59 82//60
f 110//61 508//62 506//50
f 62//53 68//55 65//35
f 77//63 51//64 70//65
f 111//66 31//67 50//58
f 98//68 508//62 112//69
f 33//70 84//71 80//72
f 63//73 70//65 51//64
f 34//74 98//68 32//75
f 80//72 48//56 79//59
f 54//76 75//77 63//73
f 113//78 33//70 99//79
f 114//80 494//81 100//82
f 142//83 127//84 131//85
f 86//86 126//87 54//76
f 86//86 63//73 84//71
f 52//88 102//89 114//80
f 66//90 56//91 73//92
f 36//93 103//94 102//89
f 37//95 72//96 66//90
f 55//97 129//98 56//91
f 38//99 71//100 57//101
f 37//95 104//102 103//94
f 101//103 118//104 35//105
f 115//106 39//107 58//108
f 104//102 512//109 499//110
f 105//111 512//109 116//112
f 88//26 27//113 85//24
f 45//36 69//32 78//31
f 43//114 74//42 76//41
f 79//59 33//70 80//72
f 126//87 55//97 54//76
f 61//57 83//34 82//60
f 35//105 84//71 53//115
f 83//34 59//116 81//28
f 144//117 132//118 130//119
f 75//77 34//74 70//65
f 69//32 43//114 76//41
f 77//63 49//54 68//55
f 73//92 64//120 71//100
f 493//121 97//122 491//123
f 74//124 26//22 67//125
f 90//29 60//43 87//38
f 56//91 89//126 64//120
f 48//56 82//60 79//59
f 507//127 188//128 505//129
f 495//130 117//131 101//103
f 59//116 90//29 81//28
f 60//43 85//39 87//38
f 509//132 101//133 113//78
f 84//71 51//64 80//72
f 64//120 39//107 71//100
f 39//107 57//101 71//100
f 39//107 116//112 57//101
f 38//99 116//112 104//102
f 511//134 105//111 115//106
f 115//106 131//85 511//134
f 73//92 37//95 66//90
f 102//89 498//135 496//136
f 35//105 119//137 86//86
f 72//96 52//88 75//77
f 52//88 100//82 34//74
f 509//132 99//79 493//121
f 53//115 101//133 35//105
f 70//65 32//75 77//63
f 32//75 112//69 49//54
f 507//127 97//122 111//66
f 47//138 112//69 110//61
f 31//67 99//79 33//70
f 45//36 110//61 109//49
f 30//139 109//49 96//20
f 489//140 108//48 95//46
f 489//140 107//47 502//141
f 487//14 107//47 93//45
f 67//125 41//142 74//124
f 30//139 106//21 43//114
f 28//143 106//21 94//17
f 25//144 93//45 27//113
f 66//90 54//76 55//97
f 103//94 499//110 498//135
f 114//80 496//136 510//145
f 492//146 100//82 494//81
f 486//147 94//17 488//19
f 184//148 187//149 83//34
f 118//104 135//150 119//137
f 121//151 126//87 119//137
f 145//152 175//153 176//154
f 129//98 121//151 124//155
f 148//156 177//157 180//158
f 141//159 117//131 128//160
f 117//131 134//161 118//104
f 140//162 128//160 127//84
f 130//119 129//98 124//155
f 175//153 149//163 179//164
f 143//165 131//85 132//118
f 127//84 495//130 497//166
f 151//167 150//168 145//152
f 174//169 122//170 173//171
f 147//172 174//169 178//173
f 154//174 146//175 148//156
f 150//168 155//176 149//163
f 177//157 147//172 178//173
f 149//163 180//158 179//164
f 119//137 137//177 121//151
f 156//178 158//179 163//180
f 123//181 138//182 122//170
f 153//183 123//181 147//172
f 161//184 152//185 154//174
f 156//178 162//186 155//176
f 152//185 147//172 146//175
f 149//163 154//174 148//156
f 173//171 120//187 172//188
f 120//187 176//154 172//188
f 138//182 166//189 136//190
f 124//155 137//177 130//119
f 152//185 160//191 153//183
f 162//186 154//174 155//176
f 157//192 151//167 136//190
f 136//190 171//193 157//192
f 122//170 136//190 120//187
f 120//187 151//167 145//152
f 160//194 157//195 167//196
f 158//197 161//198 162//199
f 169//200 164//201 168//202
f 170//203 166//189 165//204
f 164//201 170//203 165//204
f 160//191 168//202 153//183
f 168//202 139//205 153//183
f 139//205 165//204 138//182
f 89//126 132//118 115//106
f 131//85 497//166 511//134
f 172//188 137//177 135//150
f 134//161 172//188 135//150
f 179//164 142//83 143//165
f 177//157 141//159 140//162
f 141//159 174//169 133//206
f 133//206 173//171 134//161
f 175//153 143//165 144//117
f 180//158 140//162 142//83
f 137//177 175//153 144//117
f 198//207 238//208 188//209
f 187//149 200//210 181//211
f 46//212 191//213 182//33
f 201//214 231//215 232//216
f 204//217 233//218 236//219
f 503//220 237//221 108//48
f 108//48 190//222 46//212
f 238//223 503//220 505//129
f 231//215 205//224 235//225
f 199//226 188//227 181//211
f 201//214 212//228 206//229
f 230//230 185//231 229//232
f 203//233 230//230 234//234
f 210//235 202//236 204//217
f 206//229 211//237 205//224
f 233//218 203//233 234//234
f 235//225 204//217 236//238
f 191//213 184//148 182//33
f 207//239 219//240 212//228
f 195//241 185//231 186//242
f 209//243 186//242 203//233
f 217//244 208//245 210//235
f 212//228 218//186 211//237
f 208//245 203//233 202//236
f 205//224 210//235 204//217
f 229//232 183//246 228//247
f 183//246 232//216 228//247
f 194//248 222//249 192//250
f 184//148 193//251 187//149
f 215//252 209//253 208//245
f 218//186 210//235 211//237
f 192//250 214//254 207//239
f 222//255 213//256 192//250
f 185//231 192//250 183//246
f 192//250 201//214 183//246
f 216//194 213//195 223//196
f 214//197 217//198 218//199
f 225//257 220//258 224//259
f 226//203 222//255 221//260
f 220//258 226//203 221//260
f 216//261 224//259 209//253
f 224//259 195//241 209//243
f 195//241 221//262 194//248
f 228//247 193//251 191//213
f 190//222 228//247 191//213
f 235//225 198//263 199//226
f 233//218 197//264 196//265
f 197//264 230//230 189//266
f 189//266 229//232 190//222
f 231//215 199//226 200//210
f 236//219 196//265 198//207
f 232//216 200//210 193//251
f 58//108 64//120 89//126
f 82//60 187//149 50//58
f 111//66 181//267 188//128
f 111//66 50//58 181//267
f 193//251 200//210 187//149
f 200//210 199//226 181//211
f 83//34 182//33 184//148
f 50//58 187//149 181//267
f 238//223 505//129 188//128
f 238//208 197//264 237//221
f 237//221 189//266 108//48
f 486//147 245//268 92//23
f 91//15 642//269 485//16
f 25//144 244//270 91//15
f 26//22 242//271 67//125
f 92//23 240//272 26//22
f 40//25 243//273 88//26
f 88//26 239//274 25//144
f 67//125 241//275 40//25
f 253//276 356//277 347//278
f 242//271 350//279 349//280
f 642//269 249//281 649//282
f 358//283 339//284 340//285
f 244//270 246//286 249//281
f 245//268 650//287 250//288
f 242//271 247//289 248//290
f 245//268 247//289 240//272
f 247//289 820//291 814//292
f 247//289 257//293 252//294
f 243//273 349//280 354//295
f 260//296 364//297 363//298
f 649//282 256//299 658//300
f 255//301 362//302 342//303
f 249//281 251//304 256//299
f 250//288 659//305 257//293
f 256//299 258//306 263//307
f 257//293 668//308 264//309
f 254//310 259//311 261//312
f 252//294 264//309 259//311
f 253//276 390//313 260//296
f 341//314 343//315 346//316
f 658//300 263//307 667//317
f 255//301 258//306 251//304
f 260//296 269//318 262//319
f 667//317 270//320 676//321
f 258//306 269//318 265//322
f 263//307 265//322 270//320
f 264//309 677//323 271//324
f 261//312 266//325 268//326
f 259//311 271//324 266//325
f 260//296 388//327 267//328
f 265//322 274//329 278//330
f 676//321 273//331 679//332
f 271//324 678//333 272//334
f 269//318 276//335 274//329
f 388//327 275//336 276//335
f 270//320 278//330 273//331
f 271//324 277//337 266//325
f 268//326 277//337 275//336
f 290//338 283//339 281//340
f 703//341 280//342 688//343
f 288//344 282//345 283//339
f 287//346 279//347 284//348
f 292//349 687//350 279//347
f 289//351 284//348 282//345
f 291//352 285//353 280//342
f 286//354 281//340 285//353
f 299//355 290//338 286//354
f 294//356 286//354 291//352
f 296//357 287//346 289//351
f 293//358 704//359 292//349
f 298//360 292//349 287//346
f 297//361 289//351 288//344
f 706//362 291//352 703//341
f 295//363 288//344 290//338
f 305//364 299//355 294//356
f 300//365 295//363 299//355
f 304//366 297//361 295//363
f 721//367 294//356 706//362
f 302//368 296//357 297//361
f 301//369 293//358 298//360
f 306//370 705//371 293//358
f 303//372 298//360 296//357
f 311//373 303//372 302//368
f 724//374 305//364 721//367
f 309//375 302//368 304//366
f 313//376 304//366 300//365
f 308//377 300//365 305//364
f 310//378 301//369 303//372
f 307//379 722//380 306//370
f 312//381 306//370 301//369
f 320//382 312//381 315//383
f 740//384 307//379 320//382
f 317//385 312//381 310//378
f 319//386 313//376 308//377
f 314//387 309//375 313//376
f 316//388 309//375 318//389
f 739//390 308//377 724//374
f 317//385 311//373 316//388
f 275//336 316//388 276//335
f 277//337 317//385 275//336
f 678//333 320//382 272//334
f 278//330 319//386 273//331
f 272//334 315//383 277//337
f 276//335 318//389 274//329
f 273//331 739//390 679//332
f 278//330 318//389 314//387
f 281//340 325//391 323//392
f 688//343 322//393 742//394
f 283//339 324//395 325//391
f 284//348 321//396 326//397
f 279//347 741//398 321//396
f 282//345 326//397 324//395
f 742//399 325//400 326//399
f 280//342 327//401 322//393
f 285//353 323//392 327//401
f 453//402 890//403 395//404
f 888//405 442//406 396//407
f 753//408 461//408 891//408
f 328//409 884//410 883//411
f 332//412 878//413 879//414
f 442//406 885//415 409//416
f 864//417 74//418 41//419
f 332//412 881//420 330//421
f 915//422 905//423 755//424
f 331//425 883//411 880//426
f 912//427 899//428 911//429
f 880//426 335//430 331//425
f 902//431 912//427 914//432
f 869//433 85//434 27//435
f 330//421 882//436 329//437
f 338//438 870//438 333//438
f 348//439 357//440 361//441
f 260//442 339//284 253//276
f 243//273 353//443 246//286
f 262//319 342//303 345//444
f 362//302 341//314 342//303
f 360//445 340//285 341//314
f 340//285 344//446 343//315
f 342//303 346//316 345//444
f 353//443 255//301 251//304
f 348//439 832//447 347//278
f 352//448 354//295 392//449
f 357//440 356//277 358//283
f 361//441 360//445 362//302
f 352//448 361//441 362//302
f 347//278 355//450 348//439
f 358//283 359//451 357//440
f 347//278 389//452 253//276
f 368//453 370//454 364//297
f 346//455 366//456 367//457
f 345//458 367//457 368//459
f 344//460 363//298 365//461
f 262//319 368//459 364//297
f 343//462 365//461 366//456
f 369//463 376//464 375//465
f 367//466 372//467 373//468
f 366//469 371//470 372//467
f 365//461 369//463 371//470
f 367//466 374//471 368//453
f 364//297 369//463 363//298
f 377//472 381//473 383//474
f 370//454 380//475 376//464
f 372//467 379//476 373//468
f 371//470 378//477 372//467
f 371//470 375//465 377//472
f 373//468 380//475 374//471
f 383//474 381//473 387//478
f 379//476 386//479 380//475
f 375//465 382//480 381//473
f 376//464 386//479 382//480
f 378//477 385//481 379//476
f 377//472 384//482 378//477
f 386//479 385//481 387//478
f 381//473 382//480 387//478
f 382//480 386//479 387//478
f 385//481 384//482 387//478
f 384//482 383//474 387//478
f 390//313 268//326 388//327
f 816//483 818//484 254//310
f 389//452 261//312 390//313
f 391//485 351//486 392//449
f 354//295 391//485 392//449
f 459//487 487//14 485//16
f 462//488 501//18 474//489
f 501//18 464//490 474//489
f 394//491 462//488 396//492
f 453//493 408//494 409//495
f 397//496 449//497 414//498
f 410//499 446//500 427//501
f 449//497 578//502 414//498
f 433//503 413//504 415//505
f 395//506 455//507 412//508
f 409//509 444//510 428//511
f 428//511 437//512 410//499
f 455//507 397//496 412//508
f 461//513 412//508 475//514
f 412//508 463//515 475//514
f 397//496 476//516 463//515
f 506//50 477//517 504//51
f 490//52 477//517 464//490
f 430//518 446//500 433//503
f 433//503 417//519 436//520
f 436//520 416//521 429//522
f 418//523 447//524 399//525
f 508//62 478//526 506//50
f 430//518 436//520 429//522
f 419//527 445//528 438//529
f 479//530 399//525 465//531
f 508//62 466//532 480//533
f 401//534 452//535 421//536
f 438//529 431//537 419//527
f 466//532 402//538 400//539
f 448//540 416//521 419//527
f 443//541 422//542 431//537
f 401//534 481//543 467//544
f 494//81 482//545 468//546
f 523//547 538//548 527//549
f 454//550 522//551 515//552
f 454//550 431//537 422//542
f 470//553 420//554 482//545
f 434//555 424//556 423//557
f 404//558 471//559 405//560
f 440//561 405//560 434//555
f 423//557 525//562 521//563
f 406//564 439//565 441//566
f 405//560 472//567 406//564
f 469//568 514//569 513//570
f 483//571 407//572 473//573
f 472//567 512//109 484//574
f 512//109 473//573 484//574
f 395//575 456//576 453//493
f 437//512 413//504 446//500
f 442//577 411//578 444//510
f 447//524 401//534 399//525
f 423//557 522//551 422//542
f 451//579 429//522 450//580
f 403//581 452//535 454//550
f 451//579 427//501 430//518
f 528//582 540//583 526//584
f 443//541 402//538 420//554
f 437//512 411//578 398//585
f 445//528 417//519 400//539
f 441//566 432//586 424//556
f 465//531 493//121 491//123
f 442//587 394//491 396//492
f 458//588 428//511 410//499
f 424//556 457//589 525//562
f 450//580 416//521 447//524
f 584//590 507//127 505//129
f 495//591 513//570 524//592
f 458//588 427//501 449//497
f 453//593 428//511 455//507
f 509//132 469//594 495//595
f 452//535 419//527 431//537
f 432//586 439//565 407//572
f 407//572 439//565 425//596
f 484//574 407//572 425//596
f 406//564 484//574 425//596
f 511//134 473//573 500//597
f 483//571 527//549 528//582
f 441//566 405//560 406//564
f 498//135 470//553 496//136
f 403//581 515//552 514//569
f 440//561 420//554 404//558
f 468//546 420//554 402//538
f 467//544 509//132 493//121
f 421//536 469//594 481//543
f 438//529 400//539 402//538
f 480//533 400//539 417//519
f 507//127 465//531 491//123
f 415//505 480//533 417//519
f 467//544 399//525 401//534
f 413//504 478//526 415//505
f 398//585 477//517 413//504
f 489//140 476//516 503//220
f 475//514 489//140 502//141
f 487//14 475//514 502//141
f 435//598 409//495 408//494
f 474//489 398//585 411//578
f 396//599 474//489 411//578
f 393//600 461//513 459//487
f 434//555 422//542 440//561
f 499//110 471//559 498//135
f 482//545 496//136 470//553
f 492//146 468//546 466//532
f 486//147 462//488 460//601
f 580//602 451//579 583//603
f 514//569 531//604 530//605
f 517//606 522//551 521//563
f 571//607 541//608 572//609
f 517//606 525//562 520//610
f 573//611 544//612 576//613
f 513//570 537//614 524//592
f 513//570 530//605 529//615
f 524//592 536//616 523//547
f 526//584 525//562 457//589
f 571//607 545//617 546//618
f 527//549 539//619 528//582
f 495//591 523//547 497//620
f 546//618 547//621 541//608
f 570//622 518//623 519//624
f 570//622 543//625 574//626
f 542//627 550//628 544//612
f 546//618 551//629 552//630
f 573//611 543//625 542//627
f 576//613 545//617 575//631
f 515//552 533//632 531//604
f 552//630 554//633 547//621
f 519//624 534//634 535//635
f 519//624 549//636 543//625
f 548//637 557//638 550//628
f 552//630 558//639 559//640
f 543//625 548//637 542//627
f 545//617 550//628 551//629
f 569//641 516//642 518//623
f 572//609 516//642 568//643
f 534//634 562//644 561//645
f 520//610 540//583 517//606
f 548//637 556//646 555//647
f 550//628 558//639 551//629
f 547//621 553//648 532//649
f 532//649 567//650 562//644
f 518//623 532//649 534//634
f 516//642 547//621 532//649
f 563//651 553//652 555//653
f 558//654 555//653 554//655
f 560//656 565//657 564//658
f 562//644 566//659 561//645
f 560//656 566//659 563//660
f 556//646 564//658 565//657
f 535//635 564//658 549//636
f 535//635 561//645 560//656
f 483//571 526//584 457//589
f 497//620 527//549 511//134
f 533//632 568//643 531//604
f 530//605 568//643 569//641
f 538//548 575//631 539//619
f 537//614 573//611 536//616
f 537//614 570//622 574//626
f 529//615 569//641 570//622
f 539//619 571//607 540//583
f 536//616 576//613 538//548
f 533//632 571//607 572//609
f 634//661 594//662 584//663
f 583//603 577//664 596//665
f 414//498 587//666 586//667
f 627//668 597//669 628//670
f 629//671 600//672 632//673
f 503//220 476//516 633//674
f 476//516 586//667 585//675
f 503//220 634//676 505//129
f 627//668 601//677 602//678
f 584//679 595//680 577//664
f 597//669 608//681 603//682
f 626//683 581//684 582//685
f 626//683 599//686 630//687
f 598//688 606//689 600//672
f 602//678 607//690 608//681
f 629//671 599//686 598//688
f 631//691 600//672 601//677
f 580//602 587//666 578//502
f 615//692 603//682 608//681
f 581//684 591//693 582//685
f 582//685 605//694 599//686
f 604//695 613//696 606//689
f 608//681 614//639 615//692
f 599//686 604//695 598//688
f 601//677 606//689 607//690
f 625//697 579//698 581//684
f 628//670 579//698 624//699
f 590//700 618//701 617//702
f 580//602 583//603 589//703
f 605//704 611//705 604//695
f 606//689 614//639 607//690
f 588//706 610//707 609//708
f 609//708 618//709 588//706
f 581//684 588//706 590//700
f 597//669 588//706 579//698
f 619//651 609//652 611//653
f 614//654 611//653 610//655
f 616//710 621//711 620//712
f 618//709 622//659 617//713
f 616//710 622//659 619//660
f 612//714 620//712 621//711
f 591//693 620//712 605//694
f 591//693 617//702 616//710
f 589//703 624//699 587//666
f 586//667 624//699 625//697
f 594//715 631//691 595//680
f 593//716 629//671 592//717
f 593//716 626//683 630//687
f 585//675 625//697 626//683
f 595//680 627//668 596//665
f 592//717 632//673 594//662
f 596//665 628//670 589//703
f 432//586 426//718 457//589
f 583//603 450//580 418//523
f 479//530 584//590 577//719
f 479//530 577//719 418//523
f 589//703 583//603 596//665
f 596//665 577//664 595//680
f 451//579 580//602 578//502
f 418//523 577//719 583//603
f 634//676 584//590 505//129
f 634//661 593//716 592//717
f 633//674 585//675 593//716
f 641//720 486//147 460//601
f 642//269 459//487 485//16
f 640//721 393//600 459//487
f 638//722 394//491 435//598
f 636//723 460//601 394//491
f 639//724 408//494 456//576
f 635//725 456//576 393//600
f 637//726 435//598 408//494
f 774//727 653//728 765//729
f 767//730 646//731 638//722
f 642//269 647//732 640//721
f 757//733 776//734 758//735
f 640//721 644//736 635//725
f 641//720 650//287 643//737
f 638//722 645//738 636//723
f 645//738 641//720 636//723
f 821//739 654//740 645//738
f 645//738 657//741 648//742
f 639//724 767//730 637//726
f 662//743 782//744 664//745
f 649//282 656//746 647//732
f 655//747 780//748 770//749
f 647//732 651//750 644//736
f 648//742 659//305 650//287
f 656//746 660//751 651//750
f 657//741 668//308 659//305
f 654//740 661//752 652//753
f 652//753 666//754 657//741
f 653//728 808//755 807//756
f 759//757 761//758 758//735
f 658//300 665//759 656//746
f 660//751 655//747 651//750
f 673//760 662//743 664//745
f 667//317 674//761 665//759
f 660//751 673//760 664//745
f 665//759 669//762 660//751
f 666//754 677//323 668//308
f 663//763 670//764 661//752
f 661//752 675//765 666//754
f 662//743 806//766 808//755
f 669//762 682//767 673//760
f 676//321 681//768 674//761
f 675//765 678//333 677//323
f 673//760 684//769 671//770
f 684//769 672//771 806//766
f 674//761 686//772 669//762
f 685//773 675//765 670//764
f 672//771 685//773 670//764
f 700//774 693//775 698//776
f 703//341 690//777 701//778
f 698//776 692//779 699//780
f 697//781 689//782 702//783
f 702//783 687//350 704//359
f 699//780 694//784 697//781
f 701//778 695//785 696//786
f 696//786 691//787 700//774
f 713//788 700//774 709//789
f 708//790 696//786 713//788
f 710//791 697//781 712//792
f 707//793 704//359 705//371
f 712//792 702//783 707//793
f 711//794 699//780 710//791
f 706//362 701//778 708//790
f 709//789 698//776 711//794
f 719//795 713//788 714//796
f 714//796 709//789 718//797
f 718//797 711//794 716//798
f 721//367 708//790 719//795
f 716//798 710//791 717//799
f 715//800 707//793 720//801
f 720//801 705//371 722//380
f 717//799 712//792 715//800
f 729//802 717//799 728//803
f 724//374 719//795 726//804
f 727//805 716//798 729//802
f 731//806 718//797 727//805
f 726//804 714//796 731//806
f 728//803 715//800 730//807
f 725//808 722//380 723//809
f 730//807 720//801 725//808
f 730//807 738//810 733//811
f 725//808 740//384 738//810
f 735//812 730//807 733//811
f 737//813 731//806 732//814
f 732//814 727//805 736//815
f 727//805 734//816 736//815
f 739//390 726//804 737//813
f 729//802 735//812 734//816
f 734//816 683//817 684//769
f 735//812 685//773 683//817
f 738//810 678//333 680//818
f 737//813 686//772 681//768
f 733//811 680//818 685//773
f 736//815 684//769 682//767
f 739//390 681//768 679//332
f 686//772 736//815 682//767
f 691//787 747//819 693//775
f 688//343 744//820 690//777
f 693//775 746//821 692//779
f 694//784 743//822 689//782
f 689//782 741//398 687//350
f 692//779 748//823 694//784
f 743//822 745//399 744//399
f 690//777 749//824 695//785
f 695//785 745//825 691//787
f 913//826 904//827 915//422
f 338//828 884//828 877//828
f 74//418 867//829 28//830
f 395//404 891//831 461//832
f 755//833 891//833 898//833
f 889//834 396//407 462//835
f 334//836 94//836 868//836
f 905//837 755//837 898//837
f 329//838 868//838 875//838
f 882//839 329//839 875//839
f 28//830 868//840 94//841
f 93//842 333//842 870//842
f 462//843 754//843 889//843
f 866//844 41//419 85//434
f 756//845 889//845 754//845
f 409//416 887//846 453//402
f 756//847 903//847 896//847
f 779//848 775//849 766//850
f 757//733 662//851 653//728
f 644//736 772//852 639//724
f 664//745 760//853 655//747
f 759//757 780//748 760//853
f 778//854 758//735 776//734
f 762//855 758//735 761//758
f 764//856 760//853 763//857
f 651//750 770//749 771//858
f 831//859 766//850 765//729
f 810//860 771//858 770//749
f 775//849 774//727 773//861
f 779//848 778//854 777//862
f 779//848 770//749 780//748
f 765//729 773//861 774//727
f 776//734 777//862 778//854
f 765//729 807//756 831//859
f 788//863 786//864 782//744
f 764//865 784//866 761//867
f 763//868 785//869 764//865
f 762//870 781//871 662//743
f 664//745 786//872 763//868
f 761//867 783//873 762//870
f 787//874 794//875 788//863
f 785//876 790//877 784//878
f 784//878 789//879 783//873
f 783//873 787//874 781//871
f 792//880 785//876 786//864
f 787//874 782//744 781//871
f 795//881 799//882 793//883
f 788//863 798//884 792//880
f 797//885 790//877 791//886
f 796//887 789//879 790//877
f 789//879 793//883 787//874
f 798//884 791//886 792//880
f 801//888 805//889 799//882
f 804//890 797//885 798//884
f 793//883 800//891 794//875
f 794//875 804//890 798//884
f 803//892 796//887 797//885
f 802//893 795//881 796//887
f 804//890 805//889 803//892
f 799//882 805//889 800//891
f 800//891 805//889 804//890
f 803//892 805//889 802//893
f 802//893 805//889 801//888
f 672//771 808//755 806//766
f 654//740 825//894 823//895
f 663//763 807//756 808//755
f 769//896 809//897 810//860
f 772//852 809//897 767//730
f 824//898 2//7 3//7
f 828//899 827//900 768//901
f 826//902 768//901 827//900
f 830//903 10//8 5//9
f 815//904 21//905 23//905
f 817//903 22//13 819//903
f 811//906 812//907 350//279
f 820//908 15//3 14//3
f 825//894 12//905 10//905
f 813//909 350//279 248//290
f 254//310 247//289 252//294
f 645//738 654//740 652//753
f 831//859 830//910 767//730
f 831//859 823//895 822//911
f 391//485 817//912 819//913
f 832//447 816//483 389//452
f 833//914 836//915 835//916
f 835//916 838//917 837//918
f 838//917 839//919 837//918
f 840//920 841//921 839//919
f 845//922 856//923 850//924
f 842//925 843//926 841//921
f 843//926 834//927 833//914
f 837//918 846//928 835//916
f 843//926 849//929 841//921
f 833//914 846//928 845//922
f 839//919 847//930 837//918
f 843//926 845//922 850//924
f 841//921 848//931 839//919
f 856//923 861//932 855//933
f 848//931 855//933 854//934
f 846//928 853//935 852//936
f 850//924 855//933 849//929
f 847//930 854//934 853//935
f 846//928 851//937 845//922
f 862//938 857//939 863//940
f 854//934 859//941 853//935
f 851//937 858//942 857//939
f 851//937 862//938 856//923
f 854//934 861//932 860//943
f 852//936 859//941 858//942
f 860//943 861//932 863//940
f 858//942 859//941 863//940
f 861//932 862//938 863//940
f 859//941 860//943 863//940
f 857//939 858//942 863//940
f 866//844 876//944 873//945
f 867//829 875//946 868//840
f 865//947 871//948 872//949
f 869//433 877//950 876//944
f 865//947 874//951 867//829
f 873//945 864//417 866//844
f 873//945 883//952 880//953
f 874//951 882//954 875//946
f 871//948 879//955 872//949
f 876//944 884//956 883//952
f 872//949 881//957 874//951
f 880//953 871//948 873//945
f 887//846 897//958 890//403
f 888//405 896//959 895//960
f 886//961 892//962 885//415
f 890//403 898//963 891//831
f 895//960 886//961 888//405
f 885//415 894//964 887//846
f 894//964 904//965 897//958
f 895//960 903//966 902//967
f 900//968 892//962 893//969
f 897//958 905//970 898//963
f 902//967 893//969 895//960
f 892//962 901//971 894//964
f 27//972 333//973 336//974
f 28//975 334//976 94//977
f 74//978 752//979 751//980
f 85//981 336//974 750//982
f 750//982 41//983 85//981
f 74//978 337//984 28//975
f 750//982 328//409 331//425
f 337//984 329//437 334//976
f 751//980 335//430 332//412
f 336//974 338//985 328//409
f 751//980 330//421 337//984
f 331//425 752//979 750//982
f 395//986 753//987 461//988
f 396//989 754//990 909//991
f 442//992 906//993 409//994
f 453//995 910//996 395//986
f 409//994 908//997 453//995
f 909//991 442//992 396//989
f 908//997 915//422 910//996
f 909//991 756//998 914//432
f 907//999 911//429 906//993
f 910//996 755//424 753//987
f 914//432 907//999 909//991
f 906//993 913//826 908//997
f 870//1000 27//435 93//1001
f 914//432 903//1002 902//431
f 911//429 901//1003 913//826
f 830//1 5//1 6//1
f 6//1 7//1 8//1
f 8//1 1//1004 2//1
f 2//1 821//1 826//1
f 826//1 827//1 828//1
f 828//1 830//1 6//1
f 6//1 8//1 2//1
f 826//1 828//1 6//1
f 9//2 12//3 7//3
f 4//4 1//6 8//5
f 1//6 4//4 3//7
f 10//8 9//2 6//2
f 8//5 7//3 12//3
f 18//1 17//1 817//1
f 812//1 811//1 813//1
f 18//1 817//1 812//1
f 20//1 19//1 18//1
f 14//1 13//1 20//1
f 813//1 814//1 14//1
f 18//1 812//1 813//1
f 14//1 20//1 18//1
f 21//10 18//10 19//7
f 20//4 13//11 16//11
f 14//3 15//3 16//11
f 17//12 18//10 21//10
f 23//4 24//7 19//7
f 487//14 93//45 91//15
f 94//17 106//21 501//18
f 96//20 490//52 501//18
f 26//22 28//1005 94//17
f 85//24 41//142 40//25
f 29//27 46//212 81//28
f 42//30 59//116 78//31
f 81//28 46//212 182//33
f 65//35 47//138 45//36
f 27//37 44//44 87//38
f 41//40 60//43 76//41
f 60//43 42//30 69//32
f 29//27 90//29 87//38
f 93//45 107//47 44//44
f 95//46 29//27 44//44
f 108//48 46//212 29//27
f 109//49 110//61 506//50
f 109//49 504//51 490//52
f 78//31 59//116 62//53
f 49//54 47//138 65//35
f 48//56 77//63 68//55
f 50//58 31//67 79//59
f 110//61 112//69 508//62
f 62//53 61//57 68//55
f 77//63 48//56 51//64
f 111//66 97//122 31//67
f 98//68 492//146 508//62
f 33//70 53//115 84//71
f 63//73 75//77 70//65
f 34//74 100//82 98//68
f 80//72 51//64 48//56
f 54//76 72//96 75//77
f 113//78 53//115 33//70
f 114//80 510//145 494//81
f 142//83 140//162 127//84
f 86//86 119//137 126//87
f 86//86 54//76 63//73
f 52//88 36//93 102//89
f 66//90 55//97 56//91
f 36//93 37//95 103//94
f 37//95 36//93 72//96
f 55//97 125//1006 129//98
f 38//99 73//92 71//100
f 37//95 38//99 104//102
f 101//103 117//131 118//104
f 115//106 105//111 39//107
f 104//102 116//112 512//109
f 105//111 500//597 512//109
f 88//26 25//144 27//113
f 45//36 30//139 69//32
f 43//114 28//143 74//42
f 79//59 31//67 33//70
f 126//87 125//1006 55//97
f 61//57 62//53 83//34
f 35//105 86//86 84//71
f 83//34 62//53 59//116
f 144//117 143//165 132//118
f 75//77 52//88 34//74
f 69//32 30//139 43//114
f 77//63 32//75 49//54
f 73//92 56//91 64//120
f 493//121 99//79 97//122
f 74//124 28//1005 26//22
f 90//29 42//30 60//43
f 56//91 129//98 89//126
f 48//56 61//57 82//60
f 507//127 111//66 188//128
f 495//130 128//160 117//131
f 59//116 42//30 90//29
f 60//43 41//40 85//39
f 509//132 495//595 101//133
f 84//71 63//73 51//64
f 39//107 105//111 116//112
f 38//99 57//101 116//112
f 511//134 500//597 105//111
f 115//106 132//118 131//85
f 73//92 38//99 37//95
f 102//89 103//94 498//135
f 35//105 118//104 119//137
f 72//96 36//93 52//88
f 52//88 114//80 100//82
f 509//132 113//78 99//79
f 53//115 113//78 101//133
f 70//65 34//74 32//75
f 32//75 98//68 112//69
f 507//127 491//123 97//122
f 47//138 49//54 112//69
f 31//67 97//122 99//79
f 45//36 47//138 110//61
f 30//139 45//36 109//49
f 489//140 503//220 108//48
f 489//140 95//46 107//47
f 487//14 502//141 107//47
f 67//125 40//25 41//142
f 30//139 96//20 106//21
f 28//143 43//114 106//21
f 25//144 91//15 93//45
f 66//90 72//96 54//76
f 103//94 104//102 499//110
f 114//80 102//89 496//136
f 492//146 98//68 100//82
f 486//147 92//23 94//17
f 118//104 134//161 135//150
f 121//151 125//1006 126//87
f 145//152 150//168 175//153
f 129//98 125//1006 121//151
f 148//156 146//175 177//157
f 141//159 133//206 117//131
f 117//131 133//206 134//161
f 140//162 141//159 128//160
f 130//119 89//126 129//98
f 175//153 150//168 149//163
f 143//165 142//83 131//85
f 127//84 128//160 495//130
f 151//167 156//178 150//168
f 174//169 123//181 122//170
f 147//172 123//181 174//169
f 154//174 152//185 146//175
f 150//168 156//178 155//176
f 177//157 146//175 147//172
f 149//163 148//156 180//158
f 119//137 135//150 137//177
f 156//178 151//167 158//179
f 123//181 139//205 138//182
f 153//183 139//205 123//181
f 161//184 159//1007 152//185
f 156//178 163//180 162//186
f 152//185 153//183 147//172
f 149//163 155//176 154//174
f 173//171 122//170 120//187
f 120//187 145//152 176//154
f 138//182 165//204 166//189
f 124//155 121//151 137//177
f 137//177 144//117 130//119
f 152//185 159//1007 160//191
f 162//186 161//1008 154//174
f 157//192 158//179 151//167
f 136//190 166//189 171//193
f 122//170 138//182 136//190
f 120//187 136//190 151//167
f 160//194 159//1009 158//197
f 157//195 171//1010 170//1011
f 160//194 158//197 157//195
f 167//196 169//1012 160//194
f 157//195 170//1011 167//196
f 162//199 163//1013 158//197
f 158//197 159//1009 161//198
f 169//200 167//1014 164//201
f 170//203 171//193 166//189
f 164//201 167//1014 170//203
f 160//191 169//200 168//202
f 168//202 164//201 139//205
f 139//205 164//201 165//204
f 115//106 58//108 89//126
f 89//126 130//119 132//118
f 131//85 127//84 497//166
f 172//188 176//154 137//177
f 134//161 173//171 172//188
f 179//164 180//158 142//83
f 177//157 178//173 141//159
f 141//159 178//173 174//169
f 133//206 174//169 173//171
f 175//153 179//164 143//165
f 180//158 177//157 140//162
f 137//177 176//154 175//153
f 198//207 196//265 238//208
f 46//212 190//222 191//213
f 201//214 206//229 231//215
f 204//217 202//236 233//218
f 108//48 189//266 190//222
f 238//223 237//221 503//220
f 231//215 206//229 205//224
f 199//226 198//263 188//227
f 201//214 207//239 212//228
f 230//230 186//242 185//231
f 203//233 186//242 230//230
f 210//235 208//245 202//236
f 206//229 212//228 211//237
f 233//218 202//236 203//233
f 235//225 205//224 204//217
f 191//213 193//251 184//148
f 207//239 214//254 219//240
f 195//241 194//248 185//231
f 209//243 195//241 186//242
f 217//244 215//252 208//245
f 212//228 219//240 218//186
f 208//245 209//253 203//233
f 205//224 211//237 210//235
f 229//232 185//231 183//246
f 183//246 201//214 232//216
f 194//248 221//262 222//249
f 215//252 216//261 209//253
f 218//186 217//1008 210//235
f 192//250 213//256 214//254
f 222//255 227//1015 213//256
f 185//231 194//248 192//250
f 192//250 207//239 201//214
f 216//194 215//1009 214//197
f 213//195 227//1010 226//1011
f 216//194 214//197 213//195
f 223//196 225//1012 216//194
f 213//195 226//1011 223//196
f 218//199 219//1016 214//197
f 214//197 215//1009 217//198
f 225//257 223//1014 220//258
f 226//203 227//1015 222//255
f 220//258 223//1014 226//203
f 216//261 225//257 224//259
f 224//259 220//258 195//241
f 195//241 220//258 221//262
f 228//247 232//216 193//251
f 190//222 229//232 228//247
f 235//225 236//238 198//263
f 233//218 234//234 197//264
f 197//264 234//234 230//230
f 189//266 230//230 229//232
f 231//215 235//225 199//226
f 236//219 233//218 196//265
f 232//216 231//215 200//210
f 58//108 39//107 64//120
f 82//60 83//34 187//149
f 238//208 196//265 197//264
f 237//221 197//264 189//266
f 486//147 643//737 245//268
f 91//15 244//270 642//269
f 25//144 239//274 244//270
f 26//22 240//272 242//271
f 92//23 245//268 240//272
f 40//25 241//275 243//273
f 88//26 243//273 239//274
f 67//125 242//271 241//275
f 253//276 339//284 356//277
f 349//280 241//275 242//271
f 242//271 248//290 350//279
f 642//269 244//270 249//281
f 358//283 356//277 339//284
f 244//270 239//274 246//286
f 245//268 643//737 650//287
f 242//271 240//272 247//289
f 245//268 250//288 247//289
f 813//909 248//290 247//289
f 247//289 254//310 820//291
f 814//292 813//909 247//289
f 247//289 250//288 257//293
f 243//273 241//275 349//280
f 260//296 262//319 364//297
f 649//282 249//281 256//299
f 255//301 352//448 362//302
f 249//281 246//286 251//304
f 250//288 650//287 659//305
f 256//299 251//304 258//306
f 257//293 659//305 668//308
f 254//310 252//294 259//311
f 252//294 257//293 264//309
f 253//276 389//452 390//313
f 341//314 340//285 343//315
f 658//300 256//299 263//307
f 255//301 262//319 258//306
f 260//296 267//328 269//318
f 667//317 263//307 270//320
f 258//306 262//319 269//318
f 263//307 258//306 265//322
f 264//309 668//308 677//323
f 261//312 259//311 266//325
f 259//311 264//309 271//324
f 260//296 390//313 388//327
f 265//322 269//318 274//329
f 676//321 270//320 273//331
f 271//324 677//323 678//333
f 269//318 267//328 276//335
f 276//335 267//328 388//327
f 388//327 268//326 275//336
f 270//320 265//322 278//330
f 271//324 272//334 277//337
f 268//326 266//325 277//337
f 290//338 288//344 283//339
f 703//341 291//352 280//342
f 288//344 289//351 282//345
f 287//346 292//349 279//347
f 292//349 704//359 687//350
f 289//351 287//346 284//348
f 291//352 286//354 285//353
f 286//354 290//338 281//340
f 299//355 295//363 290//338
f 294//356 299//355 286//354
f 296//357 298//360 287//346
f 293//358 705//371 704//359
f 298//360 293//358 292//349
f 297//361 296//357 289//351
f 706//362 294//356 291//352
f 295//363 297//361 288//344
f 305//364 300//365 299//355
f 300//365 304//366 295//363
f 304//366 302//368 297//361
f 721//367 305//364 294//356
f 302//368 303//372 296//357
f 301//369 306//370 293//358
f 306//370 722//380 705//371
f 303//372 301//369 298//360
f 311//373 310//378 303//372
f 724//374 308//377 305//364
f 309//375 311//373 302//368
f 313//376 309//375 304//366
f 308//377 313//376 300//365
f 310//378 312//381 301//369
f 307//379 723//809 722//380
f 312//381 307//379 306//370
f 320//382 307//379 312//381
f 740//384 723//809 307//379
f 317//385 315//383 312//381
f 319//386 314//387 313//376
f 314//387 318//389 309//375
f 316//388 311//373 309//375
f 739//390 319//386 308//377
f 317//385 310//378 311//373
f 275//336 317//385 316//388
f 277//337 315//383 317//385
f 678//333 740//384 320//382
f 278//330 314//387 319//386
f 272//334 320//382 315//383
f 276//335 316//388 318//389
f 273//331 319//386 739//390
f 278//330 274//329 318//389
f 281//340 283//339 325//391
f 688//343 280//342 322//393
f 283//339 282//345 324//395
f 284//348 279//347 321//396
f 279//347 687//350 741//398
f 282//345 284//348 326//397
f 321//399 741//398 742//399
f 742//399 322//1017 327//399
f 327//399 323//399 325//400
f 325//400 324//1018 326//399
f 326//399 321//399 742//399
f 742//399 327//399 325//400
f 280//342 285//353 327//401
f 285//353 281//340 323//392
f 453//402 887//846 890//403
f 888//405 886//961 442//406
f 328//409 338//985 884//410
f 332//412 335//430 878//413
f 442//406 886//961 885//415
f 864//417 865//947 74//418
f 332//412 879//414 881//420
f 915//422 904//827 905//423
f 331//425 328//409 883//411
f 912//427 900//1019 899//428
f 880//426 878//413 335//430
f 902//431 900//1019 912//427
f 869//433 866//844 85//434
f 330//421 881//420 882//436
f 338//438 877//438 870//438
f 361//441 351//486 348//439
f 348//439 355//450 357//440
f 357//440 359//451 361//441
f 260//442 344//446 339//284
f 246//286 239//274 243//273
f 243//273 354//295 353//443
f 262//319 255//301 342//303
f 362//302 360//445 341//314
f 360//445 358//283 340//285
f 340//285 339//284 344//446
f 342//303 341//314 346//316
f 251//304 246//286 353//443
f 353//443 352//448 255//301
f 348//439 391//485 832//447
f 392//449 351//486 352//448
f 352//448 353//443 354//295
f 357//440 355//450 356//277
f 361//441 359//451 360//445
f 352//448 351//486 361//441
f 347//278 356//277 355//450
f 358//283 360//445 359//451
f 347//278 832//447 389//452
f 368//453 374//471 370//454
f 346//455 343//462 366//456
f 345//458 346//455 367//457
f 344//460 260//296 363//298
f 262//319 345//458 368//459
f 343//462 344//460 365//461
f 369//463 370//454 376//464
f 367//466 366//469 372//467
f 366//469 365//461 371//470
f 365//461 363//298 369//463
f 367//466 373//468 374//471
f 364//297 370//454 369//463
f 377//472 375//465 381//473
f 370//454 374//471 380//475
f 372//467 378//477 379//476
f 371//470 377//472 378//477
f 371//470 369//463 375//465
f 373//468 379//476 380//475
f 379//476 385//481 386//479
f 375//465 376//464 382//480
f 376//464 380//475 386//479
f 378//477 384//482 385//481
f 377//472 383//474 384//482
f 390//313 261//312 268//326
f 254//310 389//452 816//483
f 818//484 820//291 254//310
f 389//452 254//310 261//312
f 391//485 348//439 351//486
f 354//295 349//280 391//485
f 459//487 461//513 487//14
f 462//488 488//19 501//18
f 501//18 490//52 464//490
f 394//491 460//601 462//488
f 453//493 456//576 408//494
f 397//496 458//588 449//497
f 410//499 437//512 446//500
f 449//497 451//579 578//502
f 433//503 446//500 413//504
f 395//506 453//593 455//507
f 409//509 442//577 444//510
f 428//511 444//510 437//512
f 455//507 458//588 397//496
f 461//513 395//506 412//508
f 412//508 397//496 463//515
f 397//496 414//498 476//516
f 506//50 478//526 477//517
f 490//52 504//51 477//517
f 430//518 427//501 446//500
f 433//503 415//505 417//519
f 436//520 445//528 416//521
f 418//523 450//580 447//524
f 508//62 480//533 478//526
f 430//518 433//503 436//520
f 419//527 416//521 445//528
f 479//530 418//523 399//525
f 508//62 492//146 466//532
f 401//534 448//540 452//535
f 438//529 443//541 431//537
f 466//532 468//546 402//538
f 448//540 447//524 416//521
f 443//541 440//561 422//542
f 401//534 421//536 481//543
f 494//81 510//145 482//545
f 523//547 536//616 538//548
f 454//550 422//542 522//551
f 454//550 452//535 431//537
f 470//553 404//558 420//554
f 434//555 441//566 424//556
f 404//558 470//553 471//559
f 440//561 404//558 405//560
f 423//557 424//556 525//562
f 406//564 425//596 439//565
f 405//560 471//559 472//567
f 469//568 403//581 514//569
f 483//571 426//718 407//572
f 472//567 499//110 512//109
f 512//109 500//597 473//573
f 395//575 393//600 456//576
f 437//512 398//585 413//504
f 442//577 396//599 411//578
f 447//524 448//540 401//534
f 423//557 521//563 522//551
f 451//579 430//518 429//522
f 403//581 421//536 452//535
f 451//579 449//497 427//501
f 528//582 539//619 540//583
f 443//541 438//529 402//538
f 437//512 444//510 411//578
f 445//528 436//520 417//519
f 441//566 439//565 432//586
f 465//531 467//544 493//121
f 442//587 435//598 394//491
f 458//588 455//507 428//511
f 424//556 432//586 457//589
f 450//580 429//522 416//521
f 584//590 479//530 507//127
f 495//591 469//568 513//570
f 458//588 410//499 427//501
f 453//593 409//509 428//511
f 509//132 481//543 469//594
f 452//535 448//540 419//527
f 484//574 473//573 407//572
f 406//564 472//567 484//574
f 511//134 483//571 473//573
f 483//571 511//134 527//549
f 441//566 434//555 405//560
f 498//135 471//559 470//553
f 403//581 454//550 515//552
f 440//561 443//541 420//554
f 468//546 482//545 420//554
f 467//544 481//543 509//132
f 421//536 403//581 469//594
f 438//529 445//528 400//539
f 480//533 466//532 400//539
f 507//127 479//530 465//531
f 415//505 478//526 480//533
f 467//544 465//531 399//525
f 413//504 477//517 478//526
f 398//585 464//490 477//517
f 489//140 463//515 476//516
f 475//514 463//515 489//140
f 487//14 461//513 475//514
f 435//598 442//587 409//495
f 474//489 464//490 398//585
f 396//599 462//488 474//489
f 393//600 395//575 461//513
f 434//555 423//557 422//542
f 499//110 472//567 471//559
f 482//545 510//145 496//136
f 492//146 494//81 468//546
f 486//147 488//19 462//488
f 514//569 515//552 531//604
f 517//606 515//552 522//551
f 571//607 546//618 541//608
f 517//606 521//563 525//562
f 573//611 542//627 544//612
f 513//570 529//615 537//614
f 513//570 514//569 530//605
f 524//592 537//614 536//616
f 526//584 520//610 525//562
f 571//607 575//631 545//617
f 527//549 538//548 539//619
f 495//591 524//592 523//547
f 546//618 552//630 547//621
f 570//622 569//641 518//623
f 570//622 519//624 543//625
f 542//627 548//637 550//628
f 546//618 545//617 551//629
f 573//611 574//626 543//625
f 576//613 544//612 545//617
f 515//552 517//606 533//632
f 552//630 559//640 554//633
f 519//624 518//623 534//634
f 519//624 535//635 549//636
f 548//637 555//647 557//638
f 552//630 551//629 558//639
f 543//625 549//636 548//637
f 545//617 544//612 550//628
f 569//641 568//643 516//642
f 572//609 541//608 516//642
f 534//634 532//649 562//644
f 520//610 526//584 540//583
f 540//583 533//632 517//606
f 548//637 549//636 556//646
f 550//628 557//1020 558//639
f 547//621 554//633 553//648
f 532//649 553//648 567//650
f 518//623 516//642 532//649
f 516//642 541//608 547//621
f 556//1021 565//1022 563//651
f 563//651 566//1023 567//1024
f 553//652 554//655 555//653
f 563//651 567//1024 553//652
f 555//653 556//1021 563//651
f 554//655 559//1025 558//654
f 558//654 557//1026 555//653
f 560//656 563//660 565//657
f 562//644 567//650 566//659
f 560//656 561//645 566//659
f 556//646 549//636 564//658
f 535//635 560//656 564//658
f 535//635 534//634 561//645
f 457//589 426//718 483//571
f 483//571 528//582 526//584
f 497//620 523//547 527//549
f 533//632 572//609 568//643
f 530//605 531//604 568//643
f 538//548 576//613 575//631
f 537//614 574//626 573//611
f 537//614 529//615 570//622
f 529//615 530//605 569//641
f 539//619 575//631 571//607
f 536//616 573//611 576//613
f 533//632 540//583 571//607
f 634//661 592//717 594//662
f 414//498 578//502 587//666
f 627//668 602//678 597//669
f 629//671 598//688 600//672
f 476//516 414//498 586//667
f 503//220 633//674 634//676
f 627//668 631//691 601//677
f 584//679 594//715 595//680
f 597//669 602//678 608//681
f 626//683 625//697 581//684
f 626//683 582//685 599//686
f 598//688 604//695 606//689
f 602//678 601//677 607//690
f 629//671 630//687 599//686
f 631//691 632//1027 600//672
f 580//602 589//703 587//666
f 615//692 610//707 603//682
f 581//684 590//700 591//693
f 582//685 591//693 605//694
f 604//695 611//705 613//696
f 608//681 607//690 614//639
f 599//686 605//704 604//695
f 601//677 600//672 606//689
f 625//697 624//699 579//698
f 628//670 597//669 579//698
f 590//700 588//706 618//701
f 605//704 612//714 611//705
f 606//689 613//1020 614//639
f 588//706 603//682 610//707
f 609//708 623//1028 618//709
f 581//684 579//698 588//706
f 597//669 603//682 588//706
f 612//1021 621//1022 619//651
f 619//651 622//1023 623//1024
f 609//652 610//655 611//653
f 619//651 623//1024 609//652
f 611//653 612//1021 619//651
f 610//655 615//1029 614//654
f 614//654 613//1026 611//653
f 616//710 619//660 621//711
f 618//709 623//1028 622//659
f 616//710 617//713 622//659
f 612//714 605//704 620//712
f 591//693 616//710 620//712
f 591//693 590//700 617//702
f 589//703 628//670 624//699
f 586//667 587//666 624//699
f 594//715 632//1027 631//691
f 593//716 630//687 629//671
f 593//716 585//675 626//683
f 585//675 586//667 625//697
f 595//680 631//691 627//668
f 592//717 629//671 632//673
f 596//665 627//668 628//670
f 432//586 407//572 426//718
f 583//603 451//579 450//580
f 634//661 633//674 593//716
f 633//674 476//516 585//675
f 641//720 643//737 486//147
f 642//269 640//721 459//487
f 640//721 635//725 393//600
f 638//722 636//723 394//491
f 636//723 641//720 460//601
f 639//724 637//726 408//494
f 635//725 639//724 456//576
f 637//726 638//722 435//598
f 774//727 757//733 653//728
f 638//722 637//726 767//730
f 767//730 768//901 646//731
f 642//269 649//282 647//732
f 757//733 774//727 776//734
f 640//721 647//732 644//736
f 641//720 648//742 650//287
f 638//722 646//731 645//738
f 645//738 648//742 641//720
f 645//738 646//731 826//902
f 821//739 824//1030 654//740
f 645//738 826//902 821//739
f 645//738 652//753 657//741
f 639//724 772//852 767//730
f 662//743 781//871 782//744
f 649//282 658//300 656//746
f 655//747 760//853 780//748
f 647//732 656//746 651//750
f 648//742 657//741 659//305
f 656//746 665//759 660//751
f 657//741 666//754 668//308
f 654//740 663//763 661//752
f 652//753 661//752 666//754
f 653//728 662//743 808//755
f 759//757 764//856 761//758
f 658//300 667//317 665//759
f 660//751 664//745 655//747
f 673//760 671//770 662//743
f 667//317 676//321 674//761
f 660//751 669//762 673//760
f 665//759 674//761 669//762
f 666//754 675//765 677//323
f 663//763 672//771 670//764
f 661//752 670//764 675//765
f 662//743 671//770 806//766
f 669//762 686//772 682//767
f 676//321 679//332 681//768
f 675//765 680//818 678//333
f 673//760 682//767 684//769
f 806//766 671//770 684//769
f 684//769 683//817 672//771
f 674//761 681//768 686//772
f 685//773 680//818 675//765
f 672//771 683//817 685//773
f 700//774 691//787 693//775
f 703//341 688//343 690//777
f 698//776 693//775 692//779
f 697//781 694//784 689//782
f 702//783 689//782 687//350
f 699//780 692//779 694//784
f 701//778 690//777 695//785
f 696//786 695//785 691//787
f 713//788 696//786 700//774
f 708//790 701//778 696//786
f 710//791 699//780 697//781
f 707//793 702//783 704//359
f 712//792 697//781 702//783
f 711//794 698//776 699//780
f 706//362 703//341 701//778
f 709//789 700//774 698//776
f 719//795 708//790 713//788
f 714//796 713//788 709//789
f 718//797 709//789 711//794
f 721//367 706//362 708//790
f 716//798 711//794 710//791
f 715//800 712//792 707//793
f 720//801 707//793 705//371
f 717//799 710//791 712//792
f 729//802 716//798 717//799
f 724//374 721//367 719//795
f 727//805 718//797 716//798
f 731//806 714//796 718//797
f 726//804 719//795 714//796
f 728//803 717//799 715//800
f 725//808 720//801 722//380
f 730//807 715//800 720//801
f 730//807 725//808 738//810
f 725//808 723//809 740//384
f 735//812 728//803 730//807
f 737//813 726//804 731//806
f 732//814 731//806 727//805
f 727//805 729//802 734//816
f 739//390 724//374 726//804
f 729//802 728//803 735//812
f 734//816 735//812 683//817
f 735//812 733//811 685//773
f 738//810 740//384 678//333
f 737//813 732//814 686//772
f 733//811 738//810 680//818
f 736//815 734//816 684//769
f 739//390 737//813 681//768
f 686//772 732//814 736//815
f 691//787 745//825 747//819
f 688//343 742//394 744//820
f 693//775 747//819 746//821
f 694//784 748//823 743//822
f 689//782 743//822 741//398
f 692//779 746//821 748//823
f 742//399 741//398 743//822
f 743//822 748//400 746//400
f 746//400 747//1031 745//399
f 745//399 749//400 744//399
f 744//399 742//399 743//822
f 743//822 746//400 745//399
f 690//777 744//820 749//824
f 695//785 749//824 745//825
f 913//826 901//1003 904//827
f 74//418 865//947 867//829
f 395//404 890//403 891//831
f 755//833 753//833 891//833
f 889//834 888//405 396//407
f 329//838 334//838 868//838
f 28//830 867//829 868//840
f 866//844 864//417 41//419
f 756//845 896//845 889//845
f 409//416 885//415 887//846
f 766//850 769//896 779//848
f 779//848 777//862 775//849
f 775//849 773//861 766//850
f 757//733 762//855 662//851
f 639//724 635//725 644//736
f 644//736 771//858 772//852
f 664//745 763//857 760//853
f 759//757 778//854 780//748
f 778//854 759//757 758//735
f 762//855 757//733 758//735
f 764//856 759//757 760//853
f 771//858 644//736 651//750
f 651//750 655//747 770//749
f 831//859 809//897 766//850
f 770//749 769//896 810//860
f 810//860 772//852 771//858
f 775//849 776//734 774//727
f 779//848 780//748 778//854
f 779//848 769//896 770//749
f 765//729 766//850 773//861
f 776//734 775//849 777//862
f 765//729 653//728 807//756
f 788//863 792//880 786//864
f 764//865 785//869 784//866
f 763//868 786//872 785//869
f 762//870 783//873 781//871
f 664//745 782//744 786//872
f 761//867 784//866 783//873
f 787//874 793//883 794//875
f 785//876 791//886 790//877
f 784//878 790//877 789//879
f 783//873 789//879 787//874
f 792//880 791//886 785//876
f 787//874 788//863 782//744
f 795//881 801//888 799//882
f 788//863 794//875 798//884
f 797//885 796//887 790//877
f 796//887 795//881 789//879
f 789//879 795//881 793//883
f 798//884 797//885 791//886
f 804//890 803//892 797//885
f 793//883 799//882 800//891
f 794//875 800//891 804//890
f 803//892 802//893 796//887
f 802//893 801//888 795//881
f 672//771 663//763 808//755
f 823//895 807//756 654//740
f 654//740 824//1030 825//894
f 663//763 654//740 807//756
f 769//896 766//850 809//897
f 772//852 810//860 809//897
f 3//7 825//898 824//898
f 824//898 821//898 2//7
f 826//902 646//731 768//901
f 830//903 829//903 10//8
f 15//905 818//484 816//483
f 815//904 819//905 22//905
f 15//905 816//483 815//904
f 23//905 16//905 15//905
f 21//905 24//905 23//905
f 815//904 22//905 21//905
f 23//905 15//905 815//904
f 817//903 17//12 22//13
f 14//3 814//908 820//908
f 820//908 818//908 15//3
f 10//905 829//905 822//911
f 822//911 823//895 825//894
f 825//894 3//905 4//905
f 4//905 11//905 12//905
f 12//905 9//905 10//905
f 10//905 822//911 825//894
f 825//894 4//905 12//905
f 813//909 811//906 350//279
f 767//730 809//897 831//859
f 831//859 822//911 829//1032
f 830//910 828//899 768//901
f 831//859 829//1032 830//910
f 830//910 768//901 767//730
f 831//859 807//756 823//895
f 815//904 832//447 391//485
f 349//280 350//279 812//907
f 349//280 812//907 817//912
f 819//913 815//904 391//485
f 391//485 349//280 817//912
f 832//447 815//904 816//483
f 833//914 834//927 836//915
f 835//916 836//915 838//917
f 838//917 840//920 839//919
f 840//920 842//925 841//921
f 845//922 851//937 856//923
f 842//925 844//1033 843//926
f 843//926 844//1033 834//927
f 837//918 847//930 846//928
f 843//926 850//924 849//929
f 833//914 835//916 846//928
f 839//919 848//931 847//930
f 843//926 833//914 845//922
f 841//921 849//929 848//931
f 856//923 862//938 861//932
f 848//931 849//929 855//933
f 846//928 847//930 853//935
f 850//924 856//923 855//933
f 847//930 848//931 854//934
f 846//928 852//936 851//937
f 854//934 860//943 859//941
f 851//937 852//936 858//942
f 851//937 857//939 862//938
f 854//934 855//933 861//932
f 852//936 853//935 859//941
f 866//844 869//433 876//944
f 867//829 874//951 875//946
f 865//947 864//417 871//948
f 869//433 870//1000 877//950
f 865//947 872//949 874//951
f 873//945 871//948 864//417
f 873//945 876//944 883//952
f 874//951 881//957 882//954
f 871//948 878//1034 879//955
f 876//944 877//950 884//956
f 872//949 879//955 881//957
f 880//953 878//1034 871//948
f 887//846 894//964 897//958
f 888//405 889//834 896//959
f 886//961 893//969 892//962
f 890//403 897//958 898//963
f 895//960 893//969 886//961
f 885//415 892//962 894//964
f 894//964 901//971 904//965
f 895//960 896//959 903//966
f 900//968 899//1035 892//962
f 897//958 904//965 905//970
f 902//967 900//968 893//969
f 892//962 899//1035 901//971
f 27//972 93//1036 333//973
f 28//975 337//984 334//976
f 74//978 41//983 752//979
f 85//981 27//972 336//974
f 750//982 752//979 41//983
f 74//978 751//980 337//984
f 750//982 336//974 328//409
f 337//984 330//421 329//437
f 751//980 752//979 335//430
f 336//974 333//973 338//985
f 751//980 332//412 330//421
f 331//425 335//430 752//979
f 395//986 910//996 753//987
f 396//989 462//1037 754//990
f 442//992 907//999 906//993
f 453//995 908//997 910//996
f 409//994 906//993 908//997
f 909//991 907//999 442//992
f 908//997 913//826 915//422
f 909//991 754//990 756//998
f 907//999 912//427 911//429
f 910//996 915//422 755//424
f 914//432 912//427 907//999
f 906//993 911//429 913//826
f 870//1000 869//433 27//435
f 914//432 756//998 903//1002
f 911//429 899//428 901//1003
