# Blender 4.5.2 LTS
# www.blender.org
o cartoon_fish_bone
v 0.113066 -0.004611 0.004973
v 0.113066 0.004611 0.004973
v 0.113066 -0.004611 -0.004973
v 0.113066 0.004611 -0.004973
v 0.146421 -0.004611 0.002472
v 0.146421 0.004611 0.002472
v 0.146421 -0.004611 -0.002472
v 0.146421 0.004611 -0.002472
v 0.112132 0.000000 0.005027
v 0.112132 -0.000000 -0.005027
v 0.145774 -0.000000 -0.002531
v 0.145774 0.000000 0.002531
v 0.160678 -0.040615 -0.001210
v 0.160678 -0.040615 0.001210
v 0.161880 -0.039532 -0.001101
v 0.161880 -0.039532 0.001101
v 0.151232 -0.018993 0.002048
v 0.158371 -0.033714 0.001406
v 0.151232 -0.018993 -0.002048
v 0.158371 -0.033714 -0.001406
v 0.131826 -0.021920 0.003861
v 0.152153 -0.035604 0.002013
v 0.131826 -0.021920 -0.003861
v 0.152153 -0.035604 -0.002013
v 0.163128 -0.041931 -0.000923
v 0.163128 -0.041931 0.000923
v 0.163517 -0.041496 -0.000890
v 0.163517 -0.041496 0.000890
v 0.154613 -0.026263 0.001755
v 0.154613 -0.026263 -0.001755
v 0.141410 -0.028679 0.002989
v 0.141410 -0.028679 -0.002989
v 0.160678 0.040615 -0.001210
v 0.160678 0.040615 0.001210
v 0.161880 0.039532 -0.001101
v 0.161880 0.039532 0.001101
v 0.151232 0.018993 0.002048
v 0.158371 0.033714 0.001406
v 0.151232 0.018993 -0.002048
v 0.158371 0.033714 -0.001406
v 0.131826 0.021920 0.003861
v 0.152153 0.035604 0.002013
v 0.131826 0.021920 -0.003861
v 0.152153 0.035604 -0.002013
v 0.163128 0.041931 -0.000923
v 0.163128 0.041931 0.000923
v 0.163517 0.041496 -0.000890
v 0.163517 0.041496 0.000890
v 0.154613 0.026263 0.001755
v 0.154613 0.026263 -0.001755
v 0.141410 0.028679 0.002989
v 0.141410 0.028679 -0.002989
v 0.148296 0.011802 -0.002301
v 0.121243 0.013266 -0.004857
v 0.148296 0.011802 0.002301
v 0.121243 0.013266 0.004857
v 0.112149 0.004961 -0.000000
v 0.147160 0.004464 -0.000000
v 0.146528 0.000000 0.000000
v 0.111130 0.000000 0.000000
v 0.148296 -0.011802 0.002301
v 0.121243 -0.013266 0.004857
v 0.112149 -0.004961 0.000000
v 0.147160 -0.004464 0.000000
v 0.160331 -0.041284 0.000000
v 0.162502 -0.039106 0.000000
v 0.131375 -0.022525 0.000000
v 0.151752 -0.036243 0.000000
v 0.151928 -0.018703 0.000000
v 0.159038 -0.033362 0.000000
v 0.160331 0.041284 -0.000000
v 0.162502 0.039106 -0.000000
v 0.131375 0.022525 -0.000000
v 0.151752 0.036243 -0.000000
v 0.151928 0.018703 -0.000000
v 0.159038 0.033362 -0.000000
v 0.162979 0.042410 -0.000000
v 0.164059 0.041222 -0.000000
v 0.155293 0.025938 -0.000000
v 0.140989 0.029304 -0.000000
v 0.149014 0.011570 -0.000000
v 0.120751 0.013837 -0.000000
v 0.162979 -0.042410 0.000000
v 0.129373 0.004611 0.006542
v 0.164059 -0.041222 0.000000
v 0.128709 0.000000 0.006602
v 0.155293 -0.025938 0.000000
v 0.140989 -0.029304 0.000000
v 0.149014 -0.011570 0.000000
v 0.120751 -0.013837 0.000000
v 0.148296 -0.011802 -0.002301
v 0.129373 -0.004611 0.006542
v 0.121243 -0.013266 -0.004857
v 0.161268 -0.040073 0.001383
v 0.161268 0.040073 0.001383
v 0.141794 0.020457 0.005412
v 0.155489 0.034659 0.002631
v 0.163552 0.041889 0.000976
v 0.148201 0.027471 0.004173
v 0.134921 0.012534 0.006037
v 0.163988 0.042289 -0.000000
v 0.141794 -0.020457 0.005412
v 0.155489 -0.034659 0.002631
v 0.163552 -0.041889 0.000976
v 0.148201 -0.027471 0.004173
v 0.134921 -0.012534 0.006037
v 0.163988 -0.042289 0.000000
v 0.129373 0.004611 -0.006542
v 0.128709 -0.000000 -0.006602
v 0.129373 -0.004611 -0.006542
v 0.161268 -0.040073 -0.001383
v 0.161268 0.040073 -0.001383
v 0.141794 0.020457 -0.005412
v 0.155489 0.034659 -0.002631
v 0.163552 0.041889 -0.000976
v 0.148201 0.027471 -0.004173
v 0.134921 0.012534 -0.006037
v 0.141794 -0.020457 -0.005412
v 0.155489 -0.034659 -0.002631
v 0.163552 -0.041889 -0.000976
v 0.148201 -0.027471 -0.004173
v 0.134921 -0.012534 -0.006037
v -0.115069 0.025440 -0.000000
v -0.114995 0.023168 0.004478
v -0.098442 0.015698 0.010373
v -0.114803 0.014874 0.008811
v -0.114693 0.007858 0.010515
v -0.098442 0.013263 0.009500
v -0.114623 0.000000 0.011433
v -0.069979 0.000000 0.016850
v -0.071483 0.016929 0.015567
v -0.074992 0.031281 0.011915
v -0.078835 0.040871 0.006448
v -0.080339 0.044239 -0.000000
v -0.095432 0.014899 0.010478
v -0.096582 0.012769 0.009565
v -0.074992 0.031281 -0.000000
v -0.071483 0.016929 -0.000000
v -0.069979 0.000000 0.000000
v -0.079660 0.000000 0.016574
v -0.080568 0.013366 0.015525
v -0.082877 0.028302 0.012012
v -0.085473 0.038587 0.006416
v -0.093229 0.012714 0.010766
v -0.086478 0.041872 -0.000000
v -0.095221 0.011419 0.009743
v -0.128286 0.012404 -0.000000
v -0.128274 0.011238 0.002509
v -0.128250 0.007111 0.004783
v -0.128233 0.003699 0.005849
v -0.128223 0.000000 0.006331
v -0.132313 0.007411 -0.000000
v -0.092422 0.009730 0.011160
v -0.132217 0.006659 0.001535
v -0.094722 0.009576 0.009986
v -0.133130 0.004447 0.002290
v -0.133533 0.002147 0.002709
v -0.133713 0.000000 0.002915
v -0.135756 0.000000 0.000000
v -0.135344 0.001976 -0.000000
v -0.093229 0.006746 0.011553
v -0.134419 0.004129 -0.000000
v -0.122558 0.016454 0.003426
v -0.095221 0.007732 0.010230
v -0.122601 0.018355 -0.000000
v -0.122376 0.000000 0.008749
v -0.122413 0.005627 0.008059
v -0.122472 0.010758 0.006706
v -0.114995 0.023168 -0.004478
v -0.095432 0.004562 0.011842
v -0.098442 0.015698 -0.010373
v -0.096582 0.006382 0.010408
v -0.114803 0.014874 -0.008811
v -0.114693 0.007858 -0.010515
v -0.098442 0.013263 -0.009500
v -0.114623 -0.000000 -0.011433
v -0.069979 -0.000000 -0.016850
v -0.071483 0.016929 -0.015567
v -0.074992 0.031281 -0.011915
v -0.098442 0.003762 0.011947
v -0.078835 0.040871 -0.006448
v -0.098442 0.005888 0.010473
v -0.095432 0.014899 -0.010478
v -0.096582 0.012769 -0.009565
v -0.101452 0.004562 0.011842
v -0.100302 0.006382 0.010408
v -0.079660 -0.000000 -0.016574
v -0.098442 0.009501 0.009422
v -0.080568 0.013366 -0.015525
v -0.082877 0.028302 -0.012012
v -0.085473 0.038587 -0.006416
v -0.093229 0.012714 -0.010766
v -0.095221 0.011419 -0.009743
v -0.115069 -0.025120 0.000000
v -0.103655 0.006746 0.011553
v -0.101663 0.007732 0.010230
v -0.114995 -0.022849 0.004478
v -0.114822 -0.015653 0.008387
v -0.114685 -0.007292 0.010655
v -0.071483 -0.016929 0.015567
v -0.074992 -0.031281 0.011915
v -0.078835 -0.040871 0.006448
v -0.080339 -0.044239 0.000000
v -0.104462 0.009730 0.011160
v -0.102162 0.009576 0.009986
v -0.074992 -0.031281 0.000000
v -0.071483 -0.016929 0.000000
v -0.080774 -0.015596 0.015152
v -0.083044 -0.029075 0.011588
v -0.085473 -0.038405 0.006416
v -0.086478 -0.041691 0.000000
v -0.128286 -0.012131 0.000000
v -0.103655 0.012714 0.010766
v -0.128274 -0.010965 0.002509
v -0.101663 0.011419 0.009743
v -0.128252 -0.007269 0.004692
v -0.128230 -0.003264 0.005977
v -0.132378 -0.007304 0.000000
v -0.132217 -0.006659 0.001535
v -0.133130 -0.004447 0.002290
v -0.133533 -0.002147 0.002709
v -0.101452 0.014899 0.010478
v -0.100302 0.012769 0.009565
v -0.135344 -0.001976 0.000000
v -0.134419 -0.004129 0.000000
v -0.122558 -0.016454 0.003426
v -0.122601 -0.018355 0.000000
v -0.122402 -0.004715 0.008295
v -0.122480 -0.011315 0.006386
v -0.128274 0.011238 -0.002509
v -0.128250 0.007111 -0.004783
v -0.128233 0.003699 -0.005849
v -0.128223 -0.000000 -0.006331
v -0.092422 0.009730 -0.011160
v -0.132217 0.006659 -0.001535
v -0.094722 0.009576 -0.009986
v -0.133130 0.004447 -0.002290
v -0.133533 0.002147 -0.002709
v -0.133713 -0.000000 -0.002915
v -0.093229 0.006746 -0.011553
v -0.122558 0.016454 -0.003426
v -0.095221 0.007732 -0.010230
v -0.089131 0.010273 0.015272
v -0.090485 0.005656 0.015401
v -0.105098 0.006100 0.013026
v -0.102410 0.003134 0.013708
v -0.098442 0.001679 0.014455
v -0.093943 0.002389 0.015092
v -0.098442 0.018033 0.011964
v -0.093986 0.017748 0.012916
v -0.102241 0.016421 0.011563
v -0.090468 0.014785 0.014274
v -0.104851 0.013535 0.011713
v -0.105967 0.009886 0.012340
v -0.100924 0.034606 -0.000000
v -0.100538 0.031807 0.005714
v -0.099713 -0.023148 0.010205
v -0.100859 -0.034315 0.000000
v -0.122376 -0.000000 -0.008749
v -0.098287 -0.004215 0.014276
v -0.098967 -0.012176 0.013291
v -0.122413 0.005627 -0.008059
v -0.100505 -0.031483 0.005732
v -0.099276 0.024487 0.009501
v -0.122472 0.010758 -0.006706
v -0.095432 0.004562 -0.011842
v -0.096582 0.006382 -0.010408
v -0.098442 0.003762 -0.011947
v -0.108450 0.029947 -0.000000
v -0.107791 0.027682 0.005191
v -0.098442 0.005888 -0.010473
v -0.107488 -0.019429 0.009426
v -0.108149 -0.029839 0.000000
v -0.101452 0.004562 -0.011842
v -0.104651 -0.002743 0.013242
v -0.107071 -0.009646 0.012185
v -0.100302 0.006382 -0.010408
v -0.107945 -0.027250 0.005230
v -0.105016 0.021475 0.009000
v -0.098442 0.009501 -0.009422
v -0.103655 0.006746 -0.011553
v -0.101663 0.007732 -0.010230
v -0.093398 0.038563 -0.000000
v -0.092747 0.035488 0.006111
v -0.114995 -0.022849 -0.004478
v -0.092044 -0.026078 0.010771
v -0.094083 -0.038198 0.000000
v -0.114822 -0.015653 -0.008387
v -0.091997 -0.003876 0.015065
v -0.090674 -0.014051 0.014116
v -0.114685 -0.007292 -0.010655
v -0.093458 -0.035145 0.006077
v -0.092031 0.027174 0.010209
v -0.071483 -0.016929 -0.015567
v -0.074992 -0.031281 -0.011915
v -0.078835 -0.040871 -0.006448
v -0.104462 0.009730 -0.011160
v -0.102162 0.009576 -0.009986
v -0.080774 -0.015596 -0.015152
v -0.083044 -0.029075 -0.011588
v -0.085473 -0.038405 -0.006416
v -0.103655 0.012714 -0.010766
v -0.128274 -0.010965 -0.002509
v -0.101663 0.011419 -0.009743
v -0.128252 -0.007269 -0.004692
v -0.128230 -0.003264 -0.005977
v -0.132217 -0.006659 -0.001535
v -0.133130 -0.004447 -0.002290
v -0.133533 -0.002147 -0.002709
v -0.101452 0.014899 -0.010478
v -0.100302 0.012769 -0.009565
v -0.122558 -0.016454 -0.003426
v -0.122402 -0.004715 -0.008295
v -0.122480 -0.011315 -0.006386
v -0.089131 0.010273 -0.015272
v -0.090485 0.005656 -0.015401
v -0.105098 0.006100 -0.013026
v -0.102410 0.003134 -0.013708
v -0.098442 0.001679 -0.014455
v -0.093943 0.002389 -0.015092
v -0.098442 0.018033 -0.011964
v -0.093986 0.017748 -0.012916
v -0.102241 0.016421 -0.011563
v -0.090468 0.014785 -0.014274
v -0.104851 0.013535 -0.011713
v -0.105967 0.009886 -0.012340
v -0.100538 0.031807 -0.005714
v -0.099713 -0.023148 -0.010205
v -0.098287 -0.004215 -0.014276
v -0.098967 -0.012176 -0.013291
v -0.100505 -0.031483 -0.005732
v -0.099276 0.024487 -0.009501
v -0.107791 0.027682 -0.005191
v -0.107488 -0.019429 -0.009426
v -0.104651 -0.002743 -0.013242
v -0.107071 -0.009646 -0.012185
v -0.107945 -0.027250 -0.005230
v -0.105016 0.021475 -0.009000
v -0.092747 0.035488 -0.006111
v -0.092044 -0.026078 -0.010771
v -0.091997 -0.003876 -0.015065
v -0.090674 -0.014051 -0.014116
v -0.093458 -0.035145 -0.006077
v -0.092031 0.027174 -0.010209
v -0.071613 0.002160 -0.005107
v 0.113501 -0.000000 -0.004516
v -0.071613 0.000205 -0.004718
v 0.113501 -0.001728 -0.004172
v -0.071613 -0.001451 -0.003611
v 0.113501 -0.003193 -0.003193
v -0.071613 -0.002558 -0.001954
v 0.113501 -0.004172 -0.001728
v -0.071613 -0.002947 0.000000
v 0.113501 -0.004516 0.000000
v -0.071613 -0.002558 0.001954
v 0.113501 -0.004172 0.001728
v -0.071613 -0.001451 0.003611
v 0.113501 -0.003193 0.003193
v -0.071613 0.000205 0.004718
v 0.113501 -0.001728 0.004172
v -0.071613 0.002160 0.005107
v 0.113501 0.000000 0.004516
v -0.071613 0.004114 0.004718
v 0.113501 0.001728 0.004172
v -0.071613 0.005770 0.003611
v 0.113501 0.003193 0.003193
v -0.071613 0.006877 0.001954
v 0.113501 0.004172 0.001728
v -0.071613 0.007266 -0.000000
v 0.113501 0.004516 -0.000000
v -0.071613 0.006877 -0.001954
v 0.113501 0.004172 -0.001728
v -0.071613 0.005770 -0.003611
v 0.113501 0.003193 -0.003193
v -0.071613 0.004114 -0.004718
v 0.113501 0.001728 -0.004172
v -0.034590 0.002160 -0.005107
v 0.002433 -0.000000 -0.004873
v 0.039455 -0.002287 -0.004516
v 0.076478 -0.002033 -0.004516
v 0.076478 -0.003761 -0.004172
v 0.039455 -0.004015 -0.004172
v 0.002433 -0.001865 -0.004502
v -0.034590 0.000205 -0.004718
v 0.076478 -0.005226 -0.003193
v 0.039455 -0.005480 -0.003193
v 0.002433 -0.003445 -0.003445
v -0.034590 -0.001451 -0.003611
v 0.076478 -0.006204 -0.001728
v 0.039455 -0.006458 -0.001728
v 0.002433 -0.004502 -0.001865
v -0.034590 -0.002558 -0.001954
v 0.076478 -0.006548 0.000000
v 0.039455 -0.006802 0.000000
v 0.002433 -0.004873 0.000000
v -0.034590 -0.002947 0.000000
v 0.076478 -0.006204 0.001728
v 0.039455 -0.006458 0.001728
v 0.002433 -0.004502 0.001865
v -0.034590 -0.002558 0.001954
v 0.076478 -0.005226 0.003193
v 0.039455 -0.005480 0.003193
v 0.002433 -0.003445 0.003445
v -0.034590 -0.001451 0.003611
v 0.076478 -0.003761 0.004172
v 0.039455 -0.004015 0.004172
v 0.002433 -0.001865 0.004502
v -0.034590 0.000205 0.004718
v 0.076478 -0.002033 0.004516
v 0.039455 -0.002287 0.004516
v 0.002433 0.000000 0.004873
v -0.034590 0.002160 0.005107
v 0.076478 -0.000305 0.004172
v 0.039455 -0.000559 0.004172
v 0.002433 0.001865 0.004502
v -0.034590 0.004114 0.004718
v 0.076478 0.001160 0.003193
v 0.039455 0.000906 0.003193
v 0.002433 0.003445 0.003445
v -0.034590 0.005770 0.003611
v 0.076478 0.002139 0.001728
v 0.039455 0.001885 0.001728
v 0.002433 0.004502 0.001865
v -0.034590 0.006877 0.001954
v 0.076478 0.002483 -0.000000
v 0.039455 0.002229 -0.000000
v 0.002433 0.004873 -0.000000
v -0.034590 0.007266 -0.000000
v 0.076478 0.002139 -0.001728
v 0.039455 0.001885 -0.001728
v 0.002433 0.004502 -0.001865
v -0.034590 0.006877 -0.001954
v 0.076478 0.001160 -0.003193
v 0.039455 0.000906 -0.003193
v 0.002433 0.003445 -0.003445
v -0.034590 0.005770 -0.003611
v 0.076478 -0.000305 -0.004172
v 0.039455 -0.000559 -0.004172
v 0.002433 0.001865 -0.004502
v -0.034590 0.004114 -0.004718
v 0.100399 0.013465 -0.001623
v 0.102387 0.018874 -0.001129
v 0.102068 0.013134 -0.001148
v 0.103469 0.018377 -0.000798
v 0.102759 0.012996 -0.000000
v 0.103917 0.018171 -0.000000
v 0.102068 0.013134 0.001148
v 0.103469 0.018377 0.000798
v 0.100399 0.013465 0.001623
v 0.102387 0.018874 0.001129
v 0.098730 0.013796 0.001148
v 0.101305 0.019371 0.000798
v 0.098039 0.013934 -0.000000
v 0.100857 0.019577 -0.000000
v 0.098730 0.013796 -0.001148
v 0.101305 0.019371 -0.000798
v 0.107389 0.025694 -0.000092
v 0.107333 0.025863 -0.000130
v 0.107496 0.025720 -0.000000
v 0.107389 0.025694 0.000092
v 0.107333 0.025863 0.000130
v 0.107178 0.025873 0.000092
v 0.107169 0.025968 -0.000000
v 0.107178 0.025873 -0.000092
v 0.107418 0.025950 -0.000000
v 0.104927 0.021917 -0.000441
v 0.105180 0.021787 -0.000000
v 0.104414 0.022326 0.000623
v 0.103850 0.022669 0.000441
v 0.103850 0.022669 -0.000441
v 0.104414 0.022326 -0.000623
v 0.104927 0.021917 0.000441
v 0.103645 0.022849 -0.000000
v 0.098754 0.001476 -0.001892
v 0.100969 0.001474 -0.001338
v 0.101887 0.001473 -0.000000
v 0.100969 0.001474 0.001338
v 0.098754 0.001476 0.001892
v 0.096539 0.001478 0.001338
v 0.095622 0.001479 -0.000000
v 0.096539 0.001478 -0.001338
v 0.101254 0.007854 0.001231
v 0.102063 0.007792 -0.000000
v 0.096540 0.008213 -0.000000
v 0.097349 0.008151 0.001231
v 0.099302 0.008003 0.001740
v 0.097349 0.008151 -0.001231
v 0.101254 0.007854 -0.001231
v 0.099302 0.008003 -0.001740
v -0.049004 0.030295 -0.002991
v -0.044487 0.041302 -0.002080
v -0.046299 0.029467 -0.002115
v -0.042697 0.040454 -0.001471
v -0.045178 0.029124 -0.000000
v -0.041955 0.040103 -0.000000
v -0.046299 0.029467 0.002115
v -0.042697 0.040454 0.001471
v -0.049004 0.030295 0.002991
v -0.044487 0.041302 0.002080
v -0.051710 0.031122 0.002115
v -0.046276 0.042150 0.001471
v -0.052830 0.031465 -0.000000
v -0.047018 0.042502 -0.000000
v -0.051710 0.031122 -0.002115
v -0.046276 0.042150 -0.001471
v -0.035368 0.053264 -0.000169
v -0.035457 0.053546 -0.000239
v -0.035190 0.053305 -0.000000
v -0.035368 0.053264 0.000169
v -0.035457 0.053546 0.000239
v -0.035715 0.053566 0.000169
v -0.035729 0.053724 -0.000000
v -0.035715 0.053566 -0.000169
v -0.035315 0.053690 -0.000000
v -0.038730 0.048037 -0.000812
v -0.038311 0.047816 -0.000000
v -0.039575 0.048728 0.001149
v -0.040505 0.049308 0.000812
v -0.040505 0.049308 -0.000812
v -0.039575 0.048728 -0.001149
v -0.038730 0.048037 0.000812
v -0.040844 0.049612 -0.000000
v -0.053322 0.003488 -0.003486
v -0.049639 0.003441 -0.002465
v -0.048113 0.003422 -0.000000
v -0.049639 0.003441 0.002465
v -0.053322 0.003488 0.003486
v -0.057006 0.003535 0.002465
v -0.058532 0.003554 -0.000000
v -0.057006 0.003535 -0.002465
v -0.048684 0.017655 0.002268
v -0.047340 0.017537 -0.000000
v -0.056517 0.018344 -0.000000
v -0.055173 0.018226 0.002268
v -0.051929 0.017941 0.003207
v -0.055173 0.018226 -0.002268
v -0.048684 0.017655 -0.002268
v -0.051929 0.017941 -0.003207
v -0.025859 0.031590 -0.003202
v -0.021518 0.043699 -0.002226
v -0.023108 0.030927 -0.002264
v -0.019681 0.042961 -0.001574
v -0.021969 0.030653 -0.000000
v -0.018920 0.042655 -0.000000
v -0.023108 0.030927 0.002264
v -0.019681 0.042961 0.001574
v -0.025859 0.031590 0.003202
v -0.021518 0.043699 0.002226
v -0.028609 0.032253 0.002264
v -0.023356 0.044438 0.001574
v -0.029749 0.032528 -0.000000
v -0.024117 0.044744 -0.000000
v -0.028609 0.032253 -0.002264
v -0.023356 0.044438 -0.001574
v -0.012148 0.057816 -0.000181
v -0.012254 0.058092 -0.000256
v -0.011973 0.057867 -0.000000
v -0.012148 0.057816 0.000181
v -0.012254 0.058092 0.000256
v -0.012512 0.058096 0.000181
v -0.012536 0.058254 -0.000000
v -0.012512 0.058096 -0.000181
v -0.012121 0.058244 -0.000000
v -0.015896 0.051618 -0.000869
v -0.015464 0.051423 -0.000000
v -0.016781 0.052256 0.001230
v -0.017745 0.052779 0.000869
v -0.017745 0.052779 -0.000869
v -0.016781 0.052256 -0.001230
v -0.015896 0.051618 0.000869
v -0.018101 0.053062 -0.000000
v -0.030224 0.003488 -0.003731
v -0.026540 0.003441 -0.002638
v -0.025014 0.003422 -0.000000
v -0.026540 0.003441 0.002638
v -0.030224 0.003488 0.003731
v -0.033908 0.003535 0.002638
v -0.035433 0.003554 -0.000000
v -0.033908 0.003535 -0.002638
v -0.025586 0.017655 0.002427
v -0.024242 0.017537 -0.000000
v -0.033419 0.018344 -0.000000
v -0.032075 0.018226 0.002427
v -0.028830 0.017941 0.003433
v -0.032075 0.018226 -0.002427
v -0.025586 0.017655 -0.002427
v -0.028830 0.017941 -0.003433
v -0.002615 0.031590 -0.003098
v 0.001394 0.043520 -0.002206
v 0.000313 0.030885 -0.002191
v 0.003427 0.042792 -0.001560
v 0.001526 0.030592 -0.000000
v 0.004269 0.042490 -0.000000
v 0.000313 0.030885 0.002191
v 0.003427 0.042792 0.001560
v -0.002615 0.031590 0.003098
v 0.001394 0.043520 0.002206
v -0.005544 0.032296 0.002191
v -0.000639 0.044248 0.001560
v -0.006757 0.032588 -0.000000
v -0.001481 0.044549 -0.000000
v -0.005544 0.032296 -0.002191
v -0.000639 0.044248 -0.001560
v 0.011278 0.058904 -0.000165
v 0.011162 0.059176 -0.000233
v 0.011451 0.058962 -0.000000
v 0.011278 0.058904 0.000165
v 0.011162 0.059176 0.000233
v 0.010903 0.059171 0.000165
v 0.010874 0.059327 -0.000000
v 0.010903 0.059171 -0.000165
v 0.011288 0.059333 -0.000000
v 0.006889 0.051648 -0.000790
v 0.007412 0.051469 -0.000000
v 0.005804 0.052252 0.001117
v 0.004631 0.052738 0.000790
v 0.004631 0.052738 -0.000790
v 0.005804 0.052252 -0.001117
v 0.006889 0.051648 0.000790
v 0.004194 0.053006 -0.000000
v -0.006698 0.001858 -0.003240
v -0.003179 0.001814 -0.002291
v -0.001721 0.001795 -0.000000
v -0.003179 0.001814 0.002291
v -0.006698 0.001858 0.003240
v -0.010217 0.001903 0.002291
v -0.011674 0.001921 -0.000000
v -0.010217 0.001903 -0.002291
v -0.002118 0.017655 0.002206
v -0.000740 0.017537 -0.000000
v -0.010151 0.018344 -0.000000
v -0.008773 0.018226 0.002206
v -0.005446 0.017941 0.003120
v -0.008773 0.018226 -0.002206
v -0.002118 0.017655 -0.002206
v -0.005446 0.017941 -0.003120
v 0.020525 0.028864 -0.002772
v 0.025072 0.040759 -0.001928
v 0.023227 0.028213 -0.001960
v 0.026877 0.040034 -0.001363
v 0.024346 0.027943 -0.000000
v 0.027625 0.039733 -0.000000
v 0.023227 0.028213 0.001960
v 0.026877 0.040034 0.001363
v 0.020525 0.028864 0.002772
v 0.025072 0.040759 0.001928
v 0.017823 0.029515 0.001960
v 0.023266 0.041485 0.001363
v 0.016704 0.029785 -0.000000
v 0.022519 0.041785 -0.000000
v 0.017823 0.029515 -0.001960
v 0.023266 0.041485 -0.001363
v 0.034418 0.054626 -0.000157
v 0.034314 0.054898 -0.000222
v 0.034590 0.054677 -0.000000
v 0.034418 0.054626 0.000157
v 0.034314 0.054898 0.000222
v 0.034060 0.054902 0.000157
v 0.034037 0.055057 -0.000000
v 0.034060 0.054902 -0.000157
v 0.034445 0.055047 -0.000000
v 0.030737 0.048538 -0.000753
v 0.031161 0.048346 -0.000000
v 0.029867 0.049165 0.001065
v 0.028920 0.049679 0.000753
v 0.028920 0.049679 -0.000753
v 0.029867 0.049165 -0.001065
v 0.030737 0.048538 0.000753
v 0.028571 0.049957 -0.000000
v 0.016520 0.001258 -0.003231
v 0.020139 0.001212 -0.002284
v 0.021638 0.001193 -0.000000
v 0.020139 0.001212 0.002284
v 0.016520 0.001258 0.003231
v 0.012901 0.001303 0.002284
v 0.011402 0.001322 -0.000000
v 0.012901 0.001303 -0.002284
v 0.021076 0.015175 0.002102
v 0.022396 0.015059 -0.000000
v 0.013381 0.015852 -0.000000
v 0.014702 0.015735 0.002102
v 0.017889 0.015455 0.002972
v 0.014702 0.015735 -0.002102
v 0.021076 0.015175 -0.002102
v 0.017889 0.015455 -0.002972
v 0.043031 0.025059 -0.002878
v 0.046517 0.035133 -0.002001
v 0.045799 0.024475 -0.002035
v 0.048307 0.034285 -0.001415
v 0.046946 0.024234 -0.000000
v 0.049048 0.033934 -0.000000
v 0.045799 0.024475 0.002035
v 0.048307 0.034285 0.001415
v 0.043031 0.025059 0.002878
v 0.046517 0.035133 0.002001
v 0.040262 0.025642 0.002035
v 0.044727 0.035981 0.001415
v 0.039115 0.025884 -0.000000
v 0.043986 0.036332 -0.000000
v 0.040262 0.025642 -0.002035
v 0.044727 0.035981 -0.001415
v 0.055923 0.048617 -0.000163
v 0.055834 0.048899 -0.000230
v 0.056101 0.048658 -0.000000
v 0.055923 0.048617 0.000163
v 0.055834 0.048899 0.000230
v 0.055576 0.048919 0.000163
v 0.055562 0.049078 -0.000000
v 0.055576 0.048919 -0.000163
v 0.055976 0.049043 -0.000000
v 0.052021 0.042703 -0.000782
v 0.052440 0.042482 -0.000000
v 0.051176 0.043393 0.001105
v 0.050245 0.043974 0.000782
v 0.050245 0.043974 -0.000782
v 0.051176 0.043393 -0.001105
v 0.052021 0.042703 0.000782
v 0.049907 0.044277 -0.000000
v 0.039218 0.000196 -0.003354
v 0.042902 0.000150 -0.002372
v 0.044428 0.000130 -0.000000
v 0.042902 0.000150 0.002372
v 0.039218 0.000196 0.003354
v 0.035535 0.000243 0.002372
v 0.034009 0.000262 -0.000000
v 0.035535 0.000243 -0.002372
v 0.043856 0.013549 0.002182
v 0.045200 0.013431 -0.000000
v 0.036023 0.014238 -0.000000
v 0.037367 0.014120 0.002182
v 0.040612 0.013834 0.003086
v 0.037367 0.014120 -0.002182
v 0.043856 0.013549 -0.002182
v 0.040612 0.013834 -0.003086
v 0.063097 0.020978 -0.002490
v 0.066436 0.030321 -0.001731
v 0.065650 0.020440 -0.001761
v 0.068087 0.029539 -0.001224
v 0.066707 0.020217 -0.000000
v 0.068771 0.029215 -0.000000
v 0.065650 0.020440 0.001761
v 0.068087 0.029539 0.001224
v 0.063097 0.020978 0.002490
v 0.066436 0.030321 0.001731
v 0.060543 0.021516 0.001761
v 0.064786 0.031103 0.001224
v 0.059486 0.021738 -0.000000
v 0.064102 0.031427 -0.000000
v 0.060543 0.021516 -0.001761
v 0.064786 0.031103 -0.001224
v 0.074602 0.041590 -0.000141
v 0.074520 0.041850 -0.000199
v 0.074766 0.041628 -0.000000
v 0.074602 0.041590 0.000141
v 0.074520 0.041850 0.000199
v 0.074282 0.041869 0.000141
v 0.074269 0.042015 -0.000000
v 0.074282 0.041869 -0.000141
v 0.074650 0.041983 -0.000000
v 0.070757 0.035842 -0.000676
v 0.071144 0.035638 -0.000000
v 0.069978 0.036478 0.000956
v 0.069120 0.037014 0.000676
v 0.069120 0.037014 -0.000676
v 0.069978 0.036478 -0.000956
v 0.070757 0.035842 0.000676
v 0.068808 0.037294 -0.000000
v 0.060514 0.000357 -0.002902
v 0.063911 0.000314 -0.002052
v 0.065318 0.000297 -0.000000
v 0.063911 0.000314 0.002052
v 0.060514 0.000357 0.002902
v 0.057117 0.000400 0.002052
v 0.055709 0.000418 -0.000000
v 0.057117 0.000400 -0.002052
v 0.064202 0.011001 0.001888
v 0.065441 0.010892 -0.000000
v 0.056978 0.011637 -0.000000
v 0.058217 0.011528 0.001888
v 0.061210 0.011265 0.002670
v 0.058217 0.011528 -0.001888
v 0.064202 0.011001 -0.001888
v 0.061210 0.011265 -0.002670
v 0.082277 0.016506 -0.001858
v 0.084688 0.023507 -0.001292
v 0.084187 0.016126 -0.001314
v 0.085927 0.022938 -0.000914
v 0.084979 0.015969 -0.000000
v 0.086440 0.022702 -0.000000
v 0.084187 0.016126 0.001314
v 0.085927 0.022938 0.000914
v 0.082277 0.016506 0.001858
v 0.084688 0.023507 0.001292
v 0.080367 0.016885 0.001314
v 0.083450 0.024077 0.000914
v 0.079576 0.017042 -0.000000
v 0.082937 0.024313 -0.000000
v 0.080367 0.016885 -0.001314
v 0.083450 0.024077 -0.000914
v 0.090684 0.031989 -0.000105
v 0.090621 0.032183 -0.000149
v 0.090806 0.032019 -0.000000
v 0.090684 0.031989 0.000105
v 0.090621 0.032183 0.000149
v 0.090443 0.032195 0.000105
v 0.090432 0.032304 -0.000000
v 0.090443 0.032195 -0.000105
v 0.090717 0.032283 -0.000000
v 0.087865 0.027666 -0.000505
v 0.088155 0.027517 -0.000000
v 0.087278 0.028134 0.000714
v 0.086633 0.028526 0.000505
v 0.086633 0.028526 -0.000505
v 0.087278 0.028134 -0.000714
v 0.087865 0.027666 0.000505
v 0.086398 0.028732 -0.000000
v 0.080529 0.001094 -0.002166
v 0.083065 0.001091 -0.001531
v 0.084115 0.001090 -0.000000
v 0.083065 0.001091 0.001531
v 0.080529 0.001094 0.002166
v 0.077993 0.001096 0.001531
v 0.076943 0.001097 -0.000000
v 0.077993 0.001096 -0.001531
v 0.083189 0.009070 0.001409
v 0.084115 0.008999 -0.000000
v 0.077792 0.009481 -0.000000
v 0.078718 0.009411 0.001409
v 0.080954 0.009240 0.001992
v 0.078718 0.009411 -0.001409
v 0.083189 0.009070 -0.001409
v 0.080954 0.009240 -0.001992
v 0.100399 -0.013465 -0.001623
v 0.102387 -0.018874 -0.001129
v 0.102068 -0.013134 -0.001148
v 0.103469 -0.018377 -0.000798
v 0.102759 -0.012996 0.000000
v 0.103917 -0.018171 0.000000
v 0.102068 -0.013134 0.001148
v 0.103469 -0.018377 0.000798
v 0.100399 -0.013465 0.001623
v 0.102387 -0.018874 0.001129
v 0.098730 -0.013796 0.001148
v 0.101305 -0.019371 0.000798
v 0.098039 -0.013934 0.000000
v 0.100857 -0.019577 0.000000
v 0.098730 -0.013796 -0.001148
v 0.101305 -0.019371 -0.000798
v 0.107389 -0.025694 -0.000092
v 0.107333 -0.025863 -0.000130
v 0.107496 -0.025720 0.000000
v 0.107389 -0.025694 0.000092
v 0.107333 -0.025863 0.000130
v 0.107178 -0.025873 0.000092
v 0.107169 -0.025968 0.000000
v 0.107178 -0.025873 -0.000092
v 0.107418 -0.025950 0.000000
v 0.104927 -0.021917 -0.000441
v 0.105180 -0.021787 0.000000
v 0.104414 -0.022326 0.000623
v 0.103850 -0.022669 0.000441
v 0.103850 -0.022669 -0.000441
v 0.104414 -0.022326 -0.000623
v 0.104927 -0.021917 0.000441
v 0.103645 -0.022849 0.000000
v 0.098754 -0.001843 -0.001892
v 0.100969 -0.001840 -0.001338
v 0.101887 -0.001839 0.000000
v 0.100969 -0.001840 0.001338
v 0.098754 -0.001843 0.001892
v 0.096539 -0.001845 0.001338
v 0.095622 -0.001846 0.000000
v 0.096539 -0.001845 -0.001338
v 0.101254 -0.007854 0.001231
v 0.102063 -0.007792 0.000000
v 0.096540 -0.008213 0.000000
v 0.097349 -0.008151 0.001231
v 0.099302 -0.008003 0.001740
v 0.097349 -0.008151 -0.001231
v 0.101254 -0.007854 -0.001231
v 0.099302 -0.008003 -0.001740
v -0.049004 -0.030295 -0.002991
v -0.044487 -0.041302 -0.002080
v -0.046299 -0.029467 -0.002115
v -0.042697 -0.040454 -0.001471
v -0.045178 -0.029124 0.000000
v -0.041955 -0.040103 0.000000
v -0.046299 -0.029467 0.002115
v -0.042697 -0.040454 0.001471
v -0.049004 -0.030295 0.002991
v -0.044487 -0.041302 0.002080
v -0.051710 -0.031122 0.002115
v -0.046276 -0.042150 0.001471
v -0.052830 -0.031465 0.000000
v -0.047018 -0.042502 0.000000
v -0.051710 -0.031122 -0.002115
v -0.046276 -0.042150 -0.001471
v -0.035368 -0.053264 -0.000169
v -0.035457 -0.053546 -0.000239
v -0.035190 -0.053305 0.000000
v -0.035368 -0.053264 0.000169
v -0.035457 -0.053546 0.000239
v -0.035715 -0.053566 0.000169
v -0.035729 -0.053724 0.000000
v -0.035715 -0.053566 -0.000169
v -0.035315 -0.053690 0.000000
v -0.038730 -0.048037 -0.000812
v -0.038311 -0.047816 0.000000
v -0.039575 -0.048728 0.001149
v -0.040505 -0.049308 0.000812
v -0.040505 -0.049308 -0.000812
v -0.039575 -0.048728 -0.001149
v -0.038730 -0.048037 0.000812
v -0.040844 -0.049612 0.000000
v -0.053322 0.000059 -0.003486
v -0.049639 0.000105 -0.002465
v -0.048113 0.000125 -0.000000
v -0.049639 0.000105 0.002465
v -0.053322 0.000059 0.003486
v -0.057006 0.000012 0.002465
v -0.058532 -0.000007 0.000000
v -0.057006 0.000012 -0.002465
v -0.048684 -0.017655 0.002268
v -0.047340 -0.017537 0.000000
v -0.056517 -0.018344 0.000000
v -0.055173 -0.018226 0.002268
v -0.051929 -0.017941 0.003207
v -0.055173 -0.018226 -0.002268
v -0.048684 -0.017655 -0.002268
v -0.051929 -0.017941 -0.003207
v -0.025859 -0.031590 -0.003202
v -0.021518 -0.043699 -0.002226
v -0.023108 -0.030927 -0.002264
v -0.019681 -0.042961 -0.001574
v -0.021969 -0.030653 0.000000
v -0.018920 -0.042655 0.000000
v -0.023108 -0.030927 0.002264
v -0.019681 -0.042961 0.001574
v -0.025859 -0.031590 0.003202
v -0.021518 -0.043699 0.002226
v -0.028609 -0.032253 0.002264
v -0.023356 -0.044438 0.001574
v -0.029749 -0.032528 0.000000
v -0.024117 -0.044744 0.000000
v -0.028609 -0.032253 -0.002264
v -0.023356 -0.044438 -0.001574
v -0.012148 -0.057816 -0.000181
v -0.012254 -0.058092 -0.000256
v -0.011973 -0.057867 0.000000
v -0.012148 -0.057816 0.000181
v -0.012254 -0.058092 0.000256
v -0.012512 -0.058096 0.000181
v -0.012536 -0.058254 0.000000
v -0.012512 -0.058096 -0.000181
v -0.012121 -0.058244 0.000000
v -0.015896 -0.051618 -0.000869
v -0.015464 -0.051423 0.000000
v -0.016781 -0.052256 0.001230
v -0.017745 -0.052779 0.000869
v -0.017745 -0.052779 -0.000869
v -0.016781 -0.052256 -0.001230
v -0.015896 -0.051618 0.000869
v -0.018101 -0.053062 0.000000
v -0.030224 -0.000515 -0.003731
v -0.026540 -0.000468 -0.002638
v -0.025014 -0.000449 0.000000
v -0.026540 -0.000468 0.002638
v -0.030224 -0.000515 0.003731
v -0.033908 -0.000562 0.002638
v -0.035433 -0.000581 0.000000
v -0.033908 -0.000562 -0.002638
v -0.025586 -0.017655 0.002427
v -0.024242 -0.017537 0.000000
v -0.033419 -0.018344 0.000000
v -0.032075 -0.018226 0.002427
v -0.028830 -0.017941 0.003433
v -0.032075 -0.018226 -0.002427
v -0.025586 -0.017655 -0.002427
v -0.028830 -0.017941 -0.003433
v -0.002615 -0.031590 -0.003098
v 0.001394 -0.043520 -0.002206
v 0.000313 -0.030885 -0.002191
v 0.003427 -0.042792 -0.001560
v 0.001526 -0.030592 0.000000
v 0.004269 -0.042490 0.000000
v 0.000313 -0.030885 0.002191
v 0.003427 -0.042792 0.001560
v -0.002615 -0.031590 0.003098
v 0.001394 -0.043520 0.002206
v -0.005544 -0.032296 0.002191
v -0.000639 -0.044248 0.001560
v -0.006757 -0.032588 0.000000
v -0.001481 -0.044549 0.000000
v -0.005544 -0.032296 -0.002191
v -0.000639 -0.044248 -0.001560
v 0.011278 -0.058904 -0.000165
v 0.011162 -0.059176 -0.000233
v 0.011451 -0.058962 0.000000
v 0.011278 -0.058904 0.000165
v 0.011162 -0.059176 0.000233
v 0.010903 -0.059171 0.000165
v 0.010874 -0.059327 0.000000
v 0.010903 -0.059171 -0.000165
v 0.011288 -0.059333 0.000000
v 0.006889 -0.051648 -0.000790
v 0.007412 -0.051469 0.000000
v 0.005804 -0.052252 0.001117
v 0.004631 -0.052738 0.000790
v 0.004631 -0.052738 -0.000790
v 0.005804 -0.052252 -0.001117
v 0.006889 -0.051648 0.000790
v 0.004194 -0.053006 0.000000
v -0.006698 -0.001858 -0.003240
v -0.003179 -0.001814 -0.002291
v -0.001721 -0.001795 0.000000
v -0.003179 -0.001814 0.002291
v -0.006698 -0.001858 0.003240
v -0.010217 -0.001903 0.002291
v -0.011674 -0.001921 0.000000
v -0.010217 -0.001903 -0.002291
v -0.002118 -0.017655 0.002206
v -0.000740 -0.017537 0.000000
v -0.010151 -0.018344 0.000000
v -0.008773 -0.018226 0.002206
v -0.005446 -0.017941 0.003120
v -0.008773 -0.018226 -0.002206
v -0.002118 -0.017655 -0.002206
v -0.005446 -0.017941 -0.003120
v 0.020525 -0.028864 -0.002772
v 0.025072 -0.040759 -0.001928
v 0.023227 -0.028213 -0.001960
v 0.026877 -0.040034 -0.001363
v 0.024346 -0.027943 0.000000
v 0.027625 -0.039733 0.000000
v 0.023227 -0.028213 0.001960
v 0.026877 -0.040034 0.001363
v 0.020525 -0.028864 0.002772
v 0.025072 -0.040759 0.001928
v 0.017823 -0.029515 0.001960
v 0.023266 -0.041485 0.001363
v 0.016704 -0.029785 0.000000
v 0.022519 -0.041785 0.000000
v 0.017823 -0.029515 -0.001960
v 0.023266 -0.041485 -0.001363
v 0.034418 -0.054626 -0.000157
v 0.034314 -0.054898 -0.000222
v 0.034590 -0.054677 0.000000
v 0.034418 -0.054626 0.000157
v 0.034314 -0.054898 0.000222
v 0.034060 -0.054902 0.000157
v 0.034037 -0.055057 0.000000
v 0.034060 -0.054902 -0.000157
v 0.034445 -0.055047 0.000000
v 0.030737 -0.048538 -0.000753
v 0.031161 -0.048346 0.000000
v 0.029867 -0.049165 0.001065
v 0.028920 -0.049679 0.000753
v 0.028920 -0.049679 -0.000753
v 0.029867 -0.049165 -0.001065
v 0.030737 -0.048538 0.000753
v 0.028571 -0.049957 0.000000
v 0.016520 -0.002235 -0.003231
v 0.020139 -0.002189 -0.002284
v 0.021638 -0.002170 0.000000
v 0.020139 -0.002189 0.002284
v 0.016520 -0.002235 0.003231
v 0.012901 -0.002281 0.002284
v 0.011402 -0.002300 0.000000
v 0.012901 -0.002281 -0.002284
v 0.021076 -0.015175 0.002102
v 0.022396 -0.015059 0.000000
v 0.013381 -0.015852 0.000000
v 0.014702 -0.015735 0.002102
v 0.017889 -0.015455 0.002972
v 0.014702 -0.015735 -0.002102
v 0.021076 -0.015175 -0.002102
v 0.017889 -0.015455 -0.002972
v 0.043031 -0.025059 -0.002878
v 0.046517 -0.035133 -0.002001
v 0.045799 -0.024475 -0.002035
v 0.048307 -0.034285 -0.001415
v 0.046946 -0.024234 0.000000
v 0.049048 -0.033934 0.000000
v 0.045799 -0.024475 0.002035
v 0.048307 -0.034285 0.001415
v 0.043031 -0.025059 0.002878
v 0.046517 -0.035133 0.002001
v 0.040262 -0.025642 0.002035
v 0.044727 -0.035981 0.001415
v 0.039115 -0.025884 0.000000
v 0.043986 -0.036332 0.000000
v 0.040262 -0.025642 -0.002035
v 0.044727 -0.035981 -0.001415
v 0.055923 -0.048617 -0.000163
v 0.055834 -0.048899 -0.000230
v 0.056101 -0.048658 0.000000
v 0.055923 -0.048617 0.000163
v 0.055834 -0.048899 0.000230
v 0.055576 -0.048919 0.000163
v 0.055562 -0.049078 0.000000
v 0.055576 -0.048919 -0.000163
v 0.055976 -0.049043 0.000000
v 0.052021 -0.042703 -0.000782
v 0.052440 -0.042482 0.000000
v 0.051176 -0.043393 0.001105
v 0.050245 -0.043974 0.000782
v 0.050245 -0.043974 -0.000782
v 0.051176 -0.043393 -0.001105
v 0.052021 -0.042703 0.000782
v 0.049907 -0.044277 0.000000
v 0.039218 -0.003536 -0.003354
v 0.042902 -0.003490 -0.002372
v 0.044428 -0.003470 0.000000
v 0.042902 -0.003490 0.002372
v 0.039218 -0.003536 0.003354
v 0.035535 -0.003583 0.002372
v 0.034009 -0.003602 0.000000
v 0.035535 -0.003583 -0.002372
v 0.043856 -0.013549 0.002182
v 0.045200 -0.013431 0.000000
v 0.036023 -0.014238 0.000000
v 0.037367 -0.014120 0.002182
v 0.040612 -0.013834 0.003086
v 0.037367 -0.014120 -0.002182
v 0.043856 -0.013549 -0.002182
v 0.040612 -0.013834 -0.003086
v 0.063097 -0.020978 -0.002490
v 0.066436 -0.030321 -0.001731
v 0.065650 -0.020440 -0.001761
v 0.068087 -0.029539 -0.001224
v 0.066707 -0.020217 0.000000
v 0.068771 -0.029215 0.000000
v 0.065650 -0.020440 0.001761
v 0.068087 -0.029539 0.001224
v 0.063097 -0.020978 0.002490
v 0.066436 -0.030321 0.001731
v 0.060543 -0.021516 0.001761
v 0.064786 -0.031103 0.001224
v 0.059486 -0.021738 0.000000
v 0.064102 -0.031427 0.000000
v 0.060543 -0.021516 -0.001761
v 0.064786 -0.031103 -0.001224
v 0.074602 -0.041590 -0.000141
v 0.074520 -0.041850 -0.000199
v 0.074766 -0.041628 0.000000
v 0.074602 -0.041590 0.000141
v 0.074520 -0.041850 0.000199
v 0.074282 -0.041869 0.000141
v 0.074269 -0.042015 0.000000
v 0.074282 -0.041869 -0.000141
v 0.074650 -0.041983 0.000000
v 0.070757 -0.035842 -0.000676
v 0.071144 -0.035638 0.000000
v 0.069978 -0.036478 0.000956
v 0.069120 -0.037014 0.000676
v 0.069120 -0.037014 -0.000676
v 0.069978 -0.036478 -0.000956
v 0.070757 -0.035842 0.000676
v 0.068808 -0.037294 0.000000
v 0.060514 -0.003469 -0.002902
v 0.063911 -0.003426 -0.002052
v 0.065318 -0.003408 0.000000
v 0.063911 -0.003426 0.002052
v 0.060514 -0.003469 0.002902
v 0.057117 -0.003512 0.002052
v 0.055709 -0.003530 0.000000
v 0.057117 -0.003512 -0.002052
v 0.064202 -0.011001 0.001888
v 0.065441 -0.010892 0.000000
v 0.056978 -0.011637 0.000000
v 0.058217 -0.011528 0.001888
v 0.061210 -0.011265 0.002670
v 0.058217 -0.011528 -0.001888
v 0.064202 -0.011001 -0.001888
v 0.061210 -0.011265 -0.002670
v 0.082277 -0.016506 -0.001858
v 0.084688 -0.023507 -0.001292
v 0.084187 -0.016126 -0.001314
v 0.085927 -0.022938 -0.000914
v 0.084979 -0.015969 0.000000
v 0.086440 -0.022702 0.000000
v 0.084187 -0.016126 0.001314
v 0.085927 -0.022938 0.000914
v 0.082277 -0.016506 0.001858
v 0.084688 -0.023507 0.001292
v 0.080367 -0.016885 0.001314
v 0.083450 -0.024077 0.000914
v 0.079576 -0.017042 0.000000
v 0.082937 -0.024313 0.000000
v 0.080367 -0.016885 -0.001314
v 0.083450 -0.024077 -0.000914
v 0.090684 -0.031989 -0.000105
v 0.090621 -0.032183 -0.000149
v 0.090806 -0.032019 0.000000
v 0.090684 -0.031989 0.000105
v 0.090621 -0.032183 0.000149
v 0.090443 -0.032195 0.000105
v 0.090432 -0.032304 0.000000
v 0.090443 -0.032195 -0.000105
v 0.090717 -0.032283 0.000000
v 0.087865 -0.027666 -0.000505
v 0.088155 -0.027517 0.000000
v 0.087278 -0.028134 0.000714
v 0.086633 -0.028526 0.000505
v 0.086633 -0.028526 -0.000505
v 0.087278 -0.028134 -0.000714
v 0.087865 -0.027666 0.000505
v 0.086398 -0.028732 0.000000
v 0.080529 -0.003049 -0.002166
v 0.083065 -0.003047 -0.001531
v 0.084115 -0.003046 0.000000
v 0.083065 -0.003047 0.001531
v 0.080529 -0.003049 0.002166
v 0.077993 -0.003052 0.001531
v 0.076943 -0.003053 0.000000
v 0.077993 -0.003052 -0.001531
v 0.083189 -0.009070 0.001409
v 0.084115 -0.008999 0.000000
v 0.077792 -0.009481 0.000000
v 0.078718 -0.009411 0.001409
v 0.080954 -0.009240 0.001992
v 0.078718 -0.009411 -0.001409
v 0.083189 -0.009070 -0.001409
v 0.080954 -0.009240 -0.001992
vn 0.8803 -0.4745 -0.0000
vn 0.6912 -0.4591 0.5581
vn 0.7799 -0.4167 0.4671
vn 0.0483 0.0244 -0.9985
vn -0.0858 0.1319 -0.9875
vn 0.0734 0.0378 -0.9966
vn 0.9392 -0.1834 0.2902
vn 1.0000 -0.0000 -0.0000
vn 0.9810 -0.1938 -0.0000
vn -0.0950 0.0533 0.9941
vn 0.0542 -0.0000 0.9985
vn 0.0483 0.0244 0.9985
vn 0.1318 -0.0863 0.9875
vn -0.0426 -0.2719 0.9614
vn 0.1382 -0.0686 0.9880
vn 0.6912 -0.4591 -0.5581
vn 0.8310 -0.5562 -0.0000
vn 0.8184 -0.2723 -0.5060
vn 0.9544 -0.2985 -0.0000
vn 0.9392 0.1834 0.2902
vn 0.9810 0.1938 -0.0000
vn 0.9188 -0.3948 -0.0000
vn 0.8325 -0.3927 -0.3907
vn 0.9033 -0.4289 -0.0000
vn 0.8803 0.4745 -0.0000
vn 0.6912 0.4591 0.5581
vn 0.8310 0.5562 -0.0000
vn 0.6912 0.4591 -0.5581
vn 0.7799 0.4167 -0.4671
vn -0.1604 0.9870 -0.0000
vn 0.6695 0.5130 -0.5373
vn -0.1548 0.8623 -0.4822
vn -0.1548 -0.8623 -0.4822
vn -0.4589 -0.8885 -0.0000
vn -0.3962 -0.7587 -0.5171
vn 0.9392 -0.1834 -0.2902
vn -0.5893 -0.7859 -0.1875
vn -0.6762 -0.7367 -0.0000
vn -0.6702 -0.7262 -0.1533
vn 0.9033 0.4289 -0.0000
vn 0.7799 0.4167 0.4671
vn 0.3321 0.1255 0.9349
vn 0.3454 0.1439 0.9274
vn 0.2824 -0.0895 -0.9551
vn 0.0897 0.0631 -0.9940
vn 0.3220 -0.1106 -0.9403
vn 0.3220 0.1106 0.9403
vn 0.1086 -0.0932 0.9897
vn -0.1548 -0.8623 0.4822
vn -0.3962 -0.7587 0.5171
vn 0.8184 0.2723 0.5060
vn 0.9544 0.2985 -0.0000
vn 0.3395 0.2198 -0.9146
vn 0.1382 -0.0686 -0.9880
vn 0.3064 0.1439 -0.9410
vn -0.6762 0.7367 -0.0000
vn -0.5893 0.7859 -0.1875
vn -0.6702 0.7262 -0.1533
vn -0.5893 -0.7859 0.1875
vn -0.6702 -0.7262 0.1533
vn 0.1387 0.0685 -0.9880
vn -0.0805 0.3150 -0.9457
vn 0.1472 0.0363 -0.9884
vn 0.8184 0.2723 -0.5060
vn 0.0734 -0.0378 0.9966
vn -0.1005 -0.2154 0.9713
vn 0.0897 -0.0631 0.9940
vn -0.8677 -0.4596 0.1891
vn -1.0000 -0.0000 -0.0000
vn -0.8860 -0.4637 -0.0000
vn -0.5351 -0.8103 -0.2390
vn -0.6002 -0.7998 -0.0000
vn 0.7420 -0.6704 -0.0000
vn 0.6695 -0.5130 0.5373
vn 0.9188 0.3948 -0.0000
vn 0.8325 0.3927 0.3907
vn 0.3454 -0.1439 -0.9274
vn 0.3064 -0.1439 -0.9410
vn 0.2824 0.0895 0.9551
vn 0.9044 0.2938 0.3094
vn 0.9502 0.3118 -0.0000
vn 0.1318 0.0863 0.9875
vn -0.0426 0.2719 0.9614
vn -0.0947 0.3005 0.9491
vn -0.5127 0.8586 -0.0000
vn -0.3962 0.7587 -0.5171
vn -0.4806 0.8071 -0.3429
vn -0.8677 -0.4596 -0.1891
vn -0.9807 -0.0000 -0.1955
vn 0.7799 -0.4167 -0.4671
vn 0.1318 0.0863 -0.9875
vn -0.0426 0.2719 -0.9614
vn 0.0483 -0.0244 -0.9985
vn 0.2322 -0.0000 -0.9727
vn 0.2451 0.0446 -0.9685
vn 0.3454 0.1439 -0.9274
vn 0.1318 -0.0863 -0.9875
vn 0.0734 0.0378 0.9966
vn -0.1005 0.2154 0.9713
vn -0.0858 0.1319 0.9875
vn 0.1086 0.0932 0.9897
vn -0.1126 0.2834 0.9524
vn 0.9502 -0.3118 -0.0000
vn 0.8643 -0.3688 0.3421
vn 0.9044 -0.2938 0.3094
vn 0.8325 -0.3927 0.3907
vn 0.7420 0.6704 -0.0000
vn 0.8184 -0.2723 0.5060
vn 0.1387 0.0685 0.9880
vn -0.0805 0.3151 0.9456
vn -0.0858 -0.1319 -0.9875
vn -0.0950 -0.0533 -0.9941
vn 0.0897 0.0631 0.9940
vn 0.8643 0.3688 -0.3421
vn 0.9044 0.2938 -0.3094
vn -0.1005 0.2154 -0.9713
vn 0.2451 -0.0446 -0.9685
vn -0.8677 0.4596 0.1891
vn -0.8860 0.4637 -0.0000
vn 0.8643 -0.3688 -0.3421
vn -0.5351 0.8103 0.2390
vn -0.6002 0.7998 -0.0000
vn -0.5893 0.7859 0.1875
vn 0.9392 0.1834 -0.2902
vn 0.8325 0.3927 -0.3907
vn 0.0897 -0.0631 -0.9940
vn -0.1126 -0.2834 -0.9524
vn -0.1005 -0.2154 -0.9713
vn 0.2824 0.0895 -0.9551
vn 0.0734 -0.0378 -0.9966
vn 0.1086 0.0932 -0.9897
vn -0.0947 0.3005 -0.9491
vn -0.4806 0.8071 0.3429
vn -0.5520 0.8338 -0.0000
vn -0.6702 0.7262 0.1533
vn -0.3962 0.7587 0.5171
vn -0.1548 0.8623 0.4822
vn -0.4589 0.8885 -0.0000
vn 0.0483 -0.0244 0.9985
vn -0.0858 -0.1319 0.9875
vn -0.1126 -0.2834 0.9524
vn -0.0805 -0.3150 0.9457
vn 0.1472 -0.0363 0.9884
vn -0.0947 -0.3005 0.9491
vn -0.1604 -0.9870 -0.0000
vn 0.6695 -0.5130 -0.5373
vn 0.3064 0.1439 0.9410
vn 0.8643 0.3688 0.3421
vn -0.4806 -0.8071 -0.3429
vn -0.5520 -0.8338 -0.0000
vn 0.3321 -0.1255 -0.9349
vn -0.1126 0.2834 -0.9524
vn -0.8677 0.4596 -0.1891
vn -0.0950 -0.0533 0.9941
vn -0.9807 -0.0000 0.1955
vn -0.5351 0.8103 -0.2390
vn -0.0426 -0.2719 -0.9614
vn -0.0947 -0.3005 -0.9491
vn 0.2322 -0.0000 0.9727
vn 0.2451 0.0446 0.9685
vn -0.0805 -0.3151 -0.9456
vn 0.2451 -0.0446 0.9685
vn 0.0542 -0.0000 -0.9985
vn 0.3220 -0.1106 0.9403
vn 0.1086 -0.0932 -0.9897
vn 0.3395 -0.2198 0.9146
vn 0.3064 -0.1439 0.9410
vn 0.6695 0.5130 0.5373
vn 0.3321 -0.1255 0.9349
vn 0.2824 -0.0895 0.9551
vn 0.3395 -0.2198 -0.9146
vn 0.3454 -0.1439 0.9274
vn 0.3395 0.2198 0.9146
vn -0.0950 0.0533 -0.9941
vn -0.4806 -0.8071 0.3429
vn -0.5351 -0.8103 0.2390
vn -0.5127 -0.8586 -0.0000
vn 0.3321 0.1255 -0.9349
vn 0.3220 0.1106 -0.9403
vn 0.9044 -0.2938 -0.3094
vn -0.0294 0.0009 0.9996
vn -0.0665 0.1419 0.9876
vn -0.0604 -0.0074 0.9981
vn -0.0624 0.1566 0.9857
vn -0.1530 0.3278 0.9323
vn -0.1176 0.3414 0.9325
vn -0.2737 0.6535 0.7058
vn -0.3443 0.9388 -0.0000
vn -0.3947 0.9188 -0.0000
vn 0.9516 0.3072 -0.0000
vn 0.9259 0.3776 -0.0097
vn 0.9575 0.2885 -0.0000
vn 0.9878 0.1555 -0.0000
vn 0.9865 0.1635 -0.0000
vn -0.4234 0.6143 0.6658
vn -0.6149 0.7886 -0.0000
vn -0.5029 0.5948 0.6272
vn -0.0797 0.1145 0.9902
vn -0.0903 0.0148 0.9958
vn -0.3444 0.3307 0.8786
vn -0.2389 0.1839 0.9535
vn -0.2465 0.2792 0.9281
vn -0.2757 0.3639 0.8897
vn -0.5858 0.5578 0.5879
vn -0.7373 0.6756 -0.0000
vn -0.6502 0.5390 0.5355
vn -0.3558 0.0118 0.9345
vn -0.4689 0.1834 0.8640
vn -0.4571 0.0086 0.8894
vn -0.3751 0.1743 0.9104
vn -0.5216 0.3274 0.7879
vn -0.4401 0.3314 0.8346
vn -0.7011 0.1911 0.6870
vn -0.6936 -0.0000 0.7204
vn -0.7187 0.3438 0.6044
vn -0.7203 0.5007 0.4800
vn -0.8110 0.5850 -0.0000
vn -0.9103 0.4139 -0.0000
vn -0.9606 0.2779 -0.0000
vn -0.2937 0.1678 0.9410
vn -0.2659 0.0021 0.9640
vn -0.7046 0.7096 -0.0000
vn -0.2737 0.6535 -0.7058
vn -0.2276 0.6512 -0.7240
vn 0.9259 0.3776 0.0097
vn 0.9244 0.3814 -0.0000
vn -0.1176 0.3414 -0.9325
vn -0.1530 0.3278 -0.9323
vn -0.0665 0.1419 -0.9876
vn -0.0294 0.0009 -0.9996
vn -0.0604 -0.0074 -0.9981
vn -0.0624 0.1566 -0.9857
vn -0.6498 -0.5446 -0.5302
vn -0.8025 -0.5967 -0.0000
vn -0.7158 -0.5107 -0.4763
vn -0.5543 -0.1978 -0.8085
vn -0.4222 -0.4791 -0.7696
vn -0.6990 -0.2325 -0.6762
vn -0.0000 0.1309 -0.9914
vn 0.3323 0.1235 -0.9350
vn 0.2877 -0.0414 -0.9568
vn -0.2659 0.0021 -0.9640
vn -0.3736 -0.1715 -0.9116
vn -0.3558 0.0118 -0.9345
vn -0.4401 0.3314 -0.8346
vn -0.6502 0.5390 -0.5355
vn -0.5858 0.5578 -0.5879
vn -0.5216 0.3274 -0.7879
vn -0.7203 0.5007 -0.4800
vn -0.7187 0.3438 -0.6044
vn -0.7011 0.1911 -0.6870
vn -0.3751 0.1743 -0.9104
vn -0.0797 0.1145 -0.9902
vn -0.0903 0.0148 -0.9958
vn -0.4234 0.6143 -0.6658
vn -0.5408 0.8412 -0.0000
vn -0.2389 0.1839 -0.9535
vn -0.3444 0.3307 -0.8786
vn -0.2465 0.2792 -0.9281
vn -0.2757 0.3639 -0.8897
vn -0.5029 0.5948 -0.6272
vn -0.4689 0.1834 -0.8640
vn -0.6936 -0.0000 -0.7204
vn -0.4571 0.0086 -0.8894
vn -0.0614 -0.1542 0.9861
vn -0.0987 -0.1637 0.9816
vn -0.1250 -0.3364 0.9334
vn -0.1617 -0.3364 0.9277
vn -0.2510 -0.6518 0.7156
vn -0.3918 -0.9201 -0.0000
vn -0.2748 -0.6562 0.7028
vn 0.9516 -0.3072 -0.0000
vn 0.9259 -0.3776 -0.0097
vn 0.9244 -0.3814 -0.0000
vn 0.9878 -0.1555 -0.0000
vn 0.9865 -0.1635 -0.0000
vn 0.9575 -0.2885 -0.0000
vn -0.4271 -0.6280 0.6505
vn -0.6078 -0.7941 -0.0000
vn -0.5387 -0.8425 -0.0000
vn -0.1892 -0.0453 0.9809
vn -0.2902 -0.1710 0.9416
vn -0.2186 -0.1693 0.9610
vn -0.3605 -0.3411 0.8681
vn -0.2814 -0.3469 0.8947
vn -0.5052 -0.6029 0.6175
vn -0.5895 -0.5593 0.5828
vn -0.7400 -0.6727 -0.0000
vn -0.7011 -0.7131 -0.0000
vn -0.4694 -0.1767 0.8651
vn -0.3736 -0.1715 0.9116
vn -0.5203 -0.3399 0.7834
vn -0.4455 -0.3435 0.8268
vn -0.6498 -0.5446 0.5302
vn -0.7016 -0.1912 0.6865
vn -0.7184 -0.3436 0.6049
vn -0.7158 -0.5107 0.4763
vn -0.9103 -0.4140 -0.0000
vn -0.9606 -0.2779 -0.0000
vn -0.0614 -0.1542 -0.9861
vn -0.0987 -0.1637 -0.9816
vn -0.1617 -0.3364 -0.9277
vn -0.2510 -0.6518 -0.7156
vn -0.2748 -0.6562 -0.7028
vn -0.1250 -0.3364 -0.9334
vn -0.2937 0.1678 -0.9410
vn -0.7016 -0.1912 -0.6865
vn -0.0494 -0.5699 -0.8202
vn -0.3018 -0.4026 -0.8642
vn -0.0061 -0.4655 -0.8850
vn -0.1661 -0.1620 -0.9727
vn -0.3605 -0.3411 -0.8681
vn -0.5895 -0.5593 -0.5828
vn -0.4455 -0.3435 -0.8268
vn -0.2814 -0.3469 -0.8947
vn -0.5052 -0.6029 -0.6175
vn -0.5203 -0.3399 -0.7834
vn -0.4694 -0.1767 -0.8651
vn -0.7184 -0.3436 -0.6049
vn -0.1892 -0.0453 -0.9809
vn -0.2902 -0.1710 -0.9416
vn -0.2186 -0.1693 -0.9610
vn 0.9259 -0.3776 0.0097
vn -0.4271 -0.6280 -0.6505
vn -0.0494 -0.5699 0.8202
vn -0.3018 -0.4026 0.8642
vn -0.4222 -0.4791 0.7696
vn -0.0061 -0.4655 0.8850
vn -0.1661 -0.1620 0.9727
vn -0.0000 0.1309 0.9914
vn 0.1662 0.4086 0.8974
vn -0.0000 0.4527 0.8917
vn -0.5543 -0.1978 0.8085
vn -0.2877 -0.0414 0.9568
vn -0.6990 -0.2325 0.6762
vn 0.3323 0.1235 0.9350
vn 0.2877 0.2881 0.9134
vn -0.6469 0.0986 0.7562
vn -0.3323 0.1235 0.9350
vn -0.6931 0.4044 0.5967
vn -0.7834 0.0769 0.6168
vn -0.2877 0.2881 0.9134
vn -0.5515 0.4026 0.7306
vn -0.1662 0.4086 0.8974
vn -0.3040 0.6173 0.7256
vn -0.4118 0.6732 0.6142
vn -0.0043 0.6868 0.7269
vn -0.0417 0.7733 0.6326
vn 0.3051 0.6793 0.6675
vn 0.2834 0.6000 0.7481
vn 0.5451 0.4334 0.7177
vn 0.4846 0.3886 0.7837
vn 0.5514 0.1114 0.8267
vn 0.1661 -0.1620 0.9727
vn 0.2877 -0.0414 0.9568
vn 0.6229 0.1160 0.7736
vn 0.5270 -0.2015 0.8256
vn 0.4701 -0.1593 0.8681
vn -0.0000 -0.2062 0.9785
vn 0.2747 -0.3701 0.8875
vn 0.2913 -0.4600 0.8388
vn -0.4118 0.6732 -0.6142
vn -0.5515 0.4026 -0.7306
vn -0.6931 0.4044 -0.5967
vn 0.3051 0.6793 -0.6675
vn -0.0043 0.6868 -0.7269
vn -0.0417 0.7733 -0.6326
vn 0.1662 0.4086 -0.8974
vn -0.0000 0.4527 -0.8917
vn -0.1662 0.4086 -0.8974
vn -0.2877 0.2881 -0.9134
vn -0.1973 -0.3365 0.9208
vn -0.3807 -0.6376 0.6698
vn -0.3341 -0.6461 0.6863
vn -0.1356 -0.1820 0.9739
vn -0.2287 -0.3485 0.9090
vn -0.1115 -0.0681 0.9914
vn -0.1644 -0.1845 0.9690
vn -0.5033 -0.8641 -0.0000
vn -0.4486 -0.8938 -0.0000
vn 0.2877 0.2881 -0.9134
vn 0.5514 0.1114 -0.8267
vn 0.1661 -0.1620 -0.9727
vn -0.0000 -0.2062 -0.9785
vn -0.6469 0.0986 -0.7562
vn -0.2192 0.3589 0.9073
vn -0.3721 0.6349 0.6771
vn -0.2438 0.3641 0.8989
vn -0.3251 0.6441 0.6924
vn -0.4872 0.8733 -0.0000
vn -0.1493 0.3070 0.9399
vn -0.2092 0.3282 0.9211
vn -0.1576 -0.0267 0.9871
vn -0.2132 0.0038 0.9770
vn -0.2154 0.0676 0.9742
vn -0.2624 0.3180 0.9111
vn -0.1203 0.2337 0.9648
vn -0.0945 -0.0309 0.9950
vn -0.1456 -0.0740 0.9866
vn -0.3323 0.1235 -0.9350
vn -0.2877 -0.0414 -0.9568
vn -0.4412 0.8974 -0.0000
vn 0.6229 0.1160 -0.7736
vn 0.4846 0.3886 -0.7837
vn 0.5451 0.4334 -0.7177
vn 0.5269 -0.2012 -0.8258
vn -0.3040 0.6173 -0.7256
vn 0.2834 0.6000 -0.7481
vn 0.4701 -0.1593 -0.8681
vn 0.2747 -0.3701 -0.8875
vn 0.2913 -0.4600 -0.8388
vn -0.1973 -0.3365 -0.9208
vn -0.3807 -0.6376 -0.6698
vn -0.2287 -0.3485 -0.9090
vn -0.1356 -0.1820 -0.9739
vn -0.1644 -0.1845 -0.9690
vn -0.1115 -0.0681 -0.9914
vn -0.1456 -0.0740 -0.9866
vn -0.3341 -0.6461 -0.6863
vn -0.2192 0.3589 -0.9073
vn -0.3721 0.6349 -0.6771
vn -0.3251 0.6441 -0.6924
vn -0.1493 0.3070 -0.9399
vn -0.2438 0.3641 -0.8989
vn -0.1576 -0.0267 -0.9871
vn -0.2132 0.0038 -0.9770
vn -0.2154 0.0676 -0.9742
vn -0.2624 0.3180 -0.9111
vn -0.1203 0.2337 -0.9648
vn -0.0945 -0.0309 -0.9950
vn -0.2092 0.3282 -0.9211
vn 0.0002 -0.0030 -1.0000
vn 0.0207 -0.3769 -0.9260
vn 0.0120 -0.3853 -0.9227
vn 0.0386 -0.7031 -0.7100
vn 0.0219 -0.7086 -0.7053
vn 0.0506 -0.9217 -0.3847
vn 0.0284 -0.9240 -0.3814
vn 0.0548 -0.9985 -0.0000
vn 0.0307 -0.9995 -0.0000
vn 0.0284 -0.9240 0.3814
vn 0.0506 -0.9217 0.3847
vn 0.0219 -0.7086 0.7053
vn 0.0386 -0.7031 0.7100
vn 0.0120 -0.3853 0.9227
vn 0.0207 -0.3769 0.9260
vn 0.0002 -0.0030 1.0000
vn -0.0004 0.0068 1.0000
vn -0.0117 0.3799 0.9250
vn -0.0213 0.3885 0.9212
vn -0.0218 0.7054 0.7084
vn -0.0390 0.7099 0.7032
vn -0.0287 0.9231 0.3834
vn -0.0507 0.9236 0.3799
vn -0.0309 0.9995 -0.0000
vn -0.0507 0.9236 -0.3799
vn -0.0286 0.9230 -0.3837
vn -0.0390 0.7099 -0.7032
vn -0.0218 0.7054 -0.7084
vn -0.0213 0.3885 -0.9212
vn -0.0117 0.3802 -0.9248
vn -0.0004 0.0068 -1.0000
vn 0.0145 0.3859 -0.9224
vn -0.0000 0.0001 -1.0000
vn -0.0000 0.3829 -0.9238
vn 0.0310 0.3829 -0.9233
vn 0.0034 0.0037 -1.0000
vn 0.0152 0.3791 -0.9252
vn 0.0080 0.0002 -1.0000
vn 0.0046 -0.0043 -1.0000
vn 0.0238 0.7088 -0.7050
vn -0.0000 0.7072 -0.7070
vn 0.0504 0.7063 -0.7062
vn 0.0242 0.7048 -0.7090
vn 0.0300 0.9240 -0.3813
vn -0.0000 0.9239 -0.3827
vn 0.0633 0.9219 -0.3822
vn 0.0302 0.9228 -0.3841
vn 0.0321 0.9995 -0.0000
vn -0.0000 1.0000 -0.0000
vn 0.0678 0.9977 -0.0000
vn 0.0324 0.9995 -0.0000
vn 0.0300 0.9240 0.3813
vn -0.0000 0.9239 0.3827
vn 0.0633 0.9219 0.3822
vn 0.0302 0.9228 0.3841
vn 0.0238 0.7088 0.7050
vn -0.0000 0.7072 0.7070
vn 0.0504 0.7063 0.7062
vn 0.0242 0.7048 0.7090
vn 0.0145 0.3859 0.9224
vn -0.0000 0.3829 0.9238
vn 0.0310 0.3829 0.9233
vn 0.0152 0.3791 0.9252
vn 0.0034 0.0037 1.0000
vn -0.0000 -0.0000 1.0000
vn 0.0080 0.0002 1.0000
vn 0.0046 -0.0043 1.0000
vn -0.0082 -0.3796 0.9251
vn -0.0000 -0.3828 0.9238
vn -0.0150 -0.3827 0.9238
vn -0.0059 -0.3864 0.9223
vn -0.0174 -0.7053 0.7087
vn -0.0000 -0.7072 0.7070
vn -0.0344 -0.7065 0.7068
vn -0.0147 -0.7093 0.7048
vn -0.0238 -0.9231 0.3839
vn -0.0000 -0.9239 0.3827
vn -0.0474 -0.9227 0.3826
vn -0.0205 -0.9244 0.3810
vn -0.0261 -0.9997 -0.0000
vn -0.0000 -1.0000 -0.0000
vn -0.0520 -0.9986 -0.0000
vn -0.0225 -0.9997 -0.0000
vn -0.0238 -0.9231 -0.3839
vn -0.0000 -0.9239 -0.3827
vn -0.0474 -0.9227 -0.3826
vn -0.0205 -0.9244 -0.3810
vn -0.0174 -0.7053 -0.7087
vn -0.0000 -0.7072 -0.7070
vn -0.0344 -0.7065 -0.7068
vn -0.0147 -0.7093 -0.7048
vn -0.0073 -0.3798 -0.9250
vn -0.0000 -0.3828 -0.9238
vn -0.0150 -0.3827 -0.9238
vn -0.0059 -0.3864 -0.9223
vn 0.0314 0.1032 -0.9942
vn 0.5847 -0.0880 -0.8064
vn -0.0020 0.0571 -0.9984
vn 0.9622 -0.2725 -0.0000
vn 0.9845 -0.1753 -0.0000
vn 0.5847 -0.0880 0.8064
vn 0.0314 0.1032 0.9942
vn -0.0020 0.0571 0.9984
vn -0.5017 0.3691 0.7823
vn -0.5742 0.2283 0.7862
vn -0.8361 0.5486 -0.0000
vn -0.9390 0.3440 -0.0000
vn 0.9097 -0.4153 -0.0000
vn 0.5477 -0.1740 -0.8184
vn 0.9948 -0.1016 -0.0000
vn -0.5742 0.2283 -0.7862
vn -0.5017 0.3691 -0.7823
vn 0.5723 -0.0436 0.8189
vn 0.9995 -0.0324 -0.0000
vn 0.9964 -0.0846 -0.0000
vn -0.3375 0.9413 0.0009
vn 0.2732 0.3930 0.8780
vn 0.6268 0.7792 -0.0000
vn 0.0563 0.1041 0.9930
vn -0.2979 0.5263 0.7964
vn -0.4183 0.4587 0.7840
vn 0.0565 0.1037 -0.9930
vn -0.2965 0.5259 -0.7972
vn 0.2733 0.3930 -0.8780
vn 0.5510 -0.2099 -0.8077
vn 0.5477 -0.1740 0.8184
vn 0.5510 -0.2099 0.8077
vn -0.7118 0.7024 -0.0000
vn -0.4183 0.4587 -0.7840
vn 0.5827 -0.1302 0.8022
vn 0.5827 -0.1302 -0.8022
vn -0.9817 0.1904 -0.0000
vn -0.5854 0.0856 0.8062
vn -0.5816 0.1198 0.8046
vn -0.0083 0.0258 0.9996
vn 0.5629 -0.0127 0.8264
vn -0.5854 0.0856 -0.8062
vn -0.9908 0.1351 -0.0000
vn 0.5723 -0.0436 -0.8189
vn 0.5629 -0.0127 -0.8264
vn -0.0133 0.0253 0.9996
vn -0.5816 0.1198 -0.8046
vn -0.0133 0.0253 -0.9996
vn -0.0083 0.0258 -0.9996
vn 0.0239 0.0910 -0.9956
vn 0.6064 -0.1308 -0.7843
vn -0.0005 0.0499 -0.9988
vn 0.9357 -0.3529 -0.0000
vn 0.9727 -0.2319 -0.0000
vn 0.6064 -0.1308 0.7843
vn 0.0239 0.0910 0.9956
vn -0.0005 0.0499 0.9988
vn -0.5211 0.3879 0.7603
vn -0.5934 0.2477 0.7658
vn -0.8278 0.5610 -0.0000
vn -0.9307 0.3658 -0.0000
vn 0.8887 -0.4584 -0.0000
vn 0.5860 -0.1773 -0.7907
vn 0.9945 -0.1043 -0.0000
vn -0.5934 0.2477 -0.7658
vn -0.5211 0.3879 -0.7603
vn 0.5975 -0.0695 0.7988
vn 0.9983 -0.0581 -0.0000
vn 0.9924 -0.1233 -0.0000
vn -0.3132 0.9497 -0.0000
vn 0.2982 0.4132 0.8604
vn 0.6350 0.7725 -0.0000
vn 0.0642 0.1085 0.9920
vn -0.2926 0.5721 0.7662
vn -0.4242 0.4907 0.7611
vn 0.0640 0.1088 -0.9920
vn -0.2926 0.5721 -0.7662
vn 0.2981 0.4132 -0.8605
vn 0.5699 -0.2512 -0.7824
vn 0.5860 -0.1773 0.7907
vn 0.5699 -0.2512 0.7824
vn -0.6918 0.7221 -0.0000
vn -0.4242 0.4907 -0.7611
vn 0.5887 -0.1907 0.7856
vn 0.5887 -0.1907 -0.7856
vn -0.9799 0.1993 -0.0000
vn -0.6120 0.0882 0.7859
vn -0.6098 0.1302 0.7817
vn -0.0110 0.0226 0.9997
vn 0.5904 -0.0297 0.8066
vn -0.6120 0.0882 -0.7859
vn -0.9908 0.1350 -0.0000
vn 0.5975 -0.0695 -0.7988
vn 0.5904 -0.0297 -0.8066
vn -0.0144 0.0216 0.9997
vn -0.6098 0.1302 -0.7817
vn -0.0144 0.0216 -0.9997
vn -0.0110 0.0226 -0.9997
vn 0.0198 0.0895 -0.9958
vn 0.6288 -0.1199 -0.7683
vn -0.0016 0.0494 -0.9988
vn 0.6171 -0.1676 -0.7688
vn 0.9780 -0.2084 -0.0000
vn 0.6171 -0.1676 0.7688
vn 0.6288 -0.1199 0.7683
vn 0.0198 0.0895 0.9958
vn -0.0016 0.0494 0.9988
vn -0.5606 0.3573 0.7470
vn -0.6178 0.2311 0.7516
vn -0.8648 0.5021 -0.0000
vn -0.9435 0.3313 -0.0000
vn 0.9073 -0.4205 -0.0000
vn 0.6126 -0.1634 -0.7733
vn 0.9983 -0.0588 -0.0000
vn -0.6178 0.2311 -0.7516
vn -0.5606 0.3573 -0.7470
vn 0.6180 -0.0676 0.7832
vn 0.9983 -0.0580 -0.0000
vn 0.9932 -0.1162 -0.0000
vn -0.3741 0.9274 -0.0005
vn 0.2781 0.4376 0.8551
vn 0.5873 0.8094 -0.0000
vn 0.0503 0.1084 0.9928
vn -0.3426 0.5656 0.7501
vn -0.4782 0.4645 0.7453
vn 0.0503 0.1084 -0.9928
vn -0.3428 0.5662 -0.7496
vn 0.2784 0.4375 -0.8550
vn 0.5937 -0.2339 -0.7700
vn 0.6127 -0.1638 0.7731
vn 0.5937 -0.2339 0.7700
vn -0.7483 0.6633 -0.0000
vn -0.4782 0.4645 -0.7453
vn 0.9524 -0.3048 -0.0000
vn -0.9818 0.1898 -0.0000
vn -0.6304 0.0911 0.7709
vn -0.6277 0.1271 0.7680
vn -0.0100 0.0226 0.9997
vn 0.6094 -0.0305 0.7923
vn -0.6304 0.0911 -0.7709
vn -0.9909 0.1349 -0.0000
vn 0.6180 -0.0676 -0.7832
vn 0.6094 -0.0305 -0.7923
vn -0.0153 0.0231 0.9996
vn -0.6277 0.1271 -0.7680
vn -0.0153 0.0231 -0.9996
vn -0.0100 0.0226 -0.9997
vn 0.0195 0.0893 -0.9958
vn 0.6043 -0.1115 -0.7889
vn -0.0023 0.0391 -0.9992
vn 0.9623 -0.2721 -0.0000
vn 0.9803 -0.1976 -0.0000
vn 0.6043 -0.1115 0.7889
vn 0.0195 0.0893 0.9958
vn -0.0023 0.0391 0.9992
vn -0.5454 0.3309 0.7701
vn -0.5975 0.2080 0.7744
vn -0.8777 0.4793 -0.0000
vn -0.9496 0.3135 -0.0000
vn 0.9141 -0.4054 -0.0000
vn 0.5787 -0.1532 -0.8010
vn 0.9994 -0.0339 -0.0000
vn -0.5975 0.2080 -0.7744
vn -0.5454 0.3309 -0.7701
vn 0.5843 -0.0714 0.8084
vn 0.9980 -0.0633 -0.0000
vn 0.9926 -0.1215 -0.0000
vn -0.3979 0.9174 0.0008
vn 0.2482 0.4243 0.8709
vn 0.5561 0.8311 -0.0000
vn 0.0362 0.1050 0.9938
vn -0.3364 0.5267 0.7807
vn -0.4472 0.4244 0.7873
vn 0.0362 0.1050 -0.9938
vn -0.3361 0.5265 -0.7809
vn 0.2482 0.4243 -0.8708
vn 0.5328 -0.1923 -0.8241
vn 0.5786 -0.1533 0.8011
vn 0.5328 -0.1923 0.8241
vn -0.7620 0.6476 -0.0000
vn -0.4472 0.4244 -0.7873
vn 0.5978 -0.1380 0.7897
vn 0.5978 -0.1380 -0.7897
vn -0.9871 0.1603 -0.0000
vn -0.6015 0.0578 0.7968
vn -0.6001 0.0994 0.7937
vn -0.0110 0.0082 0.9999
vn 0.5829 -0.0351 0.8118
vn -0.6015 0.0578 -0.7968
vn -0.9957 0.0923 -0.0000
vn 0.5843 -0.0714 -0.8084
vn 0.5829 -0.0351 -0.8118
vn -0.0108 0.0086 0.9999
vn -0.6001 0.0994 -0.7937
vn -0.0108 0.0086 -0.9999
vn -0.0110 0.0082 -0.9999
vn 0.0179 0.0786 -0.9967
vn 0.5914 -0.1136 -0.7983
vn -0.0051 0.0447 -0.9990
vn 0.5797 -0.1709 -0.7967
vn 0.9780 -0.2086 -0.0000
vn 0.5797 -0.1709 0.7967
vn 0.5914 -0.1136 0.7983
vn 0.0179 0.0786 0.9967
vn -0.0051 0.0447 0.9990
vn -0.5277 0.3464 0.7756
vn -0.5892 0.2196 0.7775
vn -0.8573 0.5147 -0.0000
vn -0.9438 0.3304 -0.0000
vn 0.9043 -0.4270 -0.0000
vn 0.5710 -0.1555 -0.8061
vn 0.9983 -0.0586 -0.0000
vn -0.5892 0.2196 -0.7775
vn -0.5279 0.3465 -0.7754
vn 0.5848 -0.0581 0.8091
vn 0.9944 -0.1054 -0.0000
vn -0.3745 0.9272 -0.0000
vn 0.2616 0.4146 0.8716
vn 0.5880 0.8089 -0.0000
vn 0.0451 0.0951 0.9944
vn -0.3222 0.5284 0.7855
vn -0.4518 0.4418 0.7750
vn 0.0451 0.0951 -0.9944
vn -0.3218 0.5285 -0.7855
vn 0.2616 0.4145 -0.8716
vn 0.5581 -0.2269 -0.7981
vn 0.5710 -0.1555 0.8061
vn 0.5581 -0.2269 0.7981
vn -0.7447 0.6674 -0.0000
vn -0.4518 0.4418 -0.7750
vn 0.9466 -0.3225 -0.0000
vn -0.9835 0.1807 -0.0000
vn -0.5962 0.0858 0.7983
vn -0.5930 0.1140 0.7971
vn -0.0074 0.0195 0.9998
vn 0.5739 -0.0290 0.8184
vn -0.5962 0.0858 -0.7983
vn -0.9909 0.1350 -0.0000
vn 0.5848 -0.0581 -0.8091
vn 0.5739 -0.0290 -0.8184
vn -0.0137 0.0204 0.9997
vn -0.5930 0.1140 -0.7971
vn -0.0137 0.0204 -0.9997
vn -0.0074 0.0195 -0.9998
vn 0.0006 0.0533 -0.9986
vn 0.5925 -0.1511 -0.7913
vn 0.6038 -0.0983 -0.7911
vn 0.9826 -0.1856 -0.0000
vn 0.6038 -0.0983 0.7911
vn 0.5925 -0.1511 0.7913
vn 0.0006 0.0533 0.9986
vn -0.5320 0.3480 0.7719
vn -0.5905 0.2257 0.7748
vn -0.8592 0.5117 -0.0000
vn -0.9423 0.3348 -0.0000
vn 0.8998 -0.4364 -0.0000
vn 0.5689 -0.1820 -0.8020
vn 0.9939 -0.1105 -0.0000
vn -0.5905 0.2257 -0.7748
vn -0.5320 0.3480 -0.7719
vn 0.5894 -0.0622 0.8054
vn 0.9981 -0.0615 -0.0000
vn 0.9936 -0.1126 -0.0000
vn -0.3227 0.9465 0.0003
vn 0.2887 0.4025 0.8687
vn 0.6355 0.7721 -0.0000
vn 0.0500 0.0979 0.9939
vn -0.2951 0.5506 0.7809
vn -0.4459 0.4575 0.7694
vn 0.0500 0.0979 -0.9939
vn -0.2958 0.5512 -0.7802
vn 0.2887 0.4025 -0.8687
vn 0.5601 -0.2330 -0.7950
vn 0.5685 -0.1819 0.8023
vn 0.5601 -0.2336 0.7948
vn -0.7281 0.6855 -0.0000
vn -0.4459 0.4575 -0.7694
vn 0.0235 0.0861 0.9960
vn 0.0235 0.0861 -0.9960
vn -0.9805 0.1963 -0.0000
vn -0.6021 0.0917 0.7931
vn -0.5981 0.1258 0.7915
vn -0.0084 0.0226 0.9997
vn 0.5787 -0.0309 0.8149
vn -0.6021 0.0917 -0.7931
vn -0.9898 0.1426 -0.0000
vn 0.5894 -0.0622 -0.8054
vn 0.5787 -0.0309 -0.8149
vn -0.0149 0.0221 0.9996
vn -0.5981 0.1258 -0.7915
vn -0.0149 0.0221 -0.9996
vn -0.0084 0.0226 -0.9997
vn -0.0020 0.0512 -0.9987
vn 0.5779 -0.1416 -0.8037
vn 0.5844 -0.0914 -0.8063
vn 0.9591 -0.2832 -0.0000
vn 0.9839 -0.1788 -0.0000
vn 0.5844 -0.0914 0.8063
vn 0.5779 -0.1416 0.8037
vn -0.0020 0.0512 0.9987
vn -0.5100 0.3520 0.7848
vn -0.5770 0.2175 0.7872
vn -0.8485 0.5292 -0.0000
vn -0.9439 0.3303 -0.0000
vn 0.9033 -0.4290 -0.0000
vn 0.5457 -0.1808 -0.8182
vn 0.9935 -0.1140 -0.0000
vn -0.5770 0.2175 -0.7872
vn -0.5100 0.3520 -0.7848
vn 0.9969 -0.0791 -0.0000
vn 0.5680 -0.0009 0.8230
vn 0.9999 -0.0116 -0.0000
vn -0.3260 0.9454 0.0004
vn 0.2783 0.3896 0.8780
vn 0.6357 0.7719 -0.0000
vn 0.0513 0.0971 0.9939
vn -0.2880 0.5291 0.7982
vn -0.4252 0.4521 0.7841
vn 0.0513 0.0971 -0.9939
vn -0.2888 0.5289 -0.7980
vn 0.2782 0.3896 -0.8780
vn 0.5451 -0.2201 -0.8090
vn 0.5456 -0.1805 0.8184
vn 0.5451 -0.2201 0.8090
vn -0.7184 0.6957 -0.0000
vn -0.4252 0.4521 -0.7841
vn 0.0267 0.0897 0.9956
vn 0.0267 0.0897 -0.9956
vn -0.9849 0.1732 -0.0000
vn -0.5806 0.0710 0.8111
vn -0.5838 0.1086 0.8046
vn 0.5715 -0.0415 0.8195
vn -0.0073 0.0240 0.9997
vn -0.5806 0.0710 -0.8111
vn -0.9937 0.1124 -0.0000
vn 0.5680 -0.0009 -0.8230
vn 0.5715 -0.0415 -0.8195
vn -0.0089 0.0224 0.9997
vn -0.5838 0.1086 -0.8046
vn -0.0073 0.0240 -0.9997
vn -0.0089 0.0224 -0.9997
vn -0.0027 0.0511 -0.9987
vn 0.5796 -0.1349 -0.8037
vn 0.5851 -0.0845 -0.8065
vn 0.9623 -0.2720 -0.0000
vn 0.9859 -0.1673 -0.0000
vn 0.5851 -0.0845 0.8065
vn 0.5796 -0.1349 0.8037
vn -0.0027 0.0511 0.9987
vn -0.5141 0.3460 0.7848
vn -0.5794 0.2107 0.7873
vn -0.8546 0.5192 -0.0000
vn -0.9477 0.3193 -0.0000
vn 0.9083 -0.4184 -0.0000
vn 0.5477 -0.1755 -0.8180
vn 0.9947 -0.1030 -0.0000
vn -0.5794 0.2107 -0.7873
vn -0.5141 0.3460 -0.7848
vn 0.9977 -0.0674 -0.0000
vn 0.5688 0.0043 0.8224
vn -0.3374 0.9414 -0.0000
vn 0.2739 0.3930 0.8778
vn 0.6266 0.7794 -0.0000
vn 0.0501 0.0978 0.9939
vn -0.2966 0.5253 0.7975
vn -0.4305 0.4471 0.7841
vn 0.0501 0.0978 -0.9939
vn -0.2963 0.5247 -0.7980
vn 0.2738 0.3930 -0.8778
vn 0.5480 -0.2139 -0.8087
vn 0.5478 -0.1755 0.8180
vn 0.5480 -0.2139 0.8087
vn -0.7265 0.6872 -0.0000
vn -0.4304 0.4477 -0.7838
vn 0.0257 0.0899 0.9956
vn 0.0257 0.0899 -0.9956
vn -0.9868 0.1617 -0.0000
vn -0.5816 0.0642 0.8109
vn -0.5848 0.1018 0.8047
vn -0.0095 0.0230 0.9997
vn 0.5723 -0.0341 0.8193
vn -0.5816 0.0642 -0.8109
vn -0.9949 0.1007 -0.0000
vn 0.5688 0.0043 -0.8224
vn 0.5723 -0.0341 -0.8193
vn -0.0085 0.0227 0.9997
vn -0.5848 0.1018 -0.8047
vn -0.0085 0.0227 -0.9997
vn -0.0095 0.0230 -0.9997
vn 0.5847 0.0880 -0.8064
vn 0.0314 -0.1032 -0.9942
vn -0.0020 -0.0571 -0.9984
vn 0.9622 0.2725 -0.0000
vn 0.5827 0.1302 -0.8022
vn 0.5847 0.0880 0.8064
vn 0.9845 0.1753 -0.0000
vn 0.0314 -0.1032 0.9942
vn 0.5827 0.1302 0.8022
vn -0.0020 -0.0571 0.9984
vn -0.5017 -0.3691 0.7823
vn -0.5742 -0.2283 0.7862
vn -0.8361 -0.5486 -0.0000
vn 0.9097 0.4153 -0.0000
vn 0.5477 0.1740 -0.8184
vn 0.5510 0.2099 -0.8077
vn -0.5742 -0.2283 -0.7862
vn -0.9390 -0.3440 -0.0000
vn -0.5017 -0.3691 -0.7823
vn 0.9994 0.0343 -0.0000
vn 0.5725 0.0439 0.8187
vn 0.9963 0.0855 -0.0000
vn 0.2721 -0.3926 0.8785
vn -0.3380 -0.9411 -0.0000
vn 0.6268 -0.7792 -0.0000
vn -0.2968 -0.5271 0.7963
vn 0.0563 -0.1041 0.9930
vn -0.4183 -0.4587 0.7840
vn 0.0565 -0.1037 -0.9930
vn -0.2965 -0.5259 -0.7972
vn -0.4183 -0.4587 -0.7840
vn 0.5463 0.1741 0.8193
vn 0.5510 0.2099 0.8077
vn -0.7118 -0.7024 -0.0000
vn 0.2721 -0.3926 -0.8785
vn 0.9948 0.1016 -0.0000
vn -0.5861 -0.0906 0.8052
vn -0.9810 -0.1942 -0.0000
vn -0.5810 -0.1223 0.8046
vn 0.5625 0.0135 0.8267
vn -0.0079 -0.0265 0.9996
vn -0.5861 -0.0906 -0.8052
vn -0.5810 -0.1223 -0.8046
vn 0.5725 0.0439 -0.8187
vn -0.0141 -0.0268 0.9995
vn -0.0141 -0.0268 -0.9995
vn -0.0079 -0.0265 -0.9996
vn 0.5625 0.0134 -0.8267
vn 0.6064 0.1308 -0.7843
vn 0.0239 -0.0910 -0.9956
vn -0.0005 -0.0499 -0.9988
vn 0.9357 0.3529 -0.0000
vn 0.5887 0.1907 -0.7856
vn 0.6064 0.1308 0.7843
vn 0.9727 0.2319 -0.0000
vn 0.0239 -0.0910 0.9956
vn 0.5887 0.1907 0.7856
vn -0.0005 -0.0499 0.9988
vn -0.5211 -0.3879 0.7603
vn -0.5934 -0.2477 0.7658
vn -0.8278 -0.5610 -0.0000
vn 0.8887 0.4584 -0.0000
vn 0.5860 0.1773 -0.7907
vn 0.5699 0.2512 -0.7824
vn -0.5934 -0.2477 -0.7658
vn -0.9307 -0.3658 -0.0000
vn -0.5211 -0.3879 -0.7603
vn 0.9989 0.0466 -0.0000
vn 0.5967 0.0666 0.7997
vn 0.9930 0.1177 -0.0000
vn 0.2979 -0.4129 0.8607
vn -0.3132 -0.9497 -0.0000
vn 0.6350 -0.7725 -0.0000
vn -0.2926 -0.5721 0.7662
vn 0.0640 -0.1088 0.9920
vn -0.4242 -0.4907 0.7611
vn 0.0640 -0.1088 -0.9920
vn -0.2926 -0.5721 -0.7662
vn -0.4242 -0.4907 -0.7611
vn 0.5860 0.1773 0.7907
vn 0.5699 0.2512 0.7824
vn -0.6918 -0.7221 -0.0000
vn 0.2978 -0.4130 -0.8607
vn 0.9944 0.1052 0.0002
vn -0.6099 -0.0710 0.7893
vn -0.9824 -0.1866 -0.0000
vn -0.6126 -0.1222 0.7809
vn 0.5927 0.0239 0.8050
vn -0.0127 -0.0207 0.9997
vn -0.6099 -0.0710 -0.7893
vn -0.6126 -0.1222 -0.7809
vn 0.5967 0.0666 -0.7997
vn -0.0112 -0.0171 0.9998
vn -0.0112 -0.0171 -0.9998
vn -0.0127 -0.0207 -0.9997
vn 0.5927 0.0239 -0.8050
vn 0.6288 0.1199 -0.7683
vn 0.0198 -0.0895 -0.9958
vn -0.0016 -0.0494 -0.9988
vn 0.9780 0.2084 -0.0000
vn 0.6171 0.1676 -0.7688
vn 0.6171 0.1676 0.7688
vn 0.9524 0.3048 -0.0000
vn 0.6288 0.1199 0.7683
vn 0.0198 -0.0895 0.9958
vn -0.0016 -0.0494 0.9988
vn -0.5606 -0.3573 0.7470
vn -0.6178 -0.2311 0.7516
vn -0.8648 -0.5021 -0.0000
vn 0.9073 0.4205 -0.0000
vn 0.6127 0.1637 -0.7732
vn 0.5937 0.2339 -0.7700
vn -0.6178 -0.2311 -0.7516
vn -0.9435 -0.3313 -0.0000
vn -0.5606 -0.3573 -0.7470
vn 0.9988 0.0480 -0.0000
vn 0.6174 0.0651 0.7840
vn 0.9938 0.1114 -0.0000
vn 0.2781 -0.4376 0.8551
vn -0.3740 -0.9274 -0.0000
vn 0.5873 -0.8093 -0.0000
vn -0.3432 -0.5657 0.7498
vn 0.0503 -0.1084 0.9928
vn -0.4782 -0.4645 0.7453
vn 0.0503 -0.1084 -0.9928
vn -0.3429 -0.5659 -0.7498
vn -0.4782 -0.4645 -0.7453
vn 0.6126 0.1634 0.7733
vn 0.5937 0.2339 0.7700
vn -0.7483 -0.6633 -0.0000
vn 0.2781 -0.4376 -0.8551
vn 0.9981 0.0609 0.0004
vn -0.6287 -0.0757 0.7740
vn -0.9839 -0.1788 -0.0000
vn -0.6301 -0.1199 0.7672
vn 0.6114 0.0254 0.7909
vn -0.0116 -0.0209 0.9997
vn -0.6287 -0.0757 -0.7740
vn -0.6301 -0.1199 -0.7672
vn 0.6174 0.0651 -0.7840
vn -0.0124 -0.0190 0.9997
vn -0.0124 -0.0190 -0.9997
vn -0.0116 -0.0209 -0.9997
vn 0.6114 0.0254 -0.7909
vn 0.6043 0.1115 -0.7889
vn 0.0195 -0.0893 -0.9958
vn -0.0023 -0.0391 -0.9992
vn 0.9623 0.2721 -0.0000
vn 0.5978 0.1380 -0.7897
vn 0.6043 0.1115 0.7889
vn 0.9803 0.1976 -0.0000
vn 0.0195 -0.0893 0.9958
vn 0.5978 0.1380 0.7897
vn -0.0023 -0.0391 0.9992
vn -0.5454 -0.3309 0.7701
vn -0.5975 -0.2080 0.7744
vn -0.8777 -0.4793 -0.0000
vn 0.9141 0.4054 -0.0000
vn 0.5788 0.1528 -0.8010
vn 0.5328 0.1923 -0.8241
vn -0.5975 -0.2080 -0.7744
vn -0.9496 -0.3135 -0.0000
vn -0.5454 -0.3309 -0.7701
vn 0.9980 0.0633 -0.0000
vn 0.5843 0.0714 0.8084
vn 0.9926 0.1215 -0.0000
vn 0.2479 -0.4250 0.8706
vn -0.3983 -0.9173 -0.0000
vn 0.5562 -0.8311 -0.0000
vn -0.3358 -0.5268 0.7809
vn 0.0362 -0.1050 0.9938
vn -0.4472 -0.4244 0.7873
vn 0.0362 -0.1050 -0.9938
vn -0.3360 -0.5265 -0.7809
vn -0.4472 -0.4244 -0.7873
vn 0.5788 0.1528 0.8010
vn 0.5328 0.1923 0.8241
vn -0.7620 -0.6476 -0.0000
vn 0.2479 -0.4250 -0.8706
vn 0.9994 0.0339 -0.0000
vn -0.6015 -0.0578 0.7968
vn -0.9871 -0.1603 -0.0000
vn -0.6001 -0.0994 0.7937
vn 0.5829 0.0351 0.8118
vn -0.0110 -0.0082 0.9999
vn -0.6015 -0.0578 -0.7968
vn -0.6001 -0.0994 -0.7937
vn 0.5843 0.0714 -0.8084
vn -0.0108 -0.0086 0.9999
vn -0.0108 -0.0086 -0.9999
vn -0.0110 -0.0082 -0.9999
vn 0.5829 0.0351 -0.8118
vn 0.5914 0.1136 -0.7983
vn 0.0179 -0.0786 -0.9967
vn -0.0051 -0.0447 -0.9990
vn 0.9780 0.2086 -0.0000
vn 0.5797 0.1709 -0.7967
vn 0.5797 0.1709 0.7967
vn 0.9466 0.3225 -0.0000
vn 0.5914 0.1136 0.7983
vn 0.0179 -0.0786 0.9967
vn -0.0051 -0.0447 0.9990
vn -0.5279 -0.3465 0.7754
vn -0.5892 -0.2196 0.7775
vn -0.8573 -0.5147 -0.0000
vn 0.9043 0.4270 -0.0000
vn 0.5710 0.1559 -0.8061
vn 0.5581 0.2269 -0.7981
vn -0.5892 -0.2196 -0.7775
vn -0.9438 -0.3304 -0.0000
vn -0.5279 -0.3465 -0.7754
vn 0.9981 0.0623 -0.0000
vn 0.5851 0.0592 0.8088
vn 0.9942 0.1075 -0.0000
vn 0.2612 -0.4146 0.8717
vn -0.3749 -0.9271 -0.0000
vn 0.5879 -0.8089 -0.0000
vn -0.3218 -0.5285 0.7855
vn 0.0451 -0.0951 0.9944
vn -0.4516 -0.4417 0.7752
vn 0.0451 -0.0951 -0.9944
vn -0.3215 -0.5283 -0.7858
vn -0.4516 -0.4417 -0.7752
vn 0.5711 0.1561 0.8059
vn 0.5581 0.2269 0.7981
vn -0.7447 -0.6674 -0.0000
vn 0.2610 -0.4146 -0.8717
vn 0.9982 0.0594 0.0001
vn -0.5969 -0.0920 0.7970
vn -0.9827 -0.1854 -0.0000
vn -0.5920 -0.1169 0.7975
vn 0.5730 0.0311 0.8190
vn -0.0067 -0.0201 0.9998
vn -0.5969 -0.0920 -0.7970
vn -0.5920 -0.1169 -0.7975
vn 0.5851 0.0592 -0.8088
vn -0.0148 -0.0219 0.9996
vn -0.0148 -0.0219 -0.9996
vn -0.0067 -0.0201 -0.9998
vn 0.5730 0.0311 -0.8190
vn 0.0006 -0.0533 -0.9986
vn 0.5925 0.1511 -0.7913
vn 0.0235 -0.0861 -0.9960
vn 0.6038 0.0983 -0.7911
vn 0.6038 0.0983 0.7911
vn 0.9826 0.1856 -0.0000
vn 0.0006 -0.0533 0.9986
vn 0.5925 0.1511 0.7913
vn -0.5320 -0.3480 0.7719
vn 0.0235 -0.0861 0.9960
vn -0.5905 -0.2257 0.7748
vn -0.8592 -0.5117 -0.0000
vn 0.8998 0.4364 -0.0000
vn 0.5689 0.1820 -0.8020
vn 0.5598 0.2333 -0.7951
vn -0.5905 -0.2257 -0.7748
vn -0.9423 -0.3348 -0.0000
vn -0.5320 -0.3480 -0.7719
vn 0.9967 0.0816 -0.0000
vn 0.5908 0.0674 0.8040
vn 0.9925 0.1223 -0.0000
vn 0.2887 -0.4025 0.8687
vn -0.3230 -0.9464 -0.0000
vn 0.6355 -0.7721 -0.0000
vn -0.2959 -0.5504 0.7807
vn 0.0500 -0.0979 0.9939
vn -0.4459 -0.4575 0.7694
vn 0.0500 -0.0979 -0.9939
vn -0.2958 -0.5512 -0.7802
vn -0.4459 -0.4575 -0.7694
vn 0.5683 0.1821 0.8024
vn 0.5601 0.2336 0.7948
vn -0.7281 -0.6855 -0.0000
vn 0.2887 -0.4025 -0.8687
vn 0.9938 0.1114 0.0002
vn -0.6053 -0.1210 0.7868
vn -0.9759 -0.2182 -0.0000
vn -0.5933 -0.1392 0.7929
vn 0.5745 0.0406 0.8175
vn -0.0054 -0.0255 0.9997
vn -0.6053 -0.1210 -0.7868
vn -0.5933 -0.1392 -0.7929
vn 0.5908 0.0674 -0.8040
vn -0.0202 -0.0297 0.9994
vn -0.0202 -0.0297 -0.9994
vn -0.0054 -0.0255 -0.9997
vn 0.5745 0.0406 -0.8175
vn -0.0020 -0.0512 -0.9987
vn 0.5779 0.1416 -0.8037
vn 0.0267 -0.0897 -0.9956
vn 0.5844 0.0914 -0.8063
vn 0.9591 0.2832 -0.0000
vn 0.5844 0.0914 0.8063
vn 0.9839 0.1788 -0.0000
vn -0.0020 -0.0512 0.9987
vn 0.5779 0.1416 0.8037
vn -0.5100 -0.3520 0.7848
vn 0.0267 -0.0897 0.9956
vn -0.5770 -0.2175 0.7872
vn -0.8485 -0.5292 -0.0000
vn 0.9033 0.4290 -0.0000
vn 0.5456 0.1805 -0.8184
vn 0.5454 0.2202 -0.8087
vn -0.5770 -0.2175 -0.7872
vn -0.9439 -0.3303 -0.0000
vn -0.5100 -0.3520 -0.7848
vn 0.9966 0.0823 -0.0000
vn 0.5672 0.0033 0.8236
vn 0.5732 0.0415 0.8183
vn 0.2783 -0.3898 0.8778
vn -0.3261 -0.9453 -0.0000
vn 0.6356 -0.7720 -0.0000
vn -0.2882 -0.5283 0.7986
vn 0.0513 -0.0971 0.9939
vn -0.4254 -0.4522 0.7839
vn 0.0513 -0.0971 -0.9939
vn -0.2889 -0.5289 -0.7980
vn -0.4252 -0.4521 -0.7841
vn 0.5456 0.1805 0.8184
vn 0.5451 0.2201 0.8089
vn -0.7184 -0.6957 -0.0000
vn 0.2782 -0.3899 -0.8778
vn 0.9936 0.1128 -0.0002
vn -0.5841 -0.0986 0.8057
vn -0.9810 -0.1941 -0.0000
vn -0.5794 -0.1215 0.8059
vn -0.0071 -0.0275 0.9996
vn -0.5841 -0.0986 -0.8057
vn -0.5794 -0.1215 -0.8059
vn 0.5672 0.0033 -0.8236
vn 0.5732 0.0415 -0.8183
vn -0.0121 -0.0319 0.9994
vn -0.0121 -0.0319 -0.9994
vn -0.0071 -0.0275 -0.9996
vn -0.0027 -0.0511 -0.9987
vn 0.5796 0.1349 -0.8037
vn 0.0257 -0.0899 -0.9956
vn 0.5851 0.0845 -0.8065
vn 0.9623 0.2720 -0.0000
vn 0.5851 0.0845 0.8065
vn 0.9859 0.1673 -0.0000
vn -0.0027 -0.0511 0.9987
vn 0.5796 0.1349 0.8037
vn -0.5141 -0.3460 0.7848
vn 0.0257 -0.0899 0.9956
vn -0.5794 -0.2107 0.7873
vn -0.8546 -0.5192 -0.0000
vn 0.9083 0.4184 -0.0000
vn 0.5477 0.1755 -0.8180
vn 0.5480 0.2139 -0.8087
vn -0.5794 -0.2107 -0.7873
vn -0.9477 -0.3193 -0.0000
vn -0.5141 -0.3460 -0.7848
vn 0.9977 0.0680 -0.0000
vn 0.5681 -0.0057 0.8229
vn 0.5730 0.0335 0.8189
vn 0.2741 -0.3935 0.8775
vn -0.3377 -0.9413 -0.0000
vn 0.6266 -0.7794 -0.0000
vn -0.2958 -0.5255 0.7978
vn 0.0501 -0.0978 0.9939
vn -0.4308 -0.4473 0.7838
vn 0.0501 -0.0978 -0.9939
vn -0.2963 -0.5247 -0.7980
vn -0.4308 -0.4473 -0.7838
vn 0.5492 0.1763 0.8169
vn 0.5480 0.2139 0.8087
vn -0.7265 -0.6872 -0.0000
vn 0.2741 -0.3935 -0.8775
vn 0.9946 0.1041 0.0002
vn -0.5842 -0.0840 0.8072
vn -0.9843 -0.1766 -0.0000
vn -0.5819 -0.1111 0.8056
vn -0.0081 -0.0265 0.9996
vn -0.5842 -0.0840 -0.8072
vn -0.5819 -0.1111 -0.8056
vn 0.5681 -0.0057 -0.8229
vn 0.5730 0.0335 -0.8189
vn -0.0111 -0.0298 0.9995
vn -0.0111 -0.0298 -0.9995
vn -0.0081 -0.0265 -0.9996
vn 0.9584 -0.0000 0.2855
vn -0.0946 -0.0000 0.9955
vn 0.9584 -0.0000 -0.2855
vn 0.1472 -0.0363 -0.9884
vn 0.1472 0.0363 0.9884
vn -0.0946 -0.0000 -0.9955
vn -0.2276 0.6512 0.7240
vn -0.3833 -0.9236 -0.0000
vn -0.7834 0.0769 -0.6168
vn -0.0548 0.9985 -0.0000
vn -0.9898 -0.1427 -0.0000
vn -0.9940 -0.1092 -0.0000
vn -0.9936 -0.1127 -0.0000
vn -0.9957 -0.0923 -0.0000
vn -0.9895 -0.1445 -0.0000
vn -0.9825 -0.1861 -0.0000
vn 0.9999 0.0164 -0.0000
vn -0.9880 -0.1546 -0.0000
vn -0.9914 -0.1309 -0.0000
s 1
f 76//1 36//2 38//3
f 108//4 54//5 117//6
f 6//7 59//8 58//9
f 2//10 86//11 84//12
f 103//13 14//14 94//15
f 76//1 35//16 72//17
f 72//17 47//18 78//19
f 59//8 5//20 64//21
f 75//22 50//23 79//24
f 70//25 16//26 66//27
f 70//25 15//28 20//29
f 77//30 115//31 45//32
f 25//33 65//34 13//35
f 59//8 8//36 58//9
f 23//37 90//38 93//39
f 87//40 18//41 70//25
f 29//42 103//13 18//43
f 53//44 113//45 39//46
f 17//47 105//48 29//42
f 65//34 26//49 14//50
f 66//27 28//51 85//52
f 27//53 111//54 15//55
f 82//56 43//57 54//58
f 90//38 21//59 62//60
f 112//61 45//62 115//63
f 66//27 27//64 15//28
f 106//65 21//66 102//67
f 1//68 60//69 63//70
f 32//71 67//72 23//37
f 107//73 28//51 104//74
f 69//75 29//76 87//40
f 40//77 112//61 35//78
f 61//79 102//67 17//47
f 64//21 61//80 89//81
f 107//73 27//64 85//52
f 97//82 34//83 42//84
f 74//85 33//86 44//87
f 3//88 60//69 10//89
f 79//24 40//90 76//1
f 114//91 33//92 112//61
f 110//93 11//94 7//95
f 20//96 111//54 119//97
f 100//98 41//99 56//100
f 99//101 42//84 51//102
f 81//103 37//104 55//105
f 79//24 38//3 49//106
f 101//107 48//108 78//19
f 95//109 46//110 34//83
f 110//93 93//111 3//112
f 72//17 48//108 36//2
f 75//22 49//106 37//104
f 96//113 51//102 41//99
f 89//81 19//114 91//115
f 117//6 43//116 113//45
f 58//9 55//105 6//7
f 84//12 56//100 2//10
f 8//117 117//6 53//44
f 101//107 47//18 115//31
f 2//118 82//56 57//119
f 81//103 39//120 75//22
f 51//121 73//122 41//123
f 64//21 91//115 7//124
f 69//75 30//125 19//114
f 118//126 32//127 23//128
f 91//129 118//126 122//130
f 116//131 44//132 114//91
f 42//133 80//134 51//121
f 41//123 82//56 56//135
f 34//136 74//85 42//133
f 46//137 71//138 34//136
f 92//139 62//140 106//65
f 102//67 31//141 105//48
f 94//15 26//142 104//143
f 105//48 22//144 103//13
f 83//145 120//146 107//73
f 18//43 94//15 16//147
f 89//81 17//148 69//75
f 24//149 88//150 32//71
f 50//151 114//91 40//77
f 3//88 90//38 63//70
f 87//40 20//29 30//125
f 113//45 52//152 116//131
f 4//153 82//56 54//58
f 86//11 1//154 92//139
f 2//118 60//69 9//155
f 80//134 44//87 52//156
f 119//97 13//157 24//158
f 122//130 23//128 93//111
f 12//159 92//139 5//160
f 111//54 25//161 13//157
f 39//46 116//131 50//151
f 6//162 100//98 84//12
f 3//112 109//163 110//93
f 37//164 99//101 96//113
f 121//165 24//158 32//127
f 48//166 95//109 36//167
f 77//30 98//168 101//107
f 49//169 97//82 99//101
f 55//170 96//113 100//98
f 4//153 60//69 57//119
f 112//61 47//171 35//78
f 71//138 45//32 33//86
f 38//172 95//109 97//82
f 7//95 122//130 110//93
f 94//15 28//173 16//147
f 5//160 106//65 61//79
f 109//163 4//174 108//4
f 88//150 22//175 31//176
f 68//177 14//50 22//175
f 73//122 52//156 43//57
f 7//124 59//8 64//21
f 83//145 104//74 26//49
f 13//35 68//177 24//149
f 11//94 108//4 8//117
f 30//178 119//97 121//165
f 19//179 121//165 118//126
f 1//68 90//38 62//60
f 67//72 31//176 21//59
f 84//12 12//159 6//162
f 58//9 53//180 81//103
f 130//181 141//182 140//183
f 131//184 142//185 141//182
f 132//186 143//187 142//185
f 143//187 134//188 145//189
f 137//190 133//191 132//192
f 139//8 131//193 130//8
f 138//194 132//192 131//193
f 270//195 123//196 124//197
f 140//183 243//198 244//199
f 126//200 254//201 253//202
f 279//203 124//197 126//200
f 163//204 147//205 148//206
f 166//207 150//208 151//209
f 167//210 149//211 150//208
f 168//212 148//206 149//211
f 151//209 157//213 158//214
f 150//208 156//215 157//213
f 149//211 154//216 156//215
f 148//206 152//217 154//216
f 154//216 162//218 156//215
f 157//213 162//218 160//219
f 158//214 160//219 159//69
f 126//200 163//204 168//212
f 127//220 168//212 167//210
f 129//221 167//210 166//207
f 124//197 165//222 163//204
f 191//223 134//188 181//224
f 137//190 181//225 134//226
f 139//8 178//193 138//194
f 138//194 179//192 137//190
f 191//223 179//227 190//228
f 189//229 177//230 187//231
f 190//228 178//232 189//229
f 303//233 218//234 307//235
f 192//236 322//237 324//238
f 280//239 298//240 304//241
f 176//242 313//243 259//244
f 265//245 230//246 241//247
f 231//248 235//249 230//246
f 162//218 235//249 237//250
f 238//251 162//218 237//250
f 262//252 231//248 265//245
f 241//247 147//205 165//222
f 315//253 187//231 316//254
f 333//255 123//196 269//256
f 326//257 173//258 325//259
f 338//260 169//261 333//255
f 259//244 232//262 262//252
f 239//263 160//219 238//251
f 230//246 152//217 147//205
f 232//262 237//250 231//248
f 233//264 238//251 232//262
f 140//183 200//265 130//181
f 208//266 201//267 200//265
f 209//268 202//269 201//267
f 211//270 202//269 210//271
f 206//272 202//273 203//274
f 139//8 200//275 207//276
f 207//276 201//277 206//272
f 278//278 194//279 273//280
f 275//281 199//282 276//283
f 276//283 198//284 272//285
f 272//285 197//286 278//278
f 226//287 212//288 227//289
f 166//207 217//290 228//291
f 228//291 216//292 229//293
f 229//293 214//294 226//287
f 151//209 221//295 217//290
f 217//290 220//296 216//292
f 216//292 219//297 214//294
f 214//294 218//234 212//288
f 225//298 219//297 220//296
f 221//295 225//298 220//296
f 158//214 224//299 221//295
f 198//284 226//287 197//286
f 199//282 229//293 198//284
f 129//221 228//291 199//282
f 197//286 227//289 194//279
f 169//261 165//222 123//196
f 187//231 294//300 299//301
f 300//302 296//303 301//304
f 299//301 295//305 300//302
f 176//242 262//252 174//306
f 173//258 241//247 169//261
f 174//306 265//245 173//258
f 309//307 225//298 224//299
f 321//308 183//309 171//310
f 184//311 171//310 183//309
f 288//312 312//313 314//314
f 334//315 285//316 288//312
f 313//243 305//317 306//318
f 314//314 303//233 305//317
f 306//318 308//319 309//307
f 335//320 291//321 176//242
f 336//322 288//312 291//321
f 206//272 296//323 295//277
f 296//303 211//270 301//304
f 139//8 294//275 177//8
f 207//276 295//277 294//275
f 337//324 194//279 285//316
f 305//317 307//235 308//319
f 233//264 309//307 239//263
f 259//244 306//318 233//264
f 312//313 212//288 303//233
f 249//325 135//326 250//327
f 125//328 136//329 135//326
f 188//330 186//331 182//332
f 144//333 136//329 146//334
f 250//327 144//333 252//335
f 188//330 205//336 196//337
f 153//338 252//335 144//333
f 155//339 144//333 146//334
f 153//338 244//340 243//341
f 164//342 153//338 155//339
f 161//343 172//344 170//345
f 188//330 155//339 146//334
f 161//343 248//346 244//340
f 172//344 180//347 170//345
f 188//330 172//344 164//342
f 170//345 247//348 248//346
f 180//347 246//349 247//348
f 180//347 186//331 185//350
f 185//350 245//351 246//349
f 186//331 195//352 185//350
f 196//337 204//353 195//352
f 188//330 223//354 215//355
f 195//352 254//356 245//351
f 204//353 253//357 254//356
f 213//358 205//336 215//355
f 188//330 136//329 128//359
f 253//357 222//360 251//361
f 213//358 223//354 222//360
f 125//328 223//354 128//359
f 251//361 125//328 249//325
f 320//362 240//363 316//364
f 318//365 268//366 319//367
f 268//366 277//368 271//369
f 240//363 267//370 242//371
f 286//372 263//373 292//374
f 290//375 257//376 286//372
f 289//377 261//378 290//375
f 292//374 258//379 287//380
f 280//239 267//370 271//369
f 282//381 297//382 298//240
f 280//239 311//383 175//384
f 234//385 316//364 240//363
f 293//386 256//387 264//388
f 284//389 255//390 256//387
f 250//391 264//388 249//392
f 275//281 247//393 246//394
f 127//220 245//395 254//201
f 279//203 253//202 251//396
f 141//182 252//397 243//198
f 289//377 244//199 248//398
f 291//321 314//314 313//243
f 280//239 277//368 282//381
f 192//236 184//311 183//309
f 239//263 224//299 159//69
f 257//376 278//278 263//373
f 261//378 272//285 257//376
f 260//399 276//283 261//378
f 263//373 273//280 258//379
f 285//316 227//289 312//313
f 324//238 234//385 192//236
f 192//236 236//400 193//401
f 307//235 225//298 308//319
f 264//388 270//195 279//203
f 256//387 269//256 270//195
f 143//187 283//402 284//389
f 142//185 284//389 293//386
f 234//385 242//371 236//400
f 326//403 281//404 317//405
f 325//406 297//382 326//403
f 266//407 319//367 268//366
f 210//271 287//380 211//270
f 289//377 208//266 140//183
f 208//266 286//372 209//268
f 209//268 292//374 210//271
f 280//239 236//400 242//371
f 317//405 274//408 318//365
f 281//404 277//368 274//408
f 268//366 267//370 266//407
f 260//399 248//398 247//393
f 252//397 293//386 250//391
f 249//392 279//203 251//396
f 245//395 275//281 246//394
f 302//409 298//240 297//382
f 280//239 184//311 193//401
f 325//406 310//410 302//409
f 311//383 302//409 310//410
f 311//383 171//310 175//384
f 323//411 171//310 310//410
f 340//412 331//413 328//414
f 342//415 328//414 330//416
f 341//417 330//416 329//418
f 343//419 258//379 331//413
f 344//420 327//421 339//422
f 339//422 255//390 283//402
f 322//423 332//424 344//420
f 319//425 335//320 318//426
f 317//427 174//306 326//257
f 325//259 338//260 323//428
f 324//429 189//229 315//253
f 316//254 341//417 320//430
f 328//414 337//324 334//315
f 330//416 334//315 336//322
f 329//418 336//322 335//320
f 331//413 273//280 337//324
f 332//424 333//255 327//421
f 327//421 269//256 255//390
f 191//223 283//402 145//189
f 190//228 339//422 191//223
f 301//304 287//380 343//419
f 299//301 341//417 187//231
f 299//301 340//412 342//415
f 300//302 343//419 340//412
f 320//430 329//418 319//425
f 324//429 344//420 190//228
f 321//431 338//260 332//424
f 317//427 335//320 176//242
f 380//432 348//433 381//434
f 381//434 350//435 385//436
f 385//436 352//437 389//438
f 389//438 354//439 393//440
f 354//439 397//441 393//440
f 356//442 401//443 397//441
f 358//444 405//445 401//443
f 360//446 409//447 405//445
f 362//448 413//449 409//447
f 364//450 417//451 413//449
f 366//452 421//453 417//451
f 368//454 425//455 421//453
f 425//455 372//456 429//457
f 429//457 374//458 433//459
f 433//459 376//460 437//461
f 437//461 346//462 380//432
f 440//463 345//464 375//465
f 439//466 377//467 440//463
f 438//468 378//469 439//466
f 438//468 380//432 379//470
f 436//471 375//465 373//472
f 435//473 440//463 436//471
f 434//474 439//466 435//473
f 434//474 437//461 438//468
f 432//475 373//472 371//476
f 431//477 436//471 432//475
f 430//478 435//473 431//477
f 430//478 433//459 434//474
f 428//479 371//476 369//480
f 427//481 432//475 428//479
f 426//482 431//477 427//481
f 426//482 429//457 430//478
f 424//483 369//480 367//484
f 424//483 427//481 428//479
f 423//485 426//482 427//481
f 421//453 426//482 422//486
f 420//487 367//484 365//488
f 420//487 423//485 424//483
f 419//489 422//486 423//485
f 417//451 422//486 418//490
f 416//491 365//488 363//492
f 416//491 419//489 420//487
f 415//493 418//490 419//489
f 413//449 418//490 414//494
f 412//495 363//492 361//496
f 412//495 415//493 416//491
f 411//497 414//494 415//493
f 409//447 414//494 410//498
f 408//499 361//496 359//500
f 408//499 411//497 412//495
f 407//501 410//498 411//497
f 405//445 410//498 406//502
f 404//503 359//500 357//504
f 404//503 407//501 408//499
f 403//505 406//502 407//501
f 401//443 406//502 402//506
f 400//507 357//504 355//508
f 400//507 403//505 404//503
f 399//509 402//506 403//505
f 397//441 402//506 398//510
f 396//511 355//508 353//512
f 396//511 399//509 400//507
f 395//513 398//510 399//509
f 393//440 398//510 394//514
f 392//515 353//512 351//516
f 391//517 396//511 392//515
f 390//518 395//513 391//517
f 390//518 393//440 394//514
f 388//519 351//516 349//520
f 387//521 392//515 388//519
f 386//522 391//517 387//521
f 386//522 389//438 390//518
f 384//523 349//520 347//524
f 383//525 388//519 384//523
f 382//526 387//521 383//525
f 382//526 385//436 386//522
f 377//467 347//524 345//464
f 378//469 384//523 377//467
f 379//470 383//525 378//469
f 379//470 381//434 382//526
f 442//527 443//528 441//529
f 443//528 446//530 445//531
f 446//530 447//532 445//531
f 447//532 450//533 449//534
f 449//534 452//535 451//536
f 451//536 454//537 453//538
f 467//539 457//540 459//541
f 454//537 455//542 453//538
f 456//543 441//529 455//542
f 482//544 476//545 483//546
f 463//547 461//548 465//549
f 468//550 462//551 469//552
f 471//553 464//554 458//555
f 471//553 457//540 466//556
f 467//539 460//557 472//558
f 473//559 462//551 463//547
f 468//550 460//557 461//548
f 473//559 464//554 470//560
f 458//555 463//547 465//549
f 459//541 461//548 460//557
f 458//555 459//541 457//540
f 456//543 473//559 470//560
f 450//533 472//558 468//550
f 452//535 473//559 454//537
f 448//561 467//539 472//558
f 442//527 466//556 444//562
f 442//527 470//560 471//553
f 450//533 469//552 452//535
f 444//562 467//539 446//530
f 484//563 479//564 485//565
f 486//566 477//567 482//544
f 484//563 481//568 480//569
f 488//570 476//545 475//571
f 485//565 478//572 486//566
f 487//573 474//574 481//568
f 489//575 475//571 474//574
f 441//529 488//570 489//575
f 455//542 489//575 487//573
f 451//536 486//566 449//534
f 443//528 483//546 488//570
f 453//538 487//573 484//563
f 449//534 482//544 447//532
f 453//538 485//565 451//536
f 447//532 483//546 445//531
f 491//576 492//577 490//578
f 492//577 495//579 494//580
f 495//579 496//581 494//580
f 496//581 499//582 498//583
f 498//583 501//584 500//585
f 500//585 503//586 502//587
f 516//588 506//589 508//590
f 503//586 504//591 502//587
f 505//592 490//578 504//591
f 531//593 525//594 532//595
f 512//596 510//597 514//598
f 517//599 511//600 518//601
f 520//602 513//603 507//604
f 520//602 506//589 515//605
f 516//588 509//606 521//607
f 522//608 511//600 512//596
f 517//599 509//606 510//597
f 522//608 513//603 519//609
f 507//604 512//596 514//598
f 508//590 510//597 509//606
f 507//604 508//590 506//589
f 505//592 522//608 519//609
f 499//582 521//607 517//599
f 501//584 522//608 503//586
f 495//579 521//607 497//610
f 491//576 515//605 493//611
f 491//576 519//609 520//602
f 499//582 518//601 501//584
f 495//579 515//605 516//588
f 533//612 528//613 534//614
f 535//615 526//616 531//593
f 533//612 530//617 529//618
f 537//619 525//594 524//620
f 534//614 527//621 535//615
f 536//622 523//623 530//617
f 538//624 524//620 523//623
f 490//578 537//619 538//624
f 504//591 538//624 536//622
f 500//585 535//615 498//583
f 492//577 532//595 537//619
f 502//587 536//622 533//612
f 498//583 531//593 496//581
f 502//587 534//614 500//585
f 496//581 532//595 494//580
f 540//625 541//626 539//627
f 542//628 543//629 541//626
f 543//629 546//630 545//631
f 545//631 548//632 547//633
f 547//633 550//634 549//635
f 549//635 552//636 551//637
f 565//638 555//639 557//640
f 552//636 553//641 551//637
f 554//642 539//627 553//641
f 580//643 574//644 581//645
f 561//646 559//647 563//648
f 566//649 560//650 567//651
f 569//652 562//653 556//654
f 569//652 555//639 564//655
f 565//638 558//656 570//657
f 571//658 560//650 561//646
f 566//649 558//656 559//647
f 571//658 562//653 568//659
f 556//654 561//646 563//648
f 557//640 559//647 558//656
f 556//654 557//640 555//639
f 554//642 571//658 568//659
f 548//632 570//657 566//649
f 550//634 571//658 552//636
f 544//660 570//657 546//630
f 540//625 564//655 542//628
f 540//625 568//659 569//652
f 548//632 567//651 550//634
f 544//660 564//655 565//638
f 582//661 577//662 583//663
f 584//664 575//665 580//643
f 582//661 579//666 578//667
f 586//668 574//644 573//669
f 583//663 576//670 584//664
f 585//671 572//672 579//666
f 587//673 573//669 572//672
f 539//627 586//668 587//673
f 553//641 587//673 585//671
f 549//635 584//664 547//633
f 541//626 581//645 586//668
f 551//637 585//671 582//661
f 547//633 580//643 545//631
f 551//637 583//663 549//635
f 545//631 581//645 543//629
f 589//674 590//675 588//676
f 590//675 593//677 592//678
f 593//677 594//679 592//678
f 594//679 597//680 596//681
f 596//681 599//682 598//683
f 598//683 601//684 600//685
f 614//686 604//687 606//688
f 601//684 602//689 600//685
f 603//690 588//676 602//689
f 629//691 623//692 630//693
f 610//694 608//695 612//696
f 615//697 609//698 616//699
f 618//700 611//701 605//702
f 618//700 604//687 613//703
f 614//686 607//704 619//705
f 620//706 609//698 610//694
f 615//697 607//704 608//695
f 620//706 611//701 617//707
f 605//702 610//694 612//696
f 606//688 608//695 607//704
f 605//702 606//688 604//687
f 603//690 620//706 617//707
f 595//708 615//697 597//680
f 599//682 620//706 601//684
f 593//677 619//705 595//708
f 591//709 618//700 613//703
f 589//674 617//707 618//700
f 597//680 616//699 599//682
f 593//677 613//703 614//686
f 631//710 626//711 632//712
f 633//713 624//714 629//691
f 631//710 628//715 627//716
f 635//717 623//692 622//718
f 632//712 625//719 633//713
f 634//720 621//721 628//715
f 636//722 622//718 621//721
f 588//676 635//717 636//722
f 602//689 636//722 634//720
f 598//683 633//713 596//681
f 590//675 630//693 635//717
f 600//685 634//720 631//710
f 596//681 629//691 594//679
f 600//685 632//712 598//683
f 594//679 630//693 592//678
f 638//723 639//724 637//725
f 640//726 641//727 639//724
f 641//727 644//728 643//729
f 643//729 646//730 645//731
f 645//731 648//732 647//733
f 647//733 650//734 649//735
f 663//736 653//737 655//738
f 650//734 651//739 649//735
f 652//740 637//725 651//739
f 678//741 672//644 679//742
f 659//743 657//744 661//745
f 664//746 658//747 665//748
f 667//749 660//750 654//751
f 667//749 653//737 662//752
f 663//736 656//753 668//754
f 669//755 658//747 659//743
f 664//746 656//753 657//744
f 669//755 660//750 666//756
f 654//751 659//743 661//745
f 655//738 657//744 656//753
f 654//751 655//738 653//737
f 652//740 669//755 666//756
f 646//730 668//754 664//746
f 648//732 669//755 650//734
f 642//757 668//754 644//728
f 638//723 662//752 640//726
f 638//723 666//756 667//749
f 646//730 665//748 648//732
f 642//757 662//752 663//736
f 680//758 675//759 681//760
f 682//761 673//762 678//741
f 680//758 677//763 676//764
f 684//765 672//644 671//766
f 681//760 674//767 682//761
f 683//768 670//769 677//763
f 685//770 671//766 670//769
f 637//725 684//765 685//770
f 651//739 685//770 683//768
f 647//733 682//761 645//731
f 639//724 679//742 684//765
f 649//735 683//768 680//758
f 645//731 678//741 643//729
f 649//735 681//760 647//733
f 643//729 679//742 641//727
f 686//771 689//772 688//773
f 688//773 691//277 690//774
f 691//277 692//775 690//774
f 693//776 694//777 692//775
f 694//777 697//778 696//779
f 696//779 699//780 698//781
f 712//782 702//783 704//784
f 699//780 700//785 698//781
f 701//786 686//771 700//785
f 727//787 721//788 728//789
f 708//790 706//791 710//792
f 713//793 707//794 714//795
f 716//796 709//797 703//798
f 716//796 702//783 711//799
f 712//782 705//800 717//801
f 718//802 707//794 708//790
f 713//793 705//800 706//791
f 718//802 709//797 715//803
f 703//798 708//790 710//792
f 704//784 706//791 705//800
f 703//798 704//784 702//783
f 699//780 715//803 701//786
f 695//804 717//801 713//793
f 699//780 714//795 718//802
f 693//776 712//782 717//801
f 687//805 711//799 689//772
f 687//805 715//803 716//796
f 695//804 714//795 697//778
f 689//772 712//782 691//277
f 729//806 724//807 730//808
f 731//809 722//810 727//787
f 729//806 726//811 725//812
f 733//813 721//788 720//814
f 730//808 723//815 731//809
f 732//816 719//817 726//811
f 734//818 720//814 719//817
f 686//771 733//813 734//818
f 700//785 734//818 732//816
f 696//779 731//809 694//777
f 688//773 728//789 733//813
f 698//781 732//816 729//806
f 694//777 727//787 692//775
f 698//781 730//808 696//779
f 692//775 728//789 690//774
f 735//819 738//820 737//821
f 737//821 740//822 739//823
f 740//822 741//824 739//823
f 742//825 743//826 741//824
f 743//826 746//827 745//828
f 745//828 748//829 747//830
f 761//831 751//832 753//833
f 748//829 749//834 747//830
f 750//835 735//819 749//834
f 777//836 771//837 770//838
f 757//839 755//840 759//841
f 762//842 756//843 763//844
f 765//845 758//846 752//847
f 765//845 751//832 760//848
f 761//831 754//849 766//850
f 767//851 756//843 757//839
f 762//842 754//849 755//840
f 767//851 758//846 764//852
f 752//847 757//839 759//841
f 753//833 755//840 754//849
f 752//847 753//833 751//832
f 750//835 767//851 764//852
f 744//853 766//850 762//842
f 746//827 767//851 748//829
f 742//825 761//831 766//850
f 736//854 760//848 738//820
f 736//854 764//852 765//845
f 744//853 763//844 746//827
f 738//820 761//831 740//822
f 778//855 773//856 779//857
f 776//858 772//859 771//837
f 778//855 775//860 774//861
f 777//836 769//862 782//863
f 779//857 772//859 780//864
f 781//865 768//866 775//860
f 782//863 768//866 783//867
f 735//819 782//863 783//867
f 749//834 783//867 781//865
f 745//828 780//864 743//826
f 737//821 777//836 782//863
f 747//830 781//865 778//855
f 743//826 776//858 741//824
f 747//830 779//857 745//828
f 741//824 777//836 739//823
f 784//868 787//869 786//870
f 786//870 789//871 788//872
f 789//871 790//873 788//872
f 791//874 792//875 790//873
f 792//875 795//876 794//877
f 794//877 797//878 796//879
f 810//880 800//881 802//882
f 797//878 798//883 796//879
f 799//884 784//868 798//883
f 826//885 820//886 819//8
f 806//887 804//888 808//889
f 811//890 805//891 812//892
f 814//893 807//894 801//895
f 814//893 800//881 809//896
f 810//880 803//897 815//898
f 816//899 805//891 806//887
f 811//890 803//897 804//888
f 816//899 807//894 813//900
f 801//895 806//887 808//889
f 802//882 804//888 803//897
f 801//895 802//882 800//881
f 799//884 816//899 813//900
f 793//901 815//898 811//890
f 795//876 816//899 797//878
f 791//874 810//880 815//898
f 785//902 809//896 787//869
f 785//902 813//900 814//893
f 793//901 812//892 795//876
f 787//869 810//880 789//871
f 827//903 822//904 828//905
f 829//906 820//886 825//907
f 827//903 824//908 823//909
f 826//885 818//910 831//911
f 828//905 821//912 829//906
f 830//913 817//914 824//908
f 832//915 818//910 817//914
f 784//868 831//911 832//915
f 798//883 832//915 830//913
f 794//877 829//906 792//875
f 786//870 826//885 831//911
f 796//879 830//913 827//903
f 792//875 825//907 790//873
f 796//879 828//905 794//877
f 790//873 826//885 788//872
f 835//916 834//917 833//918
f 835//916 838//919 836//920
f 839//921 838//919 837//922
f 839//921 842//923 840//924
f 841//925 844//926 842//923
f 843//927 846//928 844//926
f 859//929 849//930 858//931
f 847//932 846//928 845//933
f 833//918 848//934 847//932
f 868//935 874//936 875//937
f 853//938 855//939 857//940
f 854//941 860//942 861//943
f 863//944 856//945 862//946
f 849//930 863//944 858//931
f 852//947 859//929 864//948
f 865//949 854//941 861//943
f 860//942 852//947 864//948
f 856//945 865//949 862//946
f 850//950 855//939 856//945
f 851//951 853//938 857//940
f 851//951 850//950 849//930
f 848//934 865//949 846//928
f 842//923 864//948 840//924
f 865//949 844//926 846//928
f 840//924 859//929 838//919
f 858//931 834//917 836//920
f 834//917 862//946 848//934
f 861//943 842//923 844//926
f 859//929 836//920 838//919
f 871//952 876//953 877//954
f 869//955 878//956 874//936
f 876//953 873//957 879//958
f 880//959 868//935 875//937
f 870//960 877//954 878//956
f 879//958 866//961 881//962
f 881//962 867//963 880//959
f 833//918 880//959 835//916
f 847//932 881//962 833//918
f 878//956 843//927 841//925
f 835//916 875//937 837//922
f 845//933 879//958 847//932
f 874//936 841//925 839//921
f 877//954 845//933 843//927
f 875//937 839//921 837//922
f 884//964 883//965 882//966
f 884//964 887//967 885//968
f 888//969 887//967 886//970
f 888//969 891//971 889//972
f 890//973 893//974 891//971
f 892//975 895//976 893//974
f 908//977 898//978 907//979
f 896//980 895//976 894//981
f 882//966 897//982 896//980
f 917//983 923//984 924//985
f 902//986 904//987 906//988
f 903//989 909//990 910//991
f 912//992 905//993 911//994
f 898//978 912//992 907//979
f 901//995 908//977 913//996
f 914//997 903//989 910//991
f 909//990 901//995 913//996
f 905//993 914//997 911//994
f 899//998 904//987 905//993
f 900//999 902//986 906//988
f 900//999 899//998 898//978
f 897//982 914//997 895//976
f 891//971 913//996 889//972
f 914//997 893//974 895//976
f 913//996 887//967 889//972
f 907//979 883//965 885//968
f 883//965 911//994 897//982
f 910//991 891//971 893//974
f 887//967 907//979 885//968
f 920//1000 925//1001 926//1002
f 918//1003 927//1004 923//984
f 925//1001 922//1005 928//1006
f 929//1007 917//983 924//985
f 919//1008 926//1002 927//1004
f 928//1006 915//1009 930//1010
f 930//1010 916//1011 929//1007
f 882//966 929//1007 884//964
f 896//980 930//1010 882//966
f 927//1004 892//975 890//973
f 884//964 924//985 886//970
f 894//981 928//1006 896//980
f 923//984 890//973 888//969
f 926//1002 894//981 892//975
f 924//985 888//969 886//970
f 933//1012 932//1013 931//1014
f 935//1015 934//1016 933//1012
f 935//1015 938//1017 936//1018
f 937//1019 940//1020 938//1017
f 939//1021 942//1022 940//1020
f 941//1023 944//1024 942//1022
f 957//1025 947//1026 956//1027
f 945//1028 944//1024 943//1029
f 931//1014 946//1030 945//1028
f 966//1031 972//1032 973//1033
f 951//1034 953//1035 955//1036
f 952//1037 958//1038 959//1039
f 961//1040 954//1041 960//1042
f 947//1026 961//1040 956//1027
f 950//1043 957//1025 962//1044
f 963//1045 952//1037 959//1039
f 958//1038 950//1043 962//1044
f 954//1041 963//1045 960//1042
f 948//1046 953//1035 954//1041
f 949//1047 951//1034 955//1036
f 949//1047 948//1046 947//1026
f 946//1030 963//1045 944//1024
f 940//1020 962//1044 938//1017
f 963//1045 942//1022 944//1024
f 962//1044 936//1018 938//1017
f 956//1027 932//1013 934//1016
f 932//1013 960//1042 946//1030
f 959//1039 940//1020 942//1022
f 936//1018 956//1027 934//1016
f 969//1048 974//1049 975//1050
f 967//1051 976//1052 972//1032
f 974//1049 971//1053 977//1054
f 978//1055 966//1031 973//1033
f 968//1056 975//1050 976//1052
f 977//1054 964//1057 979//1058
f 979//1058 965//1059 978//1055
f 931//1014 978//1055 933//1012
f 945//1028 979//1058 931//1014
f 976//1052 941//1023 939//1021
f 933//1012 973//1033 935//1015
f 943//1029 977//1054 945//1028
f 972//1032 939//1021 937//1019
f 975//1050 943//1029 941//1023
f 973//1033 937//1019 935//1015
f 982//1060 981//1061 980//1062
f 982//1060 985//1063 983//1064
f 986//1065 985//1063 984//1066
f 986//1065 989//1067 987//1068
f 988//1069 991//1070 989//1067
f 990//1071 993//1072 991//1070
f 1006//1073 996//1074 1005//1075
f 994//1076 993//1072 992//1077
f 980//1062 995//1078 994//1076
f 1015//1079 1021//1080 1022//1081
f 1000//1082 1002//1083 1004//1084
f 1001//1085 1007//1086 1008//1087
f 1010//1088 1003//1089 1009//1090
f 996//1074 1010//1088 1005//1075
f 999//1091 1006//1073 1011//1092
f 1012//1093 1001//1085 1008//1087
f 1007//1086 999//1091 1011//1092
f 1003//1089 1012//1093 1009//1090
f 997//1094 1002//1083 1003//1089
f 998//1095 1000//1082 1004//1084
f 998//1095 997//1094 996//1074
f 995//1078 1012//1093 993//1072
f 1007//1086 987//1068 989//1067
f 1012//1093 991//1070 993//1072
f 1011//1092 985//1063 987//1068
f 983//1064 1010//1088 981//1061
f 981//1061 1009//1090 995//1078
f 1008//1087 989//1067 991//1070
f 985//1063 1005//1075 983//1064
f 1018//1096 1023//1097 1024//1098
f 1016//1099 1025//1100 1021//1080
f 1023//1097 1020//1101 1026//1102
f 1027//1103 1015//1079 1022//1081
f 1017//1104 1024//1098 1025//1100
f 1026//1102 1013//1105 1028//1106
f 1028//1106 1014//1107 1027//1103
f 980//1062 1027//1103 982//1060
f 994//1076 1028//1106 980//1062
f 1025//1100 990//1071 988//1069
f 982//1060 1022//1081 984//1066
f 992//1077 1026//1102 994//1076
f 1021//1080 988//1069 986//1065
f 1024//1098 992//1077 990//1071
f 1022//1081 986//1065 984//1066
f 1031//1108 1030//1109 1029//1110
f 1033//1111 1032//1112 1031//1108
f 1033//1111 1036//1113 1034//1114
f 1035//1115 1038//1116 1036//1113
f 1037//1117 1040//1118 1038//1116
f 1039//1119 1042//1120 1040//1118
f 1055//1121 1045//1122 1054//1123
f 1043//1124 1042//1120 1041//1125
f 1029//1110 1044//1126 1043//1124
f 1064//1127 1070//1128 1071//1129
f 1049//1130 1051//1131 1053//1132
f 1050//1133 1056//1134 1057//1135
f 1059//1136 1052//1137 1058//1138
f 1045//1122 1059//1136 1054//1123
f 1048//1139 1055//1121 1060//1140
f 1061//1141 1050//1133 1057//1135
f 1056//1134 1048//1139 1060//1140
f 1052//1137 1061//1141 1058//1138
f 1046//1142 1051//1131 1052//1137
f 1047//1143 1049//1130 1053//1132
f 1047//1143 1046//1142 1045//1122
f 1044//1126 1061//1141 1042//1120
f 1038//1116 1060//1140 1036//1113
f 1061//1141 1040//1118 1042//1120
f 1060//1140 1034//1114 1036//1113
f 1054//1123 1030//1109 1032//1112
f 1030//1109 1058//1138 1044//1126
f 1057//1135 1038//1116 1040//1118
f 1034//1114 1054//1123 1032//1112
f 1067//1144 1072//1145 1073//1146
f 1065//1147 1074//1148 1070//1128
f 1072//1145 1069//1149 1075//1150
f 1076//1151 1064//1127 1071//1129
f 1066//1152 1073//1146 1074//1148
f 1075//1150 1062//1153 1077//1154
f 1077//1154 1063//1155 1076//1151
f 1029//1110 1076//1151 1031//1108
f 1043//1124 1077//1154 1029//1110
f 1074//1148 1039//1119 1037//1117
f 1031//1108 1071//1129 1033//1111
f 1041//1125 1075//1150 1043//1124
f 1070//1128 1037//1117 1035//1115
f 1073//1146 1041//1125 1039//1119
f 1071//1129 1035//1115 1033//1111
f 1078//1156 1081//1157 1079//1158
f 1080//1159 1083//192 1081//1157
f 1084//1160 1083//192 1082//1161
f 1086//1162 1085//1163 1084//1160
f 1086//1162 1089//1164 1087//1165
f 1088//1166 1091//1167 1089//1164
f 1104//1168 1094//1169 1103//1170
f 1092//1171 1091//1167 1090//1172
f 1078//1156 1093//1173 1092//1171
f 1113//1174 1119//1175 1120//1176
f 1098//1177 1100//1178 1102//1179
f 1099//1180 1105//1181 1106//1182
f 1108//1183 1101//1184 1107//1185
f 1094//1169 1108//1183 1103//1170
f 1097//1186 1104//1168 1109//1187
f 1110//1188 1099//1180 1106//1182
f 1105//1181 1097//1186 1109//1187
f 1101//1184 1110//1188 1107//1185
f 1095//1189 1100//1178 1101//1184
f 1096//1190 1098//1177 1102//1179
f 1096//1190 1095//1189 1094//1169
f 1107//1185 1091//1167 1093//1173
f 1087//1165 1109//1187 1085//1163
f 1091//1167 1106//1182 1089//1164
f 1085//1163 1104//1168 1083//192
f 1103//1170 1079//1158 1081//1157
f 1079//1158 1107//1185 1093//1173
f 1106//1182 1087//1165 1089//1164
f 1104//1168 1081//1157 1083//192
f 1116//1191 1121//1192 1122//1193
f 1114//1194 1123//1195 1119//1175
f 1121//1192 1118//1196 1124//1197
f 1125//1198 1113//1174 1120//1176
f 1115//1199 1122//1193 1123//1195
f 1124//1197 1111//1200 1126//1201
f 1126//1201 1112//1202 1125//1198
f 1078//1156 1125//1198 1080//1159
f 1092//1171 1126//1201 1078//1156
f 1123//1195 1088//1166 1086//1162
f 1080//1159 1120//1176 1082//1161
f 1090//1172 1124//1197 1092//1171
f 1119//1175 1086//1162 1084//1160
f 1122//1193 1090//1172 1088//1166
f 1120//1176 1084//1160 1082//1161
f 1127//1203 1130//1204 1128//1205
f 1129//1206 1132//1207 1130//1204
f 1133//1208 1132//1207 1131//1209
f 1135//1210 1134//1211 1133//1208
f 1135//1210 1138//1212 1136//1213
f 1137//1214 1140//1215 1138//1212
f 1153//1216 1143//1217 1152//1218
f 1141//1219 1140//1215 1139//1220
f 1127//1203 1142//1221 1141//1219
f 1169//1222 1163//1223 1168//1224
f 1147//1225 1149//1226 1151//1227
f 1148//1228 1154//1229 1155//1230
f 1157//1231 1150//1232 1156//1233
f 1143//1217 1157//1231 1152//1218
f 1146//1234 1153//1216 1158//1235
f 1159//1236 1148//1228 1155//1230
f 1154//1229 1146//1234 1158//1235
f 1150//1232 1159//1236 1156//1233
f 1144//1237 1149//1226 1150//1232
f 1145//1238 1147//1225 1151//1227
f 1145//1238 1144//1237 1143//1217
f 1142//1221 1159//1236 1140//1215
f 1136//1213 1158//1235 1134//1211
f 1159//1236 1138//1212 1140//1215
f 1134//1211 1153//1216 1132//1207
f 1152//1218 1128//1205 1130//1204
f 1128//1205 1156//1233 1142//1221
f 1155//1230 1136//1213 1138//1212
f 1153//1216 1130//1204 1132//1207
f 1165//1239 1170//1240 1171//1241
f 1163//1223 1172//1242 1168//1224
f 1170//1240 1167//1243 1173//1244
f 1161//1245 1169//1222 1174//1246
f 1164//1247 1171//1241 1172//1242
f 1173//1244 1160//1248 1175//1249
f 1175//1249 1161//1245 1174//1246
f 1127//1203 1174//1246 1129//1206
f 1141//1219 1175//1249 1127//1203
f 1172//1242 1137//1214 1135//1210
f 1129//1206 1169//1222 1131//1209
f 1139//1220 1173//1244 1141//1219
f 1168//1224 1135//1210 1133//1208
f 1171//1241 1139//1220 1137//1214
f 1169//1222 1133//1208 1131//1209
f 1176//1250 1179//1251 1177//1252
f 1178//1253 1181//1254 1179//1251
f 1182//1255 1181//1254 1180//1256
f 1184//1257 1183//1258 1182//1255
f 1184//1257 1187//1259 1185//1260
f 1186//1261 1189//1262 1187//1259
f 1202//1263 1192//1264 1201//1265
f 1190//1266 1189//1262 1188//1267
f 1176//1250 1191//1268 1190//1266
f 1218//1269 1212//1270 1217//1271
f 1196//1272 1198//1273 1200//1274
f 1197//1275 1203//1276 1204//1277
f 1206//1278 1199//1279 1205//1280
f 1192//1264 1206//1278 1201//1265
f 1195//1281 1202//1263 1207//1282
f 1208//1283 1197//1275 1204//1277
f 1203//1276 1195//1281 1207//1282
f 1199//1279 1208//1283 1205//1280
f 1193//1284 1198//1273 1199//1279
f 1194//1285 1196//1272 1200//1274
f 1194//1285 1193//1284 1192//1264
f 1191//1268 1208//1283 1189//1262
f 1185//1260 1207//1282 1183//1258
f 1208//1283 1187//1259 1189//1262
f 1183//1258 1202//1263 1181//1254
f 1201//1265 1177//1252 1179//1251
f 1177//1252 1205//1280 1191//1268
f 1204//1277 1185//1260 1187//1259
f 1202//1263 1179//1251 1181//1254
f 1214//1286 1219//1287 1220//1288
f 1212//1270 1221//1289 1217//1271
f 1219//1287 1216//1290 1222//1291
f 1210//1292 1218//1269 1223//1293
f 1213//1294 1220//1288 1221//1289
f 1222//1291 1209//1295 1224//1296
f 1224//1296 1210//1292 1223//1293
f 1176//1250 1223//1293 1178//1253
f 1190//1266 1224//1296 1176//1250
f 1221//1289 1186//1261 1184//1257
f 1178//1253 1218//1269 1180//1256
f 1188//1267 1222//1291 1190//1266
f 1217//1271 1184//1257 1182//1255
f 1220//1288 1188//1267 1186//1261
f 1218//1269 1182//1255 1180//1256
f 76//1 72//17 36//2
f 108//4 4//174 54//5
f 6//7 12//1297 59//8
f 2//10 9//1298 86//11
f 103//13 22//144 14//14
f 76//1 40//90 35//16
f 72//17 35//16 47//18
f 59//8 12//1297 5//20
f 75//22 39//120 50//23
f 70//25 18//41 16//26
f 70//25 66//27 15//28
f 77//30 101//107 115//31
f 25//33 83//145 65//34
f 59//8 11//1299 8//36
f 23//37 67//72 90//38
f 87//40 29//76 18//41
f 29//42 105//48 103//13
f 53//44 117//6 113//45
f 17//47 102//67 105//48
f 65//34 83//145 26//49
f 66//27 16//26 28//51
f 27//53 120//1300 111//54
f 82//56 73//122 43//57
f 90//38 67//72 21//59
f 112//61 33//92 45//62
f 66//27 85//52 27//64
f 106//65 62//140 21//66
f 1//68 9//155 60//69
f 32//71 88//150 67//72
f 107//73 85//52 28//51
f 69//75 17//148 29//76
f 40//77 114//91 112//61
f 61//79 106//65 102//67
f 64//21 5//20 61//80
f 107//73 120//146 27//64
f 97//82 95//109 34//83
f 74//85 71//138 33//86
f 3//88 63//70 60//69
f 79//24 50//23 40//90
f 114//91 44//132 33//92
f 110//93 109//163 11//94
f 20//96 15//55 111//54
f 100//98 96//113 41//99
f 99//101 97//82 42//84
f 81//103 75//22 37//104
f 79//24 76//1 38//3
f 101//107 98//168 48//108
f 95//109 98//1301 46//110
f 110//93 122//130 93//111
f 72//17 78//19 48//108
f 75//22 79//24 49//106
f 96//113 99//101 51//102
f 89//81 69//75 19//114
f 117//6 54//5 43//116
f 58//9 81//103 55//105
f 84//12 100//98 56//100
f 8//117 108//4 117//6
f 101//107 78//19 47//18
f 2//118 56//135 82//56
f 81//103 53//180 39//120
f 51//121 80//134 73//122
f 64//21 89//81 91//115
f 69//75 87//40 30//125
f 118//126 121//165 32//127
f 91//129 19//179 118//126
f 116//131 52//152 44//132
f 42//133 74//85 80//134
f 41//123 73//122 82//56
f 34//136 71//138 74//85
f 46//137 77//30 71//138
f 92//139 1//154 62//140
f 102//67 21//66 31//141
f 94//15 14//14 26//142
f 105//48 31//141 22//144
f 83//145 25//33 120//146
f 18//43 103//13 94//15
f 89//81 61//80 17//148
f 24//149 68//177 88//150
f 50//151 116//131 114//91
f 3//88 93//39 90//38
f 87//40 70//25 20//29
f 113//45 43//116 52//152
f 4//153 57//119 82//56
f 86//11 9//1298 1//154
f 2//118 57//119 60//69
f 80//134 74//85 44//87
f 119//97 111//54 13//157
f 122//130 118//126 23//128
f 12//159 86//11 92//139
f 111//54 120//1300 25//161
f 39//46 113//45 116//131
f 6//162 55//170 100//98
f 3//112 10//1302 109//163
f 37//164 49//169 99//101
f 121//165 119//97 24//158
f 48//166 98//1301 95//109
f 77//30 46//137 98//168
f 49//169 38//172 97//82
f 55//170 37//164 96//113
f 4//153 10//89 60//69
f 112//61 115//63 47//171
f 71//138 77//30 45//32
f 38//172 36//167 95//109
f 7//95 91//129 122//130
f 94//15 104//143 28//173
f 5//160 92//139 106//65
f 109//163 10//1302 4//174
f 88//150 68//177 22//175
f 68//177 65//34 14//50
f 73//122 80//134 52//156
f 7//124 11//1299 59//8
f 83//145 107//73 104//74
f 13//35 65//34 68//177
f 11//94 109//163 108//4
f 30//178 20//96 119//97
f 19//179 30//178 121//165
f 1//68 63//70 90//38
f 67//72 88//150 31//176
f 84//12 86//11 12//159
f 58//9 8//36 53//180
f 130//181 131//184 141//182
f 131//184 132//186 142//185
f 132//186 133//1303 143//187
f 143//187 133//1303 134//188
f 137//190 134//226 133//191
f 139//8 138//194 131//193
f 138//194 137//190 132//192
f 270//195 269//256 123//196
f 140//183 141//182 243//198
f 126//200 127//220 254//201
f 279//203 270//195 124//197
f 163//204 165//222 147//205
f 166//207 167//210 150//208
f 167//210 168//212 149//211
f 168//212 163//204 148//206
f 151//209 150//208 157//213
f 150//208 149//211 156//215
f 149//211 148//206 154//216
f 148//206 147//205 152//217
f 154//216 152//217 162//218
f 157//213 156//215 162//218
f 158//214 157//213 160//219
f 126//200 124//197 163//204
f 127//220 126//200 168//212
f 129//221 127//220 167//210
f 124//197 123//196 165//222
f 191//223 145//189 134//188
f 137//190 179//192 181//225
f 139//8 177//8 178//193
f 138//194 178//193 179//192
f 191//223 181//224 179//227
f 189//229 178//232 177//230
f 190//228 179//227 178//232
f 303//233 212//288 218//234
f 192//236 183//309 322//237
f 280//239 282//381 298//240
f 176//242 291//321 313//243
f 265//245 231//248 230//246
f 231//248 237//250 235//249
f 162//218 152//217 235//249
f 238//251 160//219 162//218
f 262//252 232//262 231//248
f 241//247 230//246 147//205
f 315//253 189//229 187//231
f 333//255 169//261 123//196
f 326//257 174//306 173//258
f 338//260 173//258 169//261
f 259//244 233//264 232//262
f 239//263 159//69 160//219
f 230//246 235//249 152//217
f 232//262 238//251 237//250
f 233//264 239//263 238//251
f 140//183 208//266 200//265
f 208//266 209//268 201//267
f 209//268 210//271 202//269
f 211//270 203//1304 202//269
f 206//272 201//277 202//273
f 139//8 130//8 200//275
f 207//276 200//275 201//277
f 278//278 197//286 194//279
f 275//281 129//221 199//282
f 276//283 199//282 198//284
f 272//285 198//284 197//286
f 226//287 214//294 212//288
f 166//207 151//209 217//290
f 228//291 217//290 216//292
f 229//293 216//292 214//294
f 151//209 158//214 221//295
f 217//290 221//295 220//296
f 216//292 220//296 219//297
f 214//294 219//297 218//234
f 225//298 218//234 219//297
f 221//295 224//299 225//298
f 158//214 159//69 224//299
f 198//284 229//293 226//287
f 199//282 228//291 229//293
f 129//221 166//207 228//291
f 197//286 226//287 227//289
f 169//261 241//247 165//222
f 187//231 177//230 294//300
f 300//302 295//305 296//303
f 299//301 294//300 295//305
f 176//242 259//244 262//252
f 173//258 265//245 241//247
f 174//306 262//252 265//245
f 309//307 308//319 225//298
f 321//308 322//237 183//309
f 184//311 175//384 171//310
f 288//312 285//316 312//313
f 334//315 337//324 285//316
f 313//243 314//314 305//317
f 314//314 312//313 303//233
f 306//318 305//317 308//319
f 335//320 336//322 291//321
f 336//322 334//315 288//312
f 206//272 203//274 296//323
f 296//303 203//1304 211//270
f 139//8 207//276 294//275
f 207//276 206//272 295//277
f 337//324 273//280 194//279
f 305//317 303//233 307//235
f 233//264 306//318 309//307
f 259//244 313//243 306//318
f 312//313 227//289 212//288
f 249//325 125//328 135//326
f 125//328 128//359 136//329
f 188//330 196//337 186//331
f 144//333 135//326 136//329
f 250//327 135//326 144//333
f 188//330 215//355 205//336
f 153//338 243//341 252//335
f 155//339 153//338 144//333
f 153//338 161//343 244//340
f 164//342 161//343 153//338
f 161//343 164//342 172//344
f 188//330 164//342 155//339
f 161//343 170//345 248//346
f 172//344 182//332 180//347
f 188//330 182//332 172//344
f 170//345 180//347 247//348
f 180//347 185//350 246//349
f 180//347 182//332 186//331
f 185//350 195//352 245//351
f 186//331 196//337 195//352
f 196//337 205//336 204//353
f 188//330 128//359 223//354
f 195//352 204//353 254//356
f 204//353 213//358 253//357
f 213//358 204//353 205//336
f 188//330 146//334 136//329
f 253//357 213//358 222//360
f 213//358 215//355 223//354
f 125//328 222//360 223//354
f 251//361 222//360 125//328
f 320//362 266//407 240//363
f 318//365 274//408 268//366
f 268//366 274//408 277//368
f 240//363 266//407 267//370
f 286//372 257//376 263//373
f 290//375 261//378 257//376
f 289//377 260//399 261//378
f 292//374 263//373 258//379
f 280//239 242//371 267//370
f 282//381 281//404 297//382
f 280//239 304//241 311//383
f 234//385 315//1305 316//364
f 293//386 284//389 256//387
f 284//389 283//402 255//390
f 250//391 293//386 264//388
f 275//281 260//399 247//393
f 127//220 129//221 245//395
f 279//203 126//200 253//202
f 141//182 142//185 252//397
f 289//377 140//183 244//199
f 291//321 288//312 314//314
f 280//239 271//369 277//368
f 192//236 193//401 184//311
f 239//263 309//307 224//299
f 257//376 272//285 278//278
f 261//378 276//283 272//285
f 260//399 275//281 276//283
f 263//373 278//278 273//280
f 285//316 194//279 227//289
f 324//238 315//1305 234//385
f 192//236 234//385 236//400
f 307//235 218//234 225//298
f 264//388 256//387 270//195
f 256//387 255//390 269//256
f 143//187 145//189 283//402
f 142//185 143//187 284//389
f 234//385 240//363 242//371
f 326//403 297//382 281//404
f 325//406 302//409 297//382
f 266//407 320//362 319//367
f 210//271 292//374 287//380
f 289//377 290//375 208//266
f 208//266 290//375 286//372
f 209//268 286//372 292//374
f 280//239 193//401 236//400
f 317//405 281//404 274//408
f 281//404 282//381 277//368
f 268//366 271//369 267//370
f 260//399 289//377 248//398
f 252//397 142//185 293//386
f 249//392 264//388 279//203
f 245//395 129//221 275//281
f 302//409 304//241 298//240
f 280//239 175//384 184//311
f 325//406 323//411 310//410
f 311//383 304//241 302//409
f 311//383 310//410 171//310
f 323//411 321//308 171//310
f 340//412 343//419 331//413
f 342//415 340//412 328//414
f 341//417 342//415 330//416
f 343//419 287//380 258//379
f 344//420 332//424 327//421
f 339//422 327//421 255//390
f 322//423 321//431 332//424
f 319//425 329//418 335//320
f 317//427 176//242 174//306
f 325//259 173//258 338//260
f 324//429 190//228 189//229
f 316//254 187//231 341//417
f 328//414 331//413 337//324
f 330//416 328//414 334//315
f 329//418 330//416 336//322
f 331//413 258//379 273//280
f 332//424 338//260 333//255
f 327//421 333//255 269//256
f 191//223 339//422 283//402
f 190//228 344//420 339//422
f 301//304 211//270 287//380
f 299//301 342//415 341//417
f 299//301 300//302 340//412
f 300//302 301//304 343//419
f 320//430 341//417 329//418
f 324//429 322//423 344//420
f 321//431 323//428 338//260
f 317//427 318//426 335//320
f 380//432 346//462 348//433
f 381//434 348//433 350//435
f 385//436 350//435 352//437
f 389//438 352//437 354//439
f 354//439 356//442 397//441
f 356//442 358//444 401//443
f 358//444 360//446 405//445
f 360//446 362//448 409//447
f 362//448 364//450 413//449
f 364//450 366//452 417//451
f 366//452 368//454 421//453
f 368//454 370//1306 425//455
f 425//455 370//1306 372//456
f 429//457 372//456 374//458
f 433//459 374//458 376//460
f 437//461 376//460 346//462
f 440//463 377//467 345//464
f 439//466 378//469 377//467
f 438//468 379//470 378//469
f 438//468 437//461 380//432
f 436//471 440//463 375//465
f 435//473 439//466 440//463
f 434//474 438//468 439//466
f 434//474 433//459 437//461
f 432//475 436//471 373//472
f 431//477 435//473 436//471
f 430//478 434//474 435//473
f 430//478 429//457 433//459
f 428//479 432//475 371//476
f 427//481 431//477 432//475
f 426//482 430//478 431//477
f 426//482 425//455 429//457
f 424//483 428//479 369//480
f 424//483 423//485 427//481
f 423//485 422//486 426//482
f 421//453 425//455 426//482
f 420//487 424//483 367//484
f 420//487 419//489 423//485
f 419//489 418//490 422//486
f 417//451 421//453 422//486
f 416//491 420//487 365//488
f 416//491 415//493 419//489
f 415//493 414//494 418//490
f 413//449 417//451 418//490
f 412//495 416//491 363//492
f 412//495 411//497 415//493
f 411//497 410//498 414//494
f 409//447 413//449 414//494
f 408//499 412//495 361//496
f 408//499 407//501 411//497
f 407//501 406//502 410//498
f 405//445 409//447 410//498
f 404//503 408//499 359//500
f 404//503 403//505 407//501
f 403//505 402//506 406//502
f 401//443 405//445 406//502
f 400//507 404//503 357//504
f 400//507 399//509 403//505
f 399//509 398//510 402//506
f 397//441 401//443 402//506
f 396//511 400//507 355//508
f 396//511 395//513 399//509
f 395//513 394//514 398//510
f 393//440 397//441 398//510
f 392//515 396//511 353//512
f 391//517 395//513 396//511
f 390//518 394//514 395//513
f 390//518 389//438 393//440
f 388//519 392//515 351//516
f 387//521 391//517 392//515
f 386//522 390//518 391//517
f 386//522 385//436 389//438
f 384//523 388//519 349//520
f 383//525 387//521 388//519
f 382//526 386//522 387//521
f 382//526 381//434 385//436
f 377//467 384//523 347//524
f 378//469 383//525 384//523
f 379//470 382//526 383//525
f 379//470 380//432 381//434
f 442//527 444//562 443//528
f 443//528 444//562 446//530
f 446//530 448//561 447//532
f 447//532 448//561 450//533
f 449//534 450//533 452//535
f 451//536 452//535 454//537
f 467//539 466//556 457//540
f 454//537 456//543 455//542
f 456//543 442//527 441//529
f 482//544 477//567 476//545
f 463//547 462//551 461//548
f 468//550 461//548 462//551
f 471//553 470//560 464//554
f 471//553 458//555 457//540
f 467//539 459//541 460//557
f 473//559 469//552 462//551
f 468//550 472//558 460//557
f 473//559 463//547 464//554
f 458//555 464//554 463//547
f 459//541 465//549 461//548
f 458//555 465//549 459//541
f 456//543 454//537 473//559
f 450//533 448//561 472//558
f 452//535 469//552 473//559
f 448//561 446//530 467//539
f 442//527 471//553 466//556
f 442//527 456//543 470//560
f 450//533 468//550 469//552
f 444//562 466//556 467//539
f 484//563 480//569 479//564
f 486//566 478//572 477//567
f 484//563 487//573 481//568
f 488//570 483//546 476//545
f 485//565 479//564 478//572
f 487//573 489//575 474//574
f 489//575 488//570 475//571
f 441//529 443//528 488//570
f 455//542 441//529 489//575
f 451//536 485//565 486//566
f 443//528 445//531 483//546
f 453//538 455//542 487//573
f 449//534 486//566 482//544
f 453//538 484//563 485//565
f 447//532 482//544 483//546
f 491//576 493//611 492//577
f 492//577 493//611 495//579
f 495//579 497//610 496//581
f 496//581 497//610 499//582
f 498//583 499//582 501//584
f 500//585 501//584 503//586
f 516//588 515//605 506//589
f 503//586 505//592 504//591
f 505//592 491//576 490//578
f 531//593 526//616 525//594
f 512//596 511//600 510//597
f 517//599 510//597 511//600
f 520//602 519//609 513//603
f 520//602 507//604 506//589
f 516//588 508//590 509//606
f 522//608 518//601 511//600
f 517//599 521//607 509//606
f 522//608 512//596 513//603
f 507//604 513//603 512//596
f 508//590 514//598 510//597
f 507//604 514//598 508//590
f 505//592 503//586 522//608
f 499//582 497//610 521//607
f 501//584 518//601 522//608
f 495//579 516//588 521//607
f 491//576 520//602 515//605
f 491//576 505//592 519//609
f 499//582 517//599 518//601
f 495//579 493//611 515//605
f 533//612 529//618 528//613
f 535//615 527//621 526//616
f 533//612 536//622 530//617
f 537//619 532//595 525//594
f 534//614 528//613 527//621
f 536//622 538//624 523//623
f 538//624 537//619 524//620
f 490//578 492//577 537//619
f 504//591 490//578 538//624
f 500//585 534//614 535//615
f 492//577 494//580 532//595
f 502//587 504//591 536//622
f 498//583 535//615 531//593
f 502//587 533//612 534//614
f 496//581 531//593 532//595
f 540//625 542//628 541//626
f 542//628 544//660 543//629
f 543//629 544//660 546//630
f 545//631 546//630 548//632
f 547//633 548//632 550//634
f 549//635 550//634 552//636
f 565//638 564//655 555//639
f 552//636 554//642 553//641
f 554//642 540//625 539//627
f 580//643 575//665 574//644
f 561//646 560//650 559//647
f 566//649 559//647 560//650
f 569//652 568//659 562//653
f 569//652 556//654 555//639
f 565//638 557//640 558//656
f 571//658 567//651 560//650
f 566//649 570//657 558//656
f 571//658 561//646 562//653
f 556//654 562//653 561//646
f 557//640 563//648 559//647
f 556//654 563//648 557//640
f 554//642 552//636 571//658
f 548//632 546//630 570//657
f 550//634 567//651 571//658
f 544//660 565//638 570//657
f 540//625 569//652 564//655
f 540//625 554//642 568//659
f 548//632 566//649 567//651
f 544//660 542//628 564//655
f 582//661 578//667 577//662
f 584//664 576//670 575//665
f 582//661 585//671 579//666
f 586//668 581//645 574//644
f 583//663 577//662 576//670
f 585//671 587//673 572//672
f 587//673 586//668 573//669
f 539//627 541//626 586//668
f 553//641 539//627 587//673
f 549//635 583//663 584//664
f 541//626 543//629 581//645
f 551//637 553//641 585//671
f 547//633 584//664 580//643
f 551//637 582//661 583//663
f 545//631 580//643 581//645
f 589//674 591//709 590//675
f 590//675 591//709 593//677
f 593//677 595//708 594//679
f 594//679 595//708 597//680
f 596//681 597//680 599//682
f 598//683 599//682 601//684
f 614//686 613//703 604//687
f 601//684 603//690 602//689
f 603//690 589//674 588//676
f 629//691 624//714 623//692
f 610//694 609//698 608//695
f 615//697 608//695 609//698
f 618//700 617//707 611//701
f 618//700 605//702 604//687
f 614//686 606//688 607//704
f 620//706 616//699 609//698
f 615//697 619//705 607//704
f 620//706 610//694 611//701
f 605//702 611//701 610//694
f 606//688 612//696 608//695
f 605//702 612//696 606//688
f 603//690 601//684 620//706
f 595//708 619//705 615//697
f 599//682 616//699 620//706
f 593//677 614//686 619//705
f 591//709 589//674 618//700
f 589//674 603//690 617//707
f 597//680 615//697 616//699
f 593//677 591//709 613//703
f 631//710 627//716 626//711
f 633//713 625//719 624//714
f 631//710 634//720 628//715
f 635//717 630//693 623//692
f 632//712 626//711 625//719
f 634//720 636//722 621//721
f 636//722 635//717 622//718
f 588//676 590//675 635//717
f 602//689 588//676 636//722
f 598//683 632//712 633//713
f 590//675 592//678 630//693
f 600//685 602//689 634//720
f 596//681 633//713 629//691
f 600//685 631//710 632//712
f 594//679 629//691 630//693
f 638//723 640//726 639//724
f 640//726 642//757 641//727
f 641//727 642//757 644//728
f 643//729 644//728 646//730
f 645//731 646//730 648//732
f 647//733 648//732 650//734
f 663//736 662//752 653//737
f 650//734 652//740 651//739
f 652//740 638//723 637//725
f 678//741 673//762 672//644
f 659//743 658//747 657//744
f 664//746 657//744 658//747
f 667//749 666//756 660//750
f 667//749 654//751 653//737
f 663//736 655//738 656//753
f 669//755 665//748 658//747
f 664//746 668//754 656//753
f 669//755 659//743 660//750
f 654//751 660//750 659//743
f 655//738 661//745 657//744
f 654//751 661//745 655//738
f 652//740 650//734 669//755
f 646//730 644//728 668//754
f 648//732 665//748 669//755
f 642//757 663//736 668//754
f 638//723 667//749 662//752
f 638//723 652//740 666//756
f 646//730 664//746 665//748
f 642//757 640//726 662//752
f 680//758 676//764 675//759
f 682//761 674//767 673//762
f 680//758 683//768 677//763
f 684//765 679//742 672//644
f 681//760 675//759 674//767
f 683//768 685//770 670//769
f 685//770 684//765 671//766
f 637//725 639//724 684//765
f 651//739 637//725 685//770
f 647//733 681//760 682//761
f 639//724 641//727 679//742
f 649//735 651//739 683//768
f 645//731 682//761 678//741
f 649//735 680//758 681//760
f 643//729 678//741 679//742
f 686//771 687//805 689//772
f 688//773 689//772 691//277
f 691//277 693//776 692//775
f 693//776 695//804 694//777
f 694//777 695//804 697//778
f 696//779 697//778 699//780
f 712//782 711//799 702//783
f 699//780 701//786 700//785
f 701//786 687//805 686//771
f 727//787 722//810 721//788
f 708//790 707//794 706//791
f 713//793 706//791 707//794
f 716//796 715//803 709//797
f 716//796 703//798 702//783
f 712//782 704//784 705//800
f 718//802 714//795 707//794
f 713//793 717//801 705//800
f 718//802 708//790 709//797
f 703//798 709//797 708//790
f 704//784 710//792 706//791
f 703//798 710//792 704//784
f 699//780 718//802 715//803
f 695//804 693//776 717//801
f 699//780 697//778 714//795
f 693//776 691//277 712//782
f 687//805 716//796 711//799
f 687//805 701//786 715//803
f 695//804 713//793 714//795
f 689//772 711//799 712//782
f 729//806 725//812 724//807
f 731//809 723//815 722//810
f 729//806 732//816 726//811
f 733//813 728//789 721//788
f 730//808 724//807 723//815
f 732//816 734//818 719//817
f 734//818 733//813 720//814
f 686//771 688//773 733//813
f 700//785 686//771 734//818
f 696//779 730//808 731//809
f 688//773 690//774 728//789
f 698//781 700//785 732//816
f 694//777 731//809 727//787
f 698//781 729//806 730//808
f 692//775 727//787 728//789
f 735//819 736//854 738//820
f 737//821 738//820 740//822
f 740//822 742//825 741//824
f 742//825 744//853 743//826
f 743//826 744//853 746//827
f 745//828 746//827 748//829
f 761//831 760//848 751//832
f 748//829 750//835 749//834
f 750//835 736//854 735//819
f 777//836 776//858 771//837
f 757//839 756//843 755//840
f 762//842 755//840 756//843
f 765//845 764//852 758//846
f 765//845 752//847 751//832
f 761//831 753//833 754//849
f 767//851 763//844 756//843
f 762//842 766//850 754//849
f 767//851 757//839 758//846
f 752//847 758//846 757//839
f 753//833 759//841 755//840
f 752//847 759//841 753//833
f 750//835 748//829 767//851
f 744//853 742//825 766//850
f 746//827 763//844 767//851
f 742//825 740//822 761//831
f 736//854 765//845 760//848
f 736//854 750//835 764//852
f 744//853 762//842 763//844
f 738//820 760//848 761//831
f 778//855 774//861 773//856
f 776//858 780//864 772//859
f 778//855 781//865 775//860
f 777//836 770//838 769//862
f 779//857 773//856 772//859
f 781//865 783//867 768//866
f 782//863 769//862 768//866
f 735//819 737//821 782//863
f 749//834 735//819 783//867
f 745//828 779//857 780//864
f 737//821 739//823 777//836
f 747//830 749//834 781//865
f 743//826 780//864 776//858
f 747//830 778//855 779//857
f 741//824 776//858 777//836
f 784//868 785//902 787//869
f 786//870 787//869 789//871
f 789//871 791//874 790//873
f 791//874 793//901 792//875
f 792//875 793//901 795//876
f 794//877 795//876 797//878
f 810//880 809//896 800//881
f 797//878 799//884 798//883
f 799//884 785//902 784//868
f 826//885 825//907 820//886
f 806//887 805//891 804//888
f 811//890 804//888 805//891
f 814//893 813//900 807//894
f 814//893 801//895 800//881
f 810//880 802//882 803//897
f 816//899 812//892 805//891
f 811//890 815//898 803//897
f 816//899 806//887 807//894
f 801//895 807//894 806//887
f 802//882 808//889 804//888
f 801//895 808//889 802//882
f 799//884 797//878 816//899
f 793//901 791//874 815//898
f 795//876 812//892 816//899
f 791//874 789//871 810//880
f 785//902 814//893 809//896
f 785//902 799//884 813//900
f 793//901 811//890 812//892
f 787//869 809//896 810//880
f 827//903 823//909 822//904
f 829//906 821//912 820//886
f 827//903 830//913 824//908
f 826//885 819//8 818//910
f 828//905 822//904 821//912
f 830//913 832//915 817//914
f 832//915 831//911 818//910
f 784//868 786//870 831//911
f 798//883 784//868 832//915
f 794//877 828//905 829//906
f 786//870 788//872 826//885
f 796//879 798//883 830//913
f 792//875 829//906 825//907
f 796//879 827//903 828//905
f 790//873 825//907 826//885
f 835//916 836//920 834//917
f 835//916 837//922 838//919
f 839//921 840//924 838//919
f 839//921 841//925 842//923
f 841//925 843//927 844//926
f 843//927 845//933 846//928
f 859//929 851//951 849//930
f 847//932 848//934 846//928
f 833//918 834//917 848//934
f 868//935 869//955 874//936
f 853//938 854//941 855//939
f 854//941 853//938 860//942
f 863//944 850//950 856//945
f 849//930 850//950 863//944
f 852//947 851//951 859//929
f 865//949 855//939 854//941
f 860//942 853//938 852//947
f 856//945 855//939 865//949
f 850//950 857//940 855//939
f 851//951 852//947 853//938
f 851//951 857//940 850//950
f 848//934 862//946 865//949
f 842//923 860//942 864//948
f 865//949 861//943 844//926
f 840//924 864//948 859//929
f 858//931 863//944 834//917
f 834//917 863//944 862//946
f 861//943 860//942 842//923
f 859//929 858//931 836//920
f 871//952 872//1307 876//953
f 869//955 870//960 878//956
f 876//953 872//1307 873//957
f 880//959 867//963 868//935
f 870//960 871//952 877//954
f 879//958 873//957 866//961
f 881//962 866//961 867//963
f 833//918 881//962 880//959
f 847//932 879//958 881//962
f 878//956 877//954 843//927
f 835//916 880//959 875//937
f 845//933 876//953 879//958
f 874//936 878//956 841//925
f 877//954 876//953 845//933
f 875//937 874//936 839//921
f 884//964 885//968 883//965
f 884//964 886//970 887//967
f 888//969 889//972 887//967
f 888//969 890//973 891//971
f 890//973 892//975 893//974
f 892//975 894//981 895//976
f 908//977 900//999 898//978
f 896//980 897//982 895//976
f 882//966 883//965 897//982
f 917//983 918//1003 923//984
f 902//986 903//989 904//987
f 903//989 902//986 909//990
f 912//992 899//998 905//993
f 898//978 899//998 912//992
f 901//995 900//999 908//977
f 914//997 904//987 903//989
f 909//990 902//986 901//995
f 905//993 904//987 914//997
f 899//998 906//988 904//987
f 900//999 901//995 902//986
f 900//999 906//988 899//998
f 897//982 911//994 914//997
f 891//971 909//990 913//996
f 914//997 910//991 893//974
f 913//996 908//977 887//967
f 907//979 912//992 883//965
f 883//965 912//992 911//994
f 910//991 909//990 891//971
f 887//967 908//977 907//979
f 920//1000 921//1308 925//1001
f 918//1003 919//1008 927//1004
f 925//1001 921//1308 922//1005
f 929//1007 916//1011 917//983
f 919//1008 920//1000 926//1002
f 928//1006 922//1005 915//1009
f 930//1010 915//1009 916//1011
f 882//966 930//1010 929//1007
f 896//980 928//1006 930//1010
f 927//1004 926//1002 892//975
f 884//964 929//1007 924//985
f 894//981 925//1001 928//1006
f 923//984 927//1004 890//973
f 926//1002 925//1001 894//981
f 924//985 923//984 888//969
f 933//1012 934//1016 932//1013
f 935//1015 936//1018 934//1016
f 935//1015 937//1019 938//1017
f 937//1019 939//1021 940//1020
f 939//1021 941//1023 942//1022
f 941//1023 943//1029 944//1024
f 957//1025 949//1047 947//1026
f 945//1028 946//1030 944//1024
f 931//1014 932//1013 946//1030
f 966//1031 967//1051 972//1032
f 951//1034 952//1037 953//1035
f 952//1037 951//1034 958//1038
f 961//1040 948//1046 954//1041
f 947//1026 948//1046 961//1040
f 950//1043 949//1047 957//1025
f 963//1045 953//1035 952//1037
f 958//1038 951//1034 950//1043
f 954//1041 953//1035 963//1045
f 948//1046 955//1036 953//1035
f 949//1047 950//1043 951//1034
f 949//1047 955//1036 948//1046
f 946//1030 960//1042 963//1045
f 940//1020 958//1038 962//1044
f 963//1045 959//1039 942//1022
f 962//1044 957//1025 936//1018
f 956//1027 961//1040 932//1013
f 932//1013 961//1040 960//1042
f 959//1039 958//1038 940//1020
f 936//1018 957//1025 956//1027
f 969//1048 970//1309 974//1049
f 967//1051 968//1056 976//1052
f 974//1049 970//1309 971//1053
f 978//1055 965//1059 966//1031
f 968//1056 969//1048 975//1050
f 977//1054 971//1053 964//1057
f 979//1058 964//1057 965//1059
f 931//1014 979//1058 978//1055
f 945//1028 977//1054 979//1058
f 976//1052 975//1050 941//1023
f 933//1012 978//1055 973//1033
f 943//1029 974//1049 977//1054
f 972//1032 976//1052 939//1021
f 975//1050 974//1049 943//1029
f 973//1033 972//1032 937//1019
f 982//1060 983//1064 981//1061
f 982//1060 984//1066 985//1063
f 986//1065 987//1068 985//1063
f 986//1065 988//1069 989//1067
f 988//1069 990//1071 991//1070
f 990//1071 992//1077 993//1072
f 1006//1073 998//1095 996//1074
f 994//1076 995//1078 993//1072
f 980//1062 981//1061 995//1078
f 1015//1079 1016//1099 1021//1080
f 1000//1082 1001//1085 1002//1083
f 1001//1085 1000//1082 1007//1086
f 1010//1088 997//1094 1003//1089
f 996//1074 997//1094 1010//1088
f 999//1091 998//1095 1006//1073
f 1012//1093 1002//1083 1001//1085
f 1007//1086 1000//1082 999//1091
f 1003//1089 1002//1083 1012//1093
f 997//1094 1004//1084 1002//1083
f 998//1095 999//1091 1000//1082
f 998//1095 1004//1084 997//1094
f 995//1078 1009//1090 1012//1093
f 1007//1086 1011//1092 987//1068
f 1012//1093 1008//1087 991//1070
f 1011//1092 1006//1073 985//1063
f 983//1064 1005//1075 1010//1088
f 981//1061 1010//1088 1009//1090
f 1008//1087 1007//1086 989//1067
f 985//1063 1006//1073 1005//1075
f 1018//1096 1019//1310 1023//1097
f 1016//1099 1017//1104 1025//1100
f 1023//1097 1019//1310 1020//1101
f 1027//1103 1014//1107 1015//1079
f 1017//1104 1018//1096 1024//1098
f 1026//1102 1020//1101 1013//1105
f 1028//1106 1013//1105 1014//1107
f 980//1062 1028//1106 1027//1103
f 994//1076 1026//1102 1028//1106
f 1025//1100 1024//1098 990//1071
f 982//1060 1027//1103 1022//1081
f 992//1077 1023//1097 1026//1102
f 1021//1080 1025//1100 988//1069
f 1024//1098 1023//1097 992//1077
f 1022//1081 1021//1080 986//1065
f 1031//1108 1032//1112 1030//1109
f 1033//1111 1034//1114 1032//1112
f 1033//1111 1035//1115 1036//1113
f 1035//1115 1037//1117 1038//1116
f 1037//1117 1039//1119 1040//1118
f 1039//1119 1041//1125 1042//1120
f 1055//1121 1047//1143 1045//1122
f 1043//1124 1044//1126 1042//1120
f 1029//1110 1030//1109 1044//1126
f 1064//1127 1065//1147 1070//1128
f 1049//1130 1050//1133 1051//1131
f 1050//1133 1049//1130 1056//1134
f 1059//1136 1046//1142 1052//1137
f 1045//1122 1046//1142 1059//1136
f 1048//1139 1047//1143 1055//1121
f 1061//1141 1051//1131 1050//1133
f 1056//1134 1049//1130 1048//1139
f 1052//1137 1051//1131 1061//1141
f 1046//1142 1053//1132 1051//1131
f 1047//1143 1048//1139 1049//1130
f 1047//1143 1053//1132 1046//1142
f 1044//1126 1058//1138 1061//1141
f 1038//1116 1056//1134 1060//1140
f 1061//1141 1057//1135 1040//1118
f 1060//1140 1055//1121 1034//1114
f 1054//1123 1059//1136 1030//1109
f 1030//1109 1059//1136 1058//1138
f 1057//1135 1056//1134 1038//1116
f 1034//1114 1055//1121 1054//1123
f 1067//1144 1068//1311 1072//1145
f 1065//1147 1066//1152 1074//1148
f 1072//1145 1068//1311 1069//1149
f 1076//1151 1063//1155 1064//1127
f 1066//1152 1067//1144 1073//1146
f 1075//1150 1069//1149 1062//1153
f 1077//1154 1062//1153 1063//1155
f 1029//1110 1077//1154 1076//1151
f 1043//1124 1075//1150 1077//1154
f 1074//1148 1073//1146 1039//1119
f 1031//1108 1076//1151 1071//1129
f 1041//1125 1072//1145 1075//1150
f 1070//1128 1074//1148 1037//1117
f 1073//1146 1072//1145 1041//1125
f 1071//1129 1070//1128 1035//1115
f 1078//1156 1080//1159 1081//1157
f 1080//1159 1082//1161 1083//192
f 1084//1160 1085//1163 1083//192
f 1086//1162 1087//1165 1085//1163
f 1086//1162 1088//1166 1089//1164
f 1088//1166 1090//1172 1091//1167
f 1104//1168 1096//1190 1094//1169
f 1092//1171 1093//1173 1091//1167
f 1078//1156 1079//1158 1093//1173
f 1113//1174 1114//1194 1119//1175
f 1098//1177 1099//1180 1100//1178
f 1099//1180 1098//1177 1105//1181
f 1108//1183 1095//1189 1101//1184
f 1094//1169 1095//1189 1108//1183
f 1097//1186 1096//1190 1104//1168
f 1110//1188 1100//1178 1099//1180
f 1105//1181 1098//1177 1097//1186
f 1101//1184 1100//1178 1110//1188
f 1095//1189 1102//1179 1100//1178
f 1096//1190 1097//1186 1098//1177
f 1096//1190 1102//1179 1095//1189
f 1107//1185 1110//1188 1091//1167
f 1087//1165 1105//1181 1109//1187
f 1091//1167 1110//1188 1106//1182
f 1085//1163 1109//1187 1104//1168
f 1103//1170 1108//1183 1079//1158
f 1079//1158 1108//1183 1107//1185
f 1106//1182 1105//1181 1087//1165
f 1104//1168 1103//1170 1081//1157
f 1116//1191 1117//1312 1121//1192
f 1114//1194 1115//1199 1123//1195
f 1121//1192 1117//1312 1118//1196
f 1125//1198 1112//1202 1113//1174
f 1115//1199 1116//1191 1122//1193
f 1124//1197 1118//1196 1111//1200
f 1126//1201 1111//1200 1112//1202
f 1078//1156 1126//1201 1125//1198
f 1092//1171 1124//1197 1126//1201
f 1123//1195 1122//1193 1088//1166
f 1080//1159 1125//1198 1120//1176
f 1090//1172 1121//1192 1124//1197
f 1119//1175 1123//1195 1086//1162
f 1122//1193 1121//1192 1090//1172
f 1120//1176 1119//1175 1084//1160
f 1127//1203 1129//1206 1130//1204
f 1129//1206 1131//1209 1132//1207
f 1133//1208 1134//1211 1132//1207
f 1135//1210 1136//1213 1134//1211
f 1135//1210 1137//1214 1138//1212
f 1137//1214 1139//1220 1140//1215
f 1153//1216 1145//1238 1143//1217
f 1141//1219 1142//1221 1140//1215
f 1127//1203 1128//1205 1142//1221
f 1169//1222 1162//1313 1163//1223
f 1147//1225 1148//1228 1149//1226
f 1148//1228 1147//1225 1154//1229
f 1157//1231 1144//1237 1150//1232
f 1143//1217 1144//1237 1157//1231
f 1146//1234 1145//1238 1153//1216
f 1159//1236 1149//1226 1148//1228
f 1154//1229 1147//1225 1146//1234
f 1150//1232 1149//1226 1159//1236
f 1144//1237 1151//1227 1149//1226
f 1145//1238 1146//1234 1147//1225
f 1145//1238 1151//1227 1144//1237
f 1142//1221 1156//1233 1159//1236
f 1136//1213 1154//1229 1158//1235
f 1159//1236 1155//1230 1138//1212
f 1134//1211 1158//1235 1153//1216
f 1152//1218 1157//1231 1128//1205
f 1128//1205 1157//1231 1156//1233
f 1155//1230 1154//1229 1136//1213
f 1153//1216 1152//1218 1130//1204
f 1165//1239 1166//1314 1170//1240
f 1163//1223 1164//1247 1172//1242
f 1170//1240 1166//1314 1167//1243
f 1161//1245 1162//1313 1169//1222
f 1164//1247 1165//1239 1171//1241
f 1173//1244 1167//1243 1160//1248
f 1175//1249 1160//1248 1161//1245
f 1127//1203 1175//1249 1174//1246
f 1141//1219 1173//1244 1175//1249
f 1172//1242 1171//1241 1137//1214
f 1129//1206 1174//1246 1169//1222
f 1139//1220 1170//1240 1173//1244
f 1168//1224 1172//1242 1135//1210
f 1171//1241 1170//1240 1139//1220
f 1169//1222 1168//1224 1133//1208
f 1176//1250 1178//1253 1179//1251
f 1178//1253 1180//1256 1181//1254
f 1182//1255 1183//1258 1181//1254
f 1184//1257 1185//1260 1183//1258
f 1184//1257 1186//1261 1187//1259
f 1186//1261 1188//1267 1189//1262
f 1202//1263 1194//1285 1192//1264
f 1190//1266 1191//1268 1189//1262
f 1176//1250 1177//1252 1191//1268
f 1218//1269 1211//8 1212//1270
f 1196//1272 1197//1275 1198//1273
f 1197//1275 1196//1272 1203//1276
f 1206//1278 1193//1284 1199//1279
f 1192//1264 1193//1284 1206//1278
f 1195//1281 1194//1285 1202//1263
f 1208//1283 1198//1273 1197//1275
f 1203//1276 1196//1272 1195//1281
f 1199//1279 1198//1273 1208//1283
f 1193//1284 1200//1274 1198//1273
f 1194//1285 1195//1281 1196//1272
f 1194//1285 1200//1274 1193//1284
f 1191//1268 1205//1280 1208//1283
f 1185//1260 1203//1276 1207//1282
f 1208//1283 1204//1277 1187//1259
f 1183//1258 1207//1282 1202//1263
f 1201//1265 1206//1278 1177//1252
f 1177//1252 1206//1278 1205//1280
f 1204//1277 1203//1276 1185//1260
f 1202//1263 1201//1265 1179//1251
f 1214//1286 1215//1315 1219//1287
f 1212//1270 1213//1294 1221//1289
f 1219//1287 1215//1315 1216//1290
f 1210//1292 1211//8 1218//1269
f 1213//1294 1214//1286 1220//1288
f 1222//1291 1216//1290 1209//1295
f 1224//1296 1209//1295 1210//1292
f 1176//1250 1224//1296 1223//1293
f 1190//1266 1222//1291 1224//1296
f 1221//1289 1220//1288 1186//1261
f 1178//1253 1223//1293 1218//1269
f 1188//1267 1219//1287 1222//1291
f 1217//1271 1221//1289 1184//1257
f 1220//1288 1219//1287 1188//1267
f 1218//1269 1217//1271 1182//1255
