# Blender 4.5.2 LTS
# www.blender.org
o greek_vase_01
v 0.012753 0.064951 0.064114
v 0.025523 0.245090 0.128312
v 0.025016 0.064951 0.060394
v 0.050065 0.245090 0.120867
v 0.036318 0.064951 0.054353
v 0.072683 0.245090 0.108778
v 0.046224 0.064951 0.046224
v 0.092508 0.245090 0.092508
v 0.054353 0.064951 0.036318
v 0.108778 0.245090 0.072683
v 0.060394 0.064951 0.025016
v 0.120867 0.245090 0.050065
v 0.064114 0.064951 0.012753
v 0.128105 0.255430 0.014069
v 0.065370 0.064951 -0.000000
v 0.129456 0.255432 -0.000000
v 0.012753 0.064951 -0.064114
v 0.025523 0.245090 -0.128312
v 0.025016 0.064951 -0.060394
v 0.050065 0.245090 -0.120867
v 0.036318 0.064951 -0.054353
v 0.072683 0.245090 -0.108778
v 0.000000 0.064951 0.065370
v 0.000000 0.245090 0.130826
v -0.012753 0.064951 0.064114
v -0.025523 0.245090 0.128312
v -0.025016 0.064951 0.060394
v -0.050065 0.245090 0.120867
v -0.036318 0.064951 0.054353
v -0.072683 0.245090 0.108778
v -0.046224 0.064951 0.046224
v -0.092508 0.245090 0.092508
v -0.054353 0.064951 0.036318
v -0.108778 0.245090 0.072683
v -0.060394 0.064951 0.025016
v -0.120867 0.245090 0.050065
v -0.064114 0.064951 0.012753
v -0.128105 0.255430 0.014069
v -0.065370 0.064951 -0.000000
v -0.129456 0.255432 -0.000000
v 0.000000 0.064951 -0.065370
v 0.000000 0.245090 -0.130826
v -0.012753 0.064951 -0.064114
v -0.025523 0.245090 -0.128312
v -0.025016 0.064951 -0.060394
v -0.050065 0.245090 -0.120867
v -0.036318 0.064951 -0.054353
v -0.072683 0.245090 -0.108778
v -0.046224 0.064951 -0.046224
v -0.092508 0.245090 -0.092508
v -0.054353 0.064951 -0.036318
v -0.108778 0.245090 -0.072683
v 0.046224 0.064951 -0.046224
v 0.092508 0.245090 -0.092508
v 0.054353 0.064951 -0.036318
v 0.108778 0.245090 -0.072683
v 0.060394 0.064951 -0.025016
v 0.120867 0.245090 -0.050065
v 0.064114 0.064951 -0.012753
v 0.128105 0.255430 -0.014069
v 0.024753 0.188311 0.124441
v 0.020618 0.126631 0.103656
v 0.048554 0.188311 0.117221
v 0.040445 0.126631 0.097642
v 0.070490 0.188311 0.105496
v 0.058716 0.126631 0.087875
v 0.089717 0.188311 0.089717
v 0.074732 0.126631 0.074732
v 0.105496 0.188311 0.070490
v 0.087875 0.126631 0.058716
v 0.117221 0.188311 0.048554
v 0.097642 0.126631 0.040445
v 0.000000 0.188311 0.126879
v 0.000000 0.126631 0.105687
v -0.060394 0.064951 -0.025016
v -0.120867 0.245090 -0.050065
v -0.064114 0.064951 -0.012753
v -0.128105 0.255430 -0.014069
v -0.024753 0.188311 0.124441
v -0.020618 0.126631 0.103656
v -0.048554 0.188311 0.117221
v -0.040445 0.126631 0.097642
v -0.070490 0.188311 0.105496
v -0.058716 0.126631 0.087875
v -0.089717 0.188311 0.089717
v -0.074732 0.126631 0.074732
v -0.105496 0.188311 0.070490
v -0.087875 0.126631 0.058716
v -0.117221 0.188311 0.048554
v -0.097642 0.126631 0.040445
v 0.124441 0.188311 0.024753
v 0.103656 0.126631 0.020618
v 0.126879 0.188311 -0.000000
v 0.105687 0.126631 -0.000000
v 0.000000 0.188311 -0.126879
v 0.000000 0.126631 -0.105687
v -0.124441 0.188311 0.024753
v -0.103656 0.126631 0.020618
v -0.126879 0.188311 -0.000000
v -0.105687 0.126631 -0.000000
v -0.024753 0.188311 -0.124441
v -0.020618 0.126631 -0.103656
v -0.048554 0.188311 -0.117221
v -0.040445 0.126631 -0.097642
v -0.070490 0.188311 -0.105496
v -0.058716 0.126631 -0.087875
v 0.024753 0.188311 -0.124441
v 0.020618 0.126631 -0.103656
v 0.048554 0.188311 -0.117221
v 0.040445 0.126631 -0.097642
v 0.070490 0.188311 -0.105496
v 0.058716 0.126631 -0.087875
v 0.000000 0.281336 0.117052
v -0.089717 0.188311 -0.089717
v -0.074732 0.126631 -0.074732
v -0.105496 0.188311 -0.070490
v -0.087875 0.126631 -0.058716
v -0.117221 0.188311 -0.048554
v 0.089717 0.188311 -0.089717
v 0.074732 0.126631 -0.074732
v 0.105496 0.188311 -0.070490
v 0.087875 0.126631 -0.058716
v 0.117221 0.188311 -0.048554
v 0.097642 0.126631 -0.040445
v 0.000000 0.281336 -0.117052
v -0.097642 0.126631 -0.040445
v -0.124441 0.188311 -0.024753
v -0.103656 0.126631 -0.020618
v -0.022836 0.281336 0.114803
v -0.044794 0.281336 0.108142
v 0.124441 0.188311 -0.024753
v 0.103656 0.126631 -0.020618
v 0.022836 0.281336 0.114803
v 0.044794 0.281336 0.108142
v 0.065031 0.281336 0.097325
v 0.000000 0.312839 0.063782
v -0.065031 0.281336 0.097325
v -0.082768 0.281336 0.082768
v -0.097325 0.281336 0.065031
v -0.108142 0.281336 0.044794
v -0.022836 0.281336 -0.114803
v -0.044794 0.281336 -0.108142
v -0.065031 0.281336 -0.097325
v 0.082768 0.281336 0.082768
v 0.097325 0.281336 0.065031
v 0.108142 0.281336 0.044794
v 0.022836 0.281336 -0.114803
v 0.044794 0.281336 -0.108142
v 0.065031 0.281336 -0.097325
v 0.000000 0.312839 -0.063782
v -0.082768 0.281336 -0.082768
v -0.097325 0.281336 -0.065031
v -0.108142 0.281336 -0.044794
v -0.012443 0.312839 0.062557
v -0.024408 0.312839 0.058927
v 0.082768 0.281336 -0.082768
v 0.097325 0.281336 -0.065031
v 0.108142 0.281336 -0.044794
v 0.012443 0.312839 0.062557
v 0.024408 0.312839 0.058927
v 0.035436 0.312839 0.053033
v 0.000000 0.345804 0.053445
v -0.035436 0.312839 0.053033
v -0.045101 0.312839 0.045101
v -0.053033 0.312839 0.035436
v -0.058927 0.312839 0.024408
v -0.062557 0.312839 0.012443
v -0.063782 0.312839 -0.000000
v 0.045101 0.312839 0.045101
v 0.053033 0.312839 0.035436
v 0.058927 0.312839 0.024408
v 0.062557 0.312839 0.012443
v 0.063782 0.312839 -0.000000
v 0.000000 0.345804 -0.053445
v -0.012443 0.312839 -0.062557
v -0.024408 0.312839 -0.058927
v -0.035436 0.312839 -0.053033
v -0.045101 0.312839 -0.045101
v 0.012443 0.312839 -0.062557
v 0.024408 0.312839 -0.058927
v 0.035436 0.312839 -0.053033
v 0.045101 0.312839 -0.045101
v 0.053033 0.312839 -0.035436
v 0.058927 0.312839 -0.024408
v 0.000000 0.378830 0.062191
v -0.053033 0.312839 -0.035436
v -0.058927 0.312839 -0.024408
v -0.010427 0.345804 0.052418
v -0.020453 0.345804 0.049377
v -0.029693 0.345804 0.044438
v -0.037791 0.345804 0.037791
v -0.044438 0.345804 0.029693
v -0.049377 0.345804 0.020453
v -0.052418 0.345804 0.010427
v 0.010427 0.345804 0.052418
v 0.020453 0.345804 0.049377
v 0.029693 0.345804 0.044438
v 0.037791 0.345804 0.037791
v 0.044438 0.345804 0.029693
v 0.049377 0.345804 0.020453
v 0.000000 0.378830 -0.062191
v -0.062557 0.312839 -0.012443
v -0.010427 0.345804 -0.052418
v -0.020453 0.345804 -0.049377
v 0.052418 0.345804 0.010427
v 0.062557 0.312839 -0.012443
v 0.010427 0.345804 -0.052418
v 0.020453 0.345804 -0.049377
v 0.029693 0.345804 -0.044438
v 0.037791 0.345804 -0.037791
v 0.000000 0.400361 0.078999
v -0.029693 0.345804 -0.044438
v -0.037791 0.345804 -0.037791
v -0.012133 0.378830 0.060996
v -0.023799 0.378830 0.057457
v -0.034551 0.378830 0.051710
v -0.043976 0.378830 0.043976
v -0.051710 0.378830 0.034551
v -0.057457 0.378830 0.023799
v -0.060996 0.378830 0.012133
v -0.062191 0.378830 -0.000000
v -0.044438 0.345804 -0.029693
v 0.012133 0.378830 0.060996
v 0.023799 0.378830 0.057457
v 0.034551 0.378830 0.051710
v 0.043976 0.378830 0.043976
v 0.051710 0.378830 0.034551
v 0.057457 0.378830 0.023799
v 0.060996 0.378830 0.012133
v 0.062191 0.378830 -0.000000
v 0.044438 0.345804 -0.029693
v 0.049377 0.345804 -0.020453
v 0.052418 0.345804 -0.010427
v 0.000000 0.400361 -0.078999
v -0.049377 0.345804 -0.020453
v -0.052418 0.345804 -0.010427
v -0.012133 0.378830 -0.060996
v -0.023799 0.378830 -0.057457
v 0.000000 0.390856 0.076272
v 0.000000 0.383679 0.070450
v 0.012133 0.378830 -0.060996
v 0.023799 0.378830 -0.057457
v 0.034551 0.378830 -0.051710
v -0.034551 0.378830 -0.051710
v -0.015412 0.400361 0.077481
v 0.015412 0.400361 0.077481
v 0.030231 0.400361 0.072985
v -0.030231 0.400361 0.072985
v 0.000000 0.390856 -0.076272
v -0.043889 0.400361 0.065685
v 0.000000 0.383679 -0.070450
v -0.055860 0.400361 0.055860
v -0.065685 0.400361 0.043889
v -0.072985 0.400361 0.030231
v -0.077481 0.400361 0.015412
v -0.078999 0.400361 -0.000000
v -0.043976 0.378830 -0.043976
v -0.051710 0.378830 -0.034551
v 0.043889 0.400361 0.065685
v 0.055860 0.400361 0.055860
v -0.057457 0.378830 -0.023799
v -0.060996 0.378830 -0.012133
v 0.065685 0.400361 0.043889
v 0.072985 0.400361 0.030231
v -0.015412 0.400361 -0.077481
v -0.030231 0.400361 -0.072985
v 0.077481 0.400361 0.015412
v -0.043889 0.400361 -0.065685
v 0.078999 0.400361 -0.000000
v -0.055860 0.400361 -0.055860
v -0.065685 0.400361 -0.043889
v 0.043976 0.378830 -0.043976
v 0.051710 0.378830 -0.034551
v -0.072985 0.400361 -0.030231
v -0.077481 0.400361 -0.015412
v 0.057457 0.378830 -0.023799
v -0.014880 0.390856 0.074807
v 0.060996 0.378830 -0.012133
v -0.013744 0.383679 0.069096
v -0.029188 0.390856 0.070466
v 0.015412 0.400361 -0.077481
v -0.026960 0.383679 0.065087
v -0.042375 0.390856 0.063418
v 0.030231 0.400361 -0.072985
v -0.039140 0.383679 0.058577
v 0.000000 0.361278 0.055536
v -0.014880 0.390856 -0.074807
v 0.043889 0.400361 -0.065685
v -0.053933 0.390856 0.053933
v 0.055860 0.400361 -0.055860
v -0.049816 0.383679 0.049816
v -0.013744 0.383679 -0.069096
v -0.029188 0.390856 -0.070466
v 0.065685 0.400361 -0.043889
v -0.063418 0.390856 0.042375
v 0.072985 0.400361 -0.030231
v 0.077481 0.400361 -0.015412
v -0.058577 0.383679 0.039140
v -0.070466 0.390856 0.029188
v -0.065087 0.383679 0.026960
v -0.074807 0.390856 0.014880
v -0.069096 0.383679 0.013744
v 0.014880 0.390856 0.074807
v 0.013744 0.383679 0.069096
v 0.029188 0.390856 0.070466
v 0.026960 0.383679 0.065087
v 0.042375 0.390856 0.063418
v 0.039140 0.383679 0.058577
v 0.014880 0.390856 -0.074807
v -0.076272 0.390856 -0.000000
v 0.053933 0.390856 0.053933
v 0.049816 0.383679 0.049816
v 0.000000 0.331927 0.054296
v 0.013744 0.383679 -0.069096
v 0.029188 0.390856 -0.070466
v -0.070450 0.383679 -0.000000
v 0.063418 0.390856 0.042375
v 0.000000 0.361278 -0.055536
v -0.026960 0.383679 -0.065087
v -0.042375 0.390856 -0.063418
v -0.055806 0.362955 -0.000000
v -0.054469 0.361278 0.010834
v -0.039140 0.383679 -0.058577
v -0.053933 0.390856 -0.053933
v -0.049816 0.383679 -0.049816
v -0.063418 0.390856 -0.042375
v -0.058577 0.383679 -0.039140
v -0.070466 0.390856 -0.029188
v -0.065087 0.383679 -0.026960
v -0.010834 0.361278 0.054469
v 0.058577 0.383679 0.039140
v -0.074807 0.390856 -0.014880
v 0.070466 0.390856 0.029188
v 0.065087 0.383679 0.026960
v -0.021253 0.361278 0.051308
v 0.074807 0.390856 0.014880
v 0.069096 0.383679 0.013744
v -0.069096 0.383679 -0.013744
v 0.076272 0.390856 -0.000000
v 0.070450 0.383679 -0.000000
v 0.026960 0.383679 -0.065087
v -0.030854 0.361278 0.046176
v 0.042375 0.390856 -0.063418
v 0.055806 0.362955 -0.000000
v 0.000000 0.299106 0.094331
v 0.054469 0.361278 0.010834
v 0.039140 0.383679 -0.058577
v -0.039270 0.361278 0.039270
v -0.046176 0.361278 0.030854
v 0.053933 0.390856 -0.053933
v 0.049816 0.383679 -0.049816
v 0.063418 0.390856 -0.042375
v 0.000000 0.331927 -0.054296
v 0.058577 0.383679 -0.039140
v 0.070466 0.390856 -0.029188
v -0.051308 0.361278 0.021253
v -0.045145 0.331927 0.030165
v -0.038393 0.331927 0.038393
v -0.050163 0.331927 0.020778
v -0.053253 0.331927 0.010593
v -0.054469 0.361278 -0.010834
v -0.010593 0.331927 0.053253
v 0.065087 0.383679 -0.026960
v 0.010834 0.361278 0.054469
v -0.020778 0.331927 0.050163
v -0.010834 0.361278 -0.054469
v -0.030165 0.331927 0.045145
v 0.000000 0.264912 0.126425
v 0.074807 0.390856 -0.014880
v -0.021253 0.361278 -0.051308
v -0.030854 0.361278 -0.046176
v 0.021253 0.361278 0.051308
v 0.069096 0.383679 -0.013744
v 0.030854 0.361278 0.046176
v 0.039270 0.361278 0.039270
v 0.046176 0.361278 0.030854
v 0.051308 0.361278 0.021253
v 0.045145 0.331927 0.030165
v 0.038393 0.331927 0.038393
v 0.050163 0.331927 0.020778
v 0.053253 0.331927 0.010593
v 0.054469 0.361278 -0.010834
v 0.010593 0.331927 0.053253
v 0.000000 0.219152 0.131185
v -0.039270 0.361278 -0.039270
v -0.046176 0.361278 -0.030854
v -0.036099 0.299106 0.087151
v -0.018403 0.299106 0.092519
v -0.051308 0.361278 -0.021253
v -0.052408 0.299106 0.078433
v 0.000000 0.299106 -0.094331
v -0.045145 0.331927 -0.030165
v -0.066702 0.299106 0.066702
v 0.020778 0.331927 0.050163
v 0.010834 0.361278 -0.054469
v -0.038393 0.331927 -0.038393
v -0.078433 0.299106 0.052408
v 0.030165 0.331927 0.045145
v -0.087151 0.299106 0.036099
v 0.021253 0.361278 -0.051308
v 0.030854 0.361278 -0.046176
v -0.094331 0.299106 -0.000000
v 0.000000 0.264912 -0.126425
v 0.039270 0.361278 -0.039270
v 0.046176 0.361278 -0.030854
v 0.036099 0.299106 0.087151
v 0.018403 0.299106 0.092519
v 0.051308 0.361278 -0.021253
v 0.052408 0.299106 0.078433
v 0.000000 0.157471 0.118793
v -0.050163 0.331927 -0.020778
v -0.053253 0.331927 -0.010593
v -0.048381 0.264912 0.116801
v -0.024664 0.264912 0.123995
v -0.127240 0.266022 0.013614
v -0.116801 0.264912 0.048381
v 0.045145 0.331927 -0.030165
v -0.010593 0.331927 -0.053253
v 0.066702 0.299106 0.066702
v 0.038393 0.331927 -0.038393
v 0.078433 0.299106 0.052408
v 0.087151 0.299106 0.036099
v 0.094331 0.299106 -0.000000
v 0.050163 0.331927 -0.020778
v 0.000000 0.219152 -0.131185
v -0.020778 0.331927 -0.050163
v -0.030165 0.331927 -0.045145
v -0.070238 0.264912 0.105118
v 0.053253 0.331927 -0.010593
v 0.048381 0.264912 0.116801
v 0.024664 0.264912 0.123995
v 0.127240 0.266022 0.013614
v 0.000000 0.095791 0.087570
v -0.036099 0.299106 -0.087151
v -0.018403 0.299106 -0.092519
v -0.052408 0.299106 -0.078433
v -0.089396 0.264912 0.089396
v -0.066702 0.299106 -0.066702
v -0.078433 0.299106 -0.052408
v -0.105118 0.264912 0.070238
v -0.087151 0.299106 -0.036099
v -0.025593 0.219152 0.128665
v -0.050203 0.219152 0.121200
v 0.116801 0.264912 0.048381
v 0.010593 0.331927 -0.053253
v 0.020778 0.331927 -0.050163
v 0.030165 0.331927 -0.045145
v 0.070238 0.264912 0.105118
v 0.036099 0.299106 -0.087151
v 0.018403 0.299106 -0.092519
v 0.000000 0.157471 -0.118793
v -0.072883 0.219152 0.109077
v -0.092762 0.219152 0.092762
v 0.052408 0.299106 -0.078433
v 0.089396 0.264912 0.089396
v 0.066702 0.299106 -0.066702
v 0.078433 0.299106 -0.052408
v 0.105118 0.264912 0.070238
v 0.000000 0.046202 0.047582
v -0.109077 0.219152 0.072883
v -0.121200 0.219152 0.050203
v -0.128665 0.219152 0.025593
v -0.131185 0.219152 -0.000000
v -0.048381 0.264912 -0.116801
v -0.024664 0.264912 -0.123995
v -0.127240 0.266022 -0.013614
v -0.116801 0.264912 -0.048381
v -0.070238 0.264912 -0.105118
v -0.089396 0.264912 -0.089396
v -0.023175 0.157471 0.116510
v 0.087151 0.299106 -0.036099
v 0.025593 0.219152 0.128665
v 0.050203 0.219152 0.121200
v 0.072883 0.219152 0.109077
v 0.092762 0.219152 0.092762
v -0.045460 0.157471 0.109750
v -0.065998 0.157471 0.098773
v -0.083999 0.157471 0.083999
v -0.098773 0.157471 0.065998
v -0.109750 0.157471 0.045460
v -0.116510 0.157471 0.023175
v -0.118793 0.157471 -0.000000
v 0.000000 0.040667 0.046080
v 0.109077 0.219152 0.072883
v 0.121200 0.219152 0.050203
v 0.128665 0.219152 0.025593
v 0.131185 0.219152 -0.000000
v 0.048381 0.264912 -0.116801
v 0.024664 0.264912 -0.123995
v 0.000000 0.095791 -0.087570
v -0.105118 0.264912 -0.070238
v -0.025593 0.219152 -0.128665
v -0.050203 0.219152 -0.121200
v -0.072883 0.219152 -0.109077
v -0.017084 0.095791 0.085887
v 0.127240 0.266022 -0.013614
v 0.116801 0.264912 -0.048381
v 0.070238 0.264912 -0.105118
v 0.089396 0.264912 -0.089396
v 0.023175 0.157471 0.116510
v 0.045460 0.157471 0.109750
v 0.065998 0.157471 0.098773
v 0.083999 0.157471 0.083999
v 0.098773 0.157471 0.065998
v 0.109750 0.157471 0.045460
v 0.116510 0.157471 0.023175
v 0.118793 0.157471 -0.000000
v 0.000000 0.020832 0.067335
v -0.033512 0.095791 0.080904
v -0.048651 0.095791 0.072812
v -0.061921 0.095791 0.061921
v -0.072812 0.095791 0.048651
v -0.080904 0.095791 0.033512
v -0.085887 0.095791 0.017084
v -0.087570 0.095791 -0.000000
v -0.092762 0.219152 -0.092762
v 0.105118 0.264912 -0.070238
v 0.000000 0.046202 -0.047582
v -0.109077 0.219152 -0.072883
v -0.121200 0.219152 -0.050203
v -0.128665 0.219152 -0.025593
v -0.023175 0.157471 -0.116510
v -0.045460 0.157471 -0.109750
v -0.009283 0.046202 0.046668
v -0.018209 0.046202 0.043960
v -0.026435 0.046202 0.039563
v -0.033646 0.046202 0.033646
v -0.039563 0.046202 0.026435
v -0.043960 0.046202 0.018209
v -0.046668 0.046202 0.009283
v -0.047582 0.046202 -0.000000
v -0.065998 0.157471 -0.098773
v 0.000000 0.040667 -0.046080
v 0.025593 0.219152 -0.128665
v 0.050203 0.219152 -0.121200
v 0.072883 0.219152 -0.109077
v 0.017084 0.095791 0.085887
v 0.033512 0.095791 0.080904
v 0.048651 0.095791 0.072812
v 0.061921 0.095791 0.061921
v 0.072812 0.095791 0.048651
v 0.080904 0.095791 0.033512
v 0.085887 0.095791 0.017084
v 0.087570 0.095791 -0.000000
v 0.092762 0.219152 -0.092762
v 0.109077 0.219152 -0.072883
v 0.121200 0.219152 -0.050203
v 0.128665 0.219152 -0.025593
v 0.023175 0.157471 -0.116510
v 0.045460 0.157471 -0.109750
v 0.009283 0.046202 0.046668
v 0.018209 0.046202 0.043960
v 0.026435 0.046202 0.039563
v 0.033646 0.046202 0.033646
v 0.039563 0.046202 0.026435
v 0.043960 0.046202 0.018209
v 0.046668 0.046202 0.009283
v 0.047582 0.046202 -0.000000
v 0.065998 0.157471 -0.098773
v 0.000000 0.032426 0.046378
v 0.000000 0.023154 0.052374
v 0.000000 0.026908 0.047263
v -0.083999 0.157471 -0.083999
v -0.098773 0.157471 -0.065998
v -0.109750 0.157471 -0.045460
v -0.116510 0.157471 -0.023175
v -0.046080 0.040667 -0.000000
v -0.045195 0.040667 0.008990
v -0.042573 0.040667 0.017634
v -0.038314 0.040667 0.025601
v -0.032584 0.040667 0.032584
v -0.025601 0.040667 0.038314
v -0.017634 0.040667 0.042573
v -0.008990 0.040667 0.045195
v -0.017084 0.095791 -0.085887
v -0.033512 0.095791 -0.080904
v -0.048651 0.095791 -0.072812
v -0.061921 0.095791 -0.061921
v -0.072812 0.095791 -0.048651
v -0.080904 0.095791 -0.033512
v -0.085887 0.095791 -0.017084
v 0.083999 0.157471 -0.083999
v 0.098773 0.157471 -0.065998
v 0.109750 0.157471 -0.045460
v 0.116510 0.157471 -0.023175
v 0.000000 0.020832 -0.067335
v -0.013136 0.020832 0.066041
v -0.025768 0.020832 0.062210
v -0.037409 0.020832 0.055987
v -0.047613 0.020832 0.047613
v -0.055987 0.020832 0.037409
v -0.062210 0.020832 0.025768
v -0.066041 0.020832 0.013136
v 0.046080 0.040667 -0.000000
v 0.045195 0.040667 0.008990
v 0.042573 0.040667 0.017634
v 0.038314 0.040667 0.025601
v 0.032584 0.040667 0.032584
v 0.025601 0.040667 0.038314
v 0.017634 0.040667 0.042573
v 0.008990 0.040667 0.045195
v 0.017084 0.095791 -0.085887
v 0.033512 0.095791 -0.080904
v 0.048651 0.095791 -0.072812
v 0.061921 0.095791 -0.061921
v 0.072812 0.095791 -0.048651
v 0.080904 0.095791 -0.033512
v 0.085887 0.095791 -0.017084
v 0.000000 0.039476 0.048391
v -0.067335 0.020832 -0.000000
v -0.009283 0.046202 -0.046668
v -0.018209 0.046202 -0.043960
v -0.026435 0.046202 -0.039563
v -0.033646 0.046202 -0.033646
v 0.013136 0.020832 0.066041
v 0.025768 0.020832 0.062210
v 0.037409 0.020832 0.055987
v 0.047613 0.020832 0.047613
v 0.055987 0.020832 0.037409
v 0.062210 0.020832 0.025768
v 0.066041 0.020832 0.013136
v 0.000000 0.032426 -0.046378
v 0.000000 0.023154 -0.052374
v 0.000000 0.026908 -0.047263
v -0.039563 0.046202 -0.026435
v -0.043960 0.046202 -0.018209
v -0.046668 0.046202 -0.009283
v -0.045195 0.040667 -0.008990
v 0.067335 0.020832 -0.000000
v 0.009283 0.046202 -0.046668
v 0.018209 0.046202 -0.043960
v 0.026435 0.046202 -0.039563
v 0.033646 0.046202 -0.033646
v 0.039563 0.046202 -0.026435
v 0.000000 0.036983 0.049187
v -0.042573 0.040667 -0.017634
v -0.038314 0.040667 -0.025601
v -0.032584 0.040667 -0.032584
v -0.025601 0.040667 -0.038314
v -0.017634 0.040667 -0.042573
v -0.008990 0.040667 -0.045195
v -0.009048 0.032426 0.045487
v -0.010218 0.023154 0.051368
v -0.009221 0.026908 0.046355
v -0.017748 0.032426 0.042848
v -0.020043 0.023154 0.048387
v -0.018087 0.026908 0.043665
v -0.025766 0.032426 0.038562
v -0.029098 0.023154 0.043548
v -0.026258 0.026908 0.039298
v -0.032794 0.032426 0.032794
v 0.043960 0.046202 -0.018209
v 0.046668 0.046202 -0.009283
v 0.045195 0.040667 -0.008990
v 0.042573 0.040667 -0.017634
v 0.038314 0.040667 -0.025601
v 0.032584 0.040667 -0.032584
v 0.025601 0.040667 -0.038314
v 0.000000 0.000000 0.065943
v -0.037034 0.023154 0.037034
v -0.033420 0.026908 0.033420
v -0.038562 0.032426 0.025766
v -0.043548 0.023154 0.029098
v -0.039298 0.026908 0.026258
v -0.042848 0.032426 0.017748
v -0.048387 0.023154 0.020043
v -0.043665 0.026908 0.018087
v -0.045487 0.032426 0.009048
v -0.051368 0.023154 0.010218
v 0.017634 0.040667 -0.042573
v 0.008990 0.040667 -0.045195
v 0.000000 0.039476 -0.048391
v -0.046355 0.026908 0.009221
v -0.046378 0.032426 -0.000000
v -0.052374 0.023154 -0.000000
v -0.047263 0.026908 -0.000000
v -0.013136 0.020832 -0.066041
v 0.009048 0.032426 0.045487
v 0.010218 0.023154 0.051368
v 0.009221 0.026908 0.046355
v -0.025768 0.020832 -0.062210
v -0.037409 0.020832 -0.055987
v 0.017748 0.032426 0.042848
v 0.020043 0.023154 0.048387
v 0.000000 0.016467 0.073069
v 0.000000 0.010192 0.074691
v 0.000000 0.003749 0.072692
v 0.018087 0.026908 0.043665
v 0.025766 0.032426 0.038562
v 0.029098 0.023154 0.043548
v 0.026258 0.026908 0.039298
v 0.032794 0.032426 0.032794
v 0.000000 0.036983 -0.049187
v -0.047613 0.020832 -0.047613
v -0.055987 0.020832 -0.037409
v -0.062210 0.020832 -0.025768
v -0.066041 0.020832 -0.013136
v -0.009441 0.039476 0.047461
v -0.018518 0.039476 0.044707
v -0.026885 0.039476 0.040235
v -0.034217 0.039476 0.034217
v -0.040235 0.039476 0.026885
v -0.044707 0.039476 0.018518
v -0.047461 0.039476 0.009441
v -0.048391 0.039476 -0.000000
v 0.037034 0.023154 0.037034
v 0.033420 0.026908 0.033420
v 0.038562 0.032426 0.025766
v -0.009048 0.032426 -0.045487
v -0.010218 0.023154 -0.051368
v 0.043548 0.023154 0.029098
v 0.039298 0.026908 0.026258
v 0.042848 0.032426 0.017748
v -0.009221 0.026908 -0.046355
v -0.017748 0.032426 -0.042848
v -0.020043 0.023154 -0.048387
v 0.048387 0.023154 0.020043
v 0.043665 0.026908 0.018087
v 0.045487 0.032426 0.009048
v -0.009596 0.036983 0.048242
v -0.018823 0.036983 0.045443
v 0.051368 0.023154 0.010218
v 0.046355 0.026908 0.009221
v 0.046378 0.032426 -0.000000
v -0.027327 0.036983 0.040898
v -0.034781 0.036983 0.034781
v -0.040898 0.036983 0.027327
v 0.052374 0.023154 -0.000000
v 0.047263 0.026908 -0.000000
v -0.045443 0.036983 0.018823
v -0.048242 0.036983 0.009596
v -0.049187 0.036983 -0.000000
v 0.013136 0.020832 -0.066041
v 0.025768 0.020832 -0.062210
v 0.037409 0.020832 -0.055987
v 0.000000 -0.000000 -0.065943
v -0.018087 0.026908 -0.043665
v 0.047613 0.020832 -0.047613
v 0.055987 0.020832 -0.037409
v 0.062210 0.020832 -0.025768
v -0.025766 0.032426 -0.038562
v -0.029098 0.023154 -0.043548
v -0.026258 0.026908 -0.039298
v 0.066041 0.020832 -0.013136
v -0.032794 0.032426 -0.032794
v -0.037034 0.023154 -0.037034
v -0.033420 0.026908 -0.033420
v 0.009441 0.039476 0.047461
v 0.018518 0.039476 0.044707
v 0.026885 0.039476 0.040235
v 0.034217 0.039476 0.034217
v 0.040235 0.039476 0.026885
v 0.044707 0.039476 0.018518
v 0.047461 0.039476 0.009441
v 0.048391 0.039476 -0.000000
v 0.000000 0.400361 0.056668
v -0.038562 0.032426 -0.025766
v -0.043548 0.023154 -0.029098
v -0.039298 0.026908 -0.026258
v -0.042848 0.032426 -0.017748
v -0.048387 0.023154 -0.020043
v -0.043665 0.026908 -0.018087
v -0.045487 0.032426 -0.009048
v 0.000000 0.016467 -0.073069
v 0.000000 0.010192 -0.074691
v 0.000000 0.003749 -0.072692
v -0.012865 0.000000 0.064675
v -0.025235 0.000000 0.060923
v -0.036636 0.000000 0.054829
v -0.046628 0.000000 0.046628
v -0.054829 0.000000 0.036636
v -0.060923 0.000000 0.025235
v -0.064675 0.000000 0.012865
v -0.065943 0.000000 0.000000
v -0.051368 0.023154 -0.010218
v 0.009048 0.032426 -0.045487
v 0.010218 0.023154 -0.051368
v 0.009221 0.026908 -0.046355
v 0.017748 0.032426 -0.042848
v 0.020043 0.023154 -0.048387
v 0.009596 0.036983 0.048242
v 0.000000 0.359719 0.035794
v -0.046355 0.026908 -0.009221
v -0.009441 0.039476 -0.047461
v -0.018518 0.039476 -0.044707
v -0.026885 0.039476 -0.040235
v -0.034217 0.039476 -0.034217
v -0.040235 0.039476 -0.026885
v -0.044707 0.039476 -0.018518
v -0.047461 0.039476 -0.009441
v -0.014255 0.016467 0.071665
v -0.014572 0.010192 0.073256
v -0.014181 0.003749 0.071295
v -0.009596 0.036983 -0.048242
v -0.018823 0.036983 -0.045443
v -0.027327 0.036983 -0.040898
v -0.034781 0.036983 -0.034781
v -0.040898 0.036983 -0.027327
v -0.045443 0.036983 -0.018823
v -0.027962 0.016467 0.067507
v -0.028583 0.010192 0.069006
v -0.027818 0.003749 0.067158
v -0.048242 0.036983 -0.009596
v -0.040595 0.016467 0.060754
v -0.041496 0.010192 0.062104
v -0.040385 0.003749 0.060441
v 0.018823 0.036983 0.045443
v 0.027327 0.036983 0.040898
v -0.051667 0.016467 0.051667
v -0.052815 0.010192 0.052815
v 0.034781 0.036983 0.034781
v -0.051401 0.003749 0.051401
v -0.060754 0.016467 0.040595
v -0.062104 0.010192 0.041496
v -0.060441 0.003749 0.040385
v -0.067507 0.016467 0.027962
v -0.069006 0.010192 0.028583
v -0.067158 0.003749 0.027818
v 0.040898 0.036983 0.027327
v 0.045443 0.036983 0.018823
v -0.071665 0.016467 0.014255
v -0.073256 0.010192 0.014572
v 0.048242 0.036983 0.009596
v -0.071295 0.003749 0.014181
v -0.073069 0.016467 -0.000000
v -0.074691 0.010192 -0.000000
v -0.072692 0.003749 -0.000000
v 0.049187 0.036983 -0.000000
v -0.012865 -0.000000 -0.064675
v 0.018087 0.026908 -0.043665
v 0.025766 0.032426 -0.038562
v -0.025235 -0.000000 -0.060923
v 0.029098 0.023154 -0.043548
v -0.036636 -0.000000 -0.054829
v -0.046628 -0.000000 -0.046628
v -0.054829 -0.000000 -0.036636
v -0.060923 -0.000000 -0.025235
v -0.064675 -0.000000 -0.012865
v -0.011055 0.400361 0.055579
v -0.021686 0.400361 0.052354
v -0.031483 0.400361 0.047117
v -0.040070 0.400361 0.040070
v -0.047117 0.400361 0.031483
v -0.052354 0.400361 0.021686
v -0.055579 0.400361 0.011055
v -0.056668 0.400361 -0.000000
v -0.014255 0.016467 -0.071665
v -0.014572 0.010192 -0.073256
v -0.014181 0.003749 -0.071295
v -0.027962 0.016467 -0.067507
v -0.028583 0.010192 -0.069006
v -0.027818 0.003749 -0.067158
v -0.040595 0.016467 -0.060754
v -0.041496 0.010192 -0.062104
v -0.040385 0.003749 -0.060441
v -0.051667 0.016467 -0.051667
v -0.006983 0.359719 0.035106
v -0.013698 0.359719 0.033069
v -0.019886 0.359719 0.029761
v 0.026258 0.026908 -0.039298
v 0.032794 0.032426 -0.032794
v 0.037034 0.023154 -0.037034
v 0.033420 0.026908 -0.033420
v 0.038562 0.032426 -0.025766
v 0.043548 0.023154 -0.029098
v 0.039298 0.026908 -0.026258
v -0.025310 0.359719 0.025310
v -0.029761 0.359719 0.019886
v 0.042848 0.032426 -0.017748
v 0.048387 0.023154 -0.020043
v 0.043665 0.026908 -0.018087
v 0.045487 0.032426 -0.009048
v 0.000000 0.400361 -0.056668
v -0.033069 0.359719 0.013698
v -0.035106 0.359719 0.006983
v -0.035794 0.359719 -0.000000
v -0.052815 0.010192 -0.052815
v -0.051401 0.003749 -0.051401
v -0.060754 0.016467 -0.040595
v -0.062104 0.010192 -0.041496
v 0.012865 0.000000 0.064675
v 0.025235 0.000000 0.060923
v 0.036636 0.000000 0.054829
v 0.046628 0.000000 0.046628
v 0.054829 0.000000 0.036636
v 0.000000 0.359719 -0.035794
v -0.060441 0.003749 -0.040385
v -0.130826 0.245090 -0.000000
v -0.128312 0.245090 0.025523
v -0.123995 0.264912 0.024664
v -0.067507 0.016467 -0.027962
v -0.092519 0.299106 0.018403
v -0.114803 0.281336 0.022836
v -0.069006 0.010192 -0.028583
v -0.108810 0.289642 -0.000000
v -0.067158 0.003749 -0.027818
v -0.062409 0.340671 0.010115
v -0.070658 0.356572 0.010115
v -0.060714 0.367777 0.010115
v -0.080489 0.363847 0.010115
v -0.071665 0.016467 -0.014255
v -0.075238 0.378309 0.010115
v -0.101863 0.361750 0.010115
v -0.073256 0.010192 -0.014572
v -0.071295 0.003749 -0.014181
v -0.111369 0.373847 0.010115
v -0.109719 0.351568 0.010115
v -0.123611 0.358179 0.010115
v -0.113539 0.335937 0.010115
v -0.128857 0.337372 0.010115
v -0.112983 0.315519 0.010115
v -0.128336 0.314523 0.010115
v -0.109121 0.288001 0.008404
v -0.091798 0.365812 0.010115
v -0.092958 0.381154 0.010115
v -0.061026 0.329792 0.010115
v -0.062409 0.340671 -0.000000
v -0.070658 0.356572 -0.000000
v -0.060714 0.367777 -0.000000
v -0.080489 0.363847 -0.000000
v -0.075238 0.378309 -0.000000
v -0.101863 0.361750 -0.000000
v -0.091798 0.365812 -0.000000
v -0.111369 0.373847 -0.000000
v -0.092958 0.381154 -0.000000
v -0.109719 0.351568 -0.000000
v -0.123611 0.358179 -0.000000
v -0.113539 0.335937 -0.000000
v -0.128857 0.337372 -0.000000
v -0.112983 0.315519 -0.000000
v -0.128336 0.314523 -0.000000
v 0.060923 0.000000 0.025235
v 0.064675 0.000000 0.012865
v 0.065943 0.000000 0.000000
v 0.051368 0.023154 -0.010218
v 0.046355 0.026908 -0.009221
v 0.009441 0.039476 -0.047461
v 0.018518 0.039476 -0.044707
v 0.026885 0.039476 -0.040235
v 0.034217 0.039476 -0.034217
v 0.040235 0.039476 -0.026885
v 0.044707 0.039476 -0.018518
v 0.047461 0.039476 -0.009441
v 0.014255 0.016467 0.071665
v 0.014572 0.010192 0.073256
v 0.014181 0.003749 0.071295
v 0.009596 0.036983 -0.048242
v 0.018823 0.036983 -0.045443
v 0.027327 0.036983 -0.040898
v 0.034781 0.036983 -0.034781
v 0.040898 0.036983 -0.027327
v 0.045443 0.036983 -0.018823
v 0.027962 0.016467 0.067507
v 0.028583 0.010192 0.069006
v 0.027818 0.003749 0.067158
v 0.048242 0.036983 -0.009596
v 0.040595 0.016467 0.060754
v 0.041496 0.010192 0.062104
v 0.040385 0.003749 0.060441
v 0.051667 0.016467 0.051667
v 0.052815 0.010192 0.052815
v 0.051401 0.003749 0.051401
v 0.060754 0.016467 0.040595
v 0.062104 0.010192 0.041496
v 0.060441 0.003749 0.040385
v 0.067507 0.016467 0.027962
v 0.069006 0.010192 0.028583
v 0.067158 0.003749 0.027818
v 0.071665 0.016467 0.014255
v 0.073256 0.010192 0.014572
v 0.071295 0.003749 0.014181
v 0.073069 0.016467 -0.000000
v 0.074691 0.010192 -0.000000
v 0.072692 0.003749 -0.000000
v 0.012865 -0.000000 -0.064675
v 0.025235 -0.000000 -0.060923
v 0.036636 -0.000000 -0.054829
v 0.046628 -0.000000 -0.046628
v 0.054829 -0.000000 -0.036636
v 0.060923 -0.000000 -0.025235
v 0.064675 -0.000000 -0.012865
v 0.011055 0.400361 0.055579
v 0.021686 0.400361 0.052354
v 0.031483 0.400361 0.047117
v 0.040070 0.400361 0.040070
v 0.047117 0.400361 0.031483
v 0.052354 0.400361 0.021686
v 0.055579 0.400361 0.011055
v 0.056668 0.400361 -0.000000
v 0.014255 0.016467 -0.071665
v 0.014572 0.010192 -0.073256
v 0.014181 0.003749 -0.071295
v 0.027962 0.016467 -0.067507
v 0.028583 0.010192 -0.069006
v 0.027818 0.003749 -0.067158
v 0.040595 0.016467 -0.060754
v 0.041496 0.010192 -0.062104
v 0.040385 0.003749 -0.060441
v 0.051667 0.016467 -0.051667
v 0.006983 0.359719 0.035106
v 0.013698 0.359719 0.033069
v 0.019886 0.359719 0.029761
v 0.025310 0.359719 0.025310
v 0.029761 0.359719 0.019886
v 0.033069 0.359719 0.013698
v 0.035106 0.359719 0.006983
v 0.035794 0.359719 -0.000000
v 0.052815 0.010192 -0.052815
v 0.051401 0.003749 -0.051401
v 0.060754 0.016467 -0.040595
v 0.062104 0.010192 -0.041496
v 0.060441 0.003749 -0.040385
v 0.130826 0.245090 -0.000000
v 0.128312 0.245090 0.025523
v 0.123995 0.264912 0.024664
v 0.067507 0.016467 -0.027962
v 0.092519 0.299106 0.018403
v 0.114803 0.281336 0.022836
v 0.069006 0.010192 -0.028583
v 0.108810 0.289642 -0.000000
v 0.067158 0.003749 -0.027818
v 0.062409 0.340671 0.010115
v 0.070658 0.356572 0.010115
v 0.060714 0.367777 0.010115
v 0.080489 0.363847 0.010115
v 0.071665 0.016467 -0.014255
v 0.075238 0.378309 0.010115
v 0.101863 0.361750 0.010115
v 0.073256 0.010192 -0.014572
v 0.071295 0.003749 -0.014181
v 0.111369 0.373847 0.010115
v 0.109719 0.351568 0.010115
v 0.123611 0.358179 0.010115
v 0.113539 0.335937 0.010115
v 0.128857 0.337372 0.010115
v 0.112983 0.315519 0.010115
v 0.128336 0.314523 0.010115
v 0.109121 0.288001 0.008404
v 0.091798 0.365812 0.010115
v 0.092958 0.381154 0.010115
v 0.061026 0.329792 0.010115
v 0.062409 0.340671 -0.000000
v 0.070658 0.356572 -0.000000
v 0.060714 0.367777 -0.000000
v 0.080489 0.363847 -0.000000
v 0.075238 0.378309 -0.000000
v 0.101863 0.361750 -0.000000
v 0.091798 0.365812 -0.000000
v 0.111369 0.373847 -0.000000
v 0.092958 0.381154 -0.000000
v 0.109719 0.351568 -0.000000
v 0.123611 0.358179 -0.000000
v 0.113539 0.335937 -0.000000
v 0.128857 0.337372 -0.000000
v 0.112983 0.315519 -0.000000
v 0.128336 0.314523 -0.000000
v 0.127780 0.263440 -0.000000
v 0.061026 0.329792 -0.000000
v 0.000000 0.307430 0.035794
v -0.127713 0.263760 -0.000000
v -0.061026 0.329792 -0.000000
v -0.065316 0.362107 0.010115
v -0.077864 0.371078 0.010115
v -0.106616 0.367798 0.010115
v -0.092378 0.373483 0.010115
v 0.000000 0.307430 -0.035794
v -0.116665 0.354873 0.010115
v -0.121198 0.336655 0.010115
v -0.120659 0.315021 0.010115
v -0.116758 0.282098 0.011865
v -0.032409 0.320492 0.048503
v 0.057214 0.320492 0.011380
v -0.011055 0.400361 -0.055579
v 0.065316 0.362107 0.010115
v 0.077864 0.371078 0.010115
v 0.106616 0.367798 0.010115
v 0.092378 0.373483 0.010115
v 0.116665 0.354873 0.010115
v 0.121198 0.336655 0.010115
v 0.120659 0.315021 0.010115
v 0.116758 0.282098 0.011865
v 0.000000 0.320492 0.058334
v -0.022324 0.320492 0.053894
v 0.011055 0.400361 -0.055579
v 0.021686 0.400361 -0.052354
v 0.031483 0.400361 -0.047117
v 0.040070 0.400361 -0.040070
v 0.000000 0.243576 0.092859
v -0.021686 0.400361 -0.052354
v -0.031483 0.400361 -0.047117
v -0.040070 0.400361 -0.040070
v -0.047117 0.400361 -0.031483
v -0.052354 0.400361 -0.021686
v -0.055579 0.400361 -0.011055
v 0.000000 0.243576 -0.092859
v -0.006983 0.359719 -0.035106
v -0.013698 0.359719 -0.033069
v -0.019886 0.359719 -0.029761
v -0.025310 0.359719 -0.025310
v -0.029761 0.359719 -0.019886
v -0.033069 0.359719 -0.013698
v -0.035106 0.359719 -0.006983
v 0.047117 0.400361 -0.031483
v 0.052354 0.400361 -0.021686
v 0.055579 0.400361 -0.011055
v 0.006983 0.359719 -0.035106
v 0.013698 0.359719 -0.033069
v 0.019886 0.359719 -0.029761
v 0.025310 0.359719 -0.025310
v 0.029761 0.359719 -0.019886
v 0.033069 0.359719 -0.013698
v 0.035106 0.359719 -0.006983
v 0.128312 0.245090 -0.025523
v 0.123995 0.264912 -0.024664
v 0.092519 0.299106 -0.018403
v 0.114803 0.281336 -0.022836
v 0.000000 0.072127 0.041431
v -0.128312 0.245090 -0.025523
v -0.123995 0.264912 -0.024664
v -0.092519 0.299106 -0.018403
v -0.114803 0.281336 -0.022836
v -0.062409 0.340671 -0.010115
v -0.070658 0.356572 -0.010115
v 0.000000 0.072127 -0.041431
v -0.060714 0.367777 -0.010115
v -0.080489 0.363847 -0.010115
v -0.075238 0.378309 -0.010115
v -0.101863 0.361750 -0.010115
v -0.111369 0.373847 -0.010115
v -0.109719 0.351568 -0.010115
v -0.123611 0.358179 -0.010115
v 0.062409 0.340671 -0.010115
v 0.070658 0.356572 -0.010115
v 0.060714 0.367777 -0.010115
v 0.080489 0.363847 -0.010115
v 0.075238 0.378309 -0.010115
v 0.101863 0.361750 -0.010115
v 0.111369 0.373847 -0.010115
v 0.109719 0.351568 -0.010115
v 0.123611 0.358179 -0.010115
v 0.113539 0.335937 -0.010115
v 0.128857 0.337372 -0.010115
v 0.112983 0.315519 -0.010115
v 0.128336 0.314523 -0.010115
v 0.109121 0.288001 -0.008404
v 0.091798 0.365812 -0.010115
v -0.113539 0.335937 -0.010115
v -0.128857 0.337372 -0.010115
v -0.112983 0.315519 -0.010115
v -0.128336 0.314523 -0.010115
v -0.109121 0.288001 -0.008404
v -0.091798 0.365812 -0.010115
v -0.092958 0.381154 -0.010115
v -0.061026 0.329792 -0.010115
v -0.065316 0.362107 -0.010115
v -0.077864 0.371078 -0.010115
v -0.106616 0.367798 -0.010115
v -0.092378 0.373483 -0.010115
v -0.116665 0.354873 -0.010115
v -0.121198 0.336655 -0.010115
v 0.000000 0.072127 0.028622
v 0.000000 0.072127 0.018632
v 0.000000 0.072127 0.009257
v 0.000000 0.072127 -0.000000
v 0.000000 0.072127 -0.009257
v 0.000000 0.072127 -0.018632
v 0.000000 0.072127 -0.028622
v 0.092958 0.381154 -0.010115
v 0.061026 0.329792 -0.010115
v 0.065316 0.362107 -0.010115
v 0.077864 0.371078 -0.010115
v 0.106616 0.367798 -0.010115
v 0.092378 0.373483 -0.010115
v 0.116665 0.354873 -0.010115
v 0.121198 0.336655 -0.010115
v 0.120659 0.315021 -0.010115
v 0.116758 0.282098 -0.011865
v 0.022324 0.320492 0.053894
v 0.111088 0.299619 0.009260
v 0.125964 0.290273 -0.000000
v 0.118254 0.295117 0.010796
v 0.125964 0.290273 0.011865
v 0.111088 0.299607 -0.000000
v 0.111088 0.299619 -0.009260
v 0.118254 0.295117 -0.010796
v 0.125964 0.290273 -0.011865
v 0.006983 0.307430 0.035106
v 0.013698 0.307430 0.033069
v 0.019886 0.307430 0.029761
v 0.025310 0.307430 0.025310
v 0.029761 0.307430 0.019886
v 0.033069 0.307430 0.013698
v 0.035106 0.307430 0.006983
v 0.035794 0.307430 -0.000000
v 0.006983 0.307430 -0.035106
v 0.013698 0.307430 -0.033069
v 0.019886 0.307430 -0.029761
v 0.025310 0.307430 -0.025310
v 0.029761 0.307430 -0.019886
v 0.033069 0.307430 -0.013698
v 0.035106 0.307430 -0.006983
v 0.018116 0.243576 0.091075
v 0.035536 0.243576 0.085790
v 0.051590 0.243576 0.077209
v 0.065661 0.243576 0.065661
v 0.077209 0.243576 0.051590
v 0.000000 -0.000000 -0.045555
v 0.000000 -0.000000 -0.029656
v 0.000000 -0.000000 -0.014734
v 0.000000 0.000000 0.000000
v 0.000000 0.000000 0.014734
v 0.000000 0.000000 0.029656
v 0.000000 0.000000 0.045555
v -0.120659 0.315021 -0.010115
v -0.116758 0.282098 -0.011865
v -0.053894 0.320492 0.022324
v -0.111088 0.299619 0.009260
v -0.125964 0.290273 -0.000000
v -0.118254 0.295117 0.010796
v -0.125964 0.290273 0.011865
v -0.111088 0.299607 -0.000000
v -0.111088 0.299619 -0.009260
v -0.118254 0.295117 -0.010796
v -0.125964 0.290273 -0.011865
v -0.006983 0.307430 0.035106
v -0.013698 0.307430 0.033069
v -0.019886 0.307430 0.029761
v -0.025310 0.307430 0.025310
v -0.029761 0.307430 0.019886
v -0.033069 0.307430 0.013698
v -0.035106 0.307430 0.006983
v -0.035794 0.307430 -0.000000
v -0.006983 0.307430 -0.035106
v -0.013698 0.307430 -0.033069
v -0.019886 0.307430 -0.029761
v -0.025310 0.307430 -0.025310
v -0.029761 0.307430 -0.019886
v -0.033069 0.307430 -0.013698
v 0.000000 0.157852 -0.088270
v -0.035106 0.307430 -0.006983
v 0.085790 0.243576 0.035536
v 0.091075 0.243576 0.018116
v -0.018116 0.243576 0.091075
v -0.035536 0.243576 0.085790
v -0.051590 0.243576 0.077209
v -0.065661 0.243576 0.065661
v 0.092859 0.243576 -0.000000
v 0.018116 0.243576 -0.091075
v 0.035536 0.243576 -0.085790
v 0.051590 0.243576 -0.077209
v 0.065661 0.243576 -0.065661
v 0.077209 0.243576 -0.051590
v -0.077209 0.243576 0.051590
v 0.085790 0.243576 -0.035536
v 0.091075 0.243576 -0.018116
v 0.008083 0.072127 0.040635
v 0.015855 0.072127 0.038277
v 0.023018 0.072127 0.034449
v 0.000000 0.157852 0.088270
v 0.029296 0.072127 0.029296
v -0.085790 0.243576 0.035536
v 0.000000 0.378605 0.049094
v -0.091075 0.243576 0.018116
v -0.092859 0.243576 -0.000000
v -0.018116 0.243576 -0.091075
v -0.035536 0.243576 -0.085790
v 0.034449 0.072127 0.023018
v -0.051590 0.243576 -0.077209
v -0.065661 0.243576 -0.065661
v 0.038277 0.072127 0.015855
v 0.040635 0.072127 0.008083
v -0.077209 0.243576 -0.051590
v 0.041431 0.072127 -0.000000
v -0.085790 0.243576 -0.035536
v -0.091075 0.243576 -0.018116
v 0.000000 0.378605 -0.049094
v -0.008083 0.072127 0.040635
v 0.008083 0.072127 -0.040635
v -0.015855 0.072127 0.038277
v 0.015855 0.072127 -0.038277
v 0.023018 0.072127 -0.034449
v 0.029296 0.072127 -0.029296
v 0.034449 0.072127 -0.023018
v 0.038277 0.072127 -0.015855
v 0.040635 0.072127 -0.008083
v 0.024427 0.072127 0.024427
v 0.026612 0.072127 0.016359
v 0.028103 0.072127 0.008251
v 0.028622 0.072127 -0.000000
v 0.028103 0.072127 -0.008251
v 0.026612 0.072127 -0.016359
v 0.024427 0.072127 -0.024427
v 0.016359 0.072127 0.026612
v 0.017497 0.072127 0.017497
v 0.018334 0.072127 0.008743
v 0.018632 0.072127 -0.000000
v 0.018334 0.072127 -0.008743
v 0.017497 0.072127 -0.017497
v 0.016359 0.072127 -0.026612
v 0.008251 0.072127 0.028103
v 0.008743 0.072127 0.018334
v 0.009121 0.072127 0.009121
v 0.009257 0.072127 -0.000000
v 0.009121 0.072127 -0.009121
v 0.008743 0.072127 -0.018334
v 0.008251 0.072127 -0.028103
v 0.013133 -0.000000 -0.044729
v 0.013916 -0.000000 -0.029181
v 0.014517 -0.000000 -0.014517
v 0.014734 0.000000 0.000000
v 0.014517 0.000000 0.014517
v 0.013916 0.000000 0.029181
v 0.013133 0.000000 0.044729
v 0.026038 -0.000000 -0.042356
v 0.027848 -0.000000 -0.027848
v 0.029181 -0.000000 -0.013916
v 0.029656 0.000000 0.000000
v 0.029181 0.000000 0.013916
v 0.027848 0.000000 0.027848
v 0.026038 0.000000 0.042356
v 0.038879 -0.000000 -0.038879
v 0.042356 -0.000000 -0.026038
v 0.044729 -0.000000 -0.013133
v 0.045555 0.000000 0.000000
v 0.044729 0.000000 0.013133
v 0.042356 0.000000 0.026038
v 0.038879 0.000000 0.038879
v 0.017221 0.157852 -0.086574
v 0.033779 0.157852 -0.081551
v 0.062416 0.157852 0.062416
v 0.049040 0.157852 0.073394
v 0.073394 0.157852 0.049040
v 0.081551 0.157852 0.033779
v 0.086574 0.157852 -0.017221
v 0.088270 0.157852 -0.000000
v 0.086574 0.157852 0.017221
v 0.049040 0.157852 -0.073394
v 0.073394 0.157852 -0.049040
v 0.081551 0.157852 -0.033779
v 0.062416 0.157852 -0.062416
v 0.017221 0.157852 0.086574
v 0.033779 0.157852 0.081551
v 0.045357 0.378605 0.018787
v 0.040820 0.378605 0.027275
v 0.048150 0.378605 0.009578
v 0.049094 0.378605 -0.000000
v 0.009578 0.378605 0.048150
v 0.018787 0.378605 0.045357
v 0.027275 0.378605 0.040820
v 0.034715 0.378605 0.034715
v 0.045357 0.378605 -0.018787
v 0.018787 0.378605 -0.045357
v 0.048150 0.378605 -0.009578
v 0.009578 0.378605 -0.048150
v 0.034715 0.378605 -0.034715
v 0.027275 0.378605 -0.040820
v 0.040820 0.378605 -0.027275
v -0.023018 0.072127 0.034449
v -0.029296 0.072127 0.029296
v -0.034449 0.072127 0.023018
v -0.038277 0.072127 0.015855
v -0.040635 0.072127 0.008083
v -0.041431 0.072127 -0.000000
v -0.008083 0.072127 -0.040635
v -0.015855 0.072127 -0.038277
v -0.023018 0.072127 -0.034449
v -0.029296 0.072127 -0.029296
v -0.034449 0.072127 -0.023018
v -0.038277 0.072127 -0.015855
v -0.040635 0.072127 -0.008083
v -0.024427 0.072127 0.024427
v -0.026612 0.072127 0.016359
v -0.028103 0.072127 0.008251
v -0.028622 0.072127 -0.000000
v -0.028103 0.072127 -0.008251
v -0.026612 0.072127 -0.016359
v -0.024427 0.072127 -0.024427
v -0.016359 0.072127 0.026612
v -0.017497 0.072127 0.017497
v -0.018334 0.072127 0.008743
v -0.018632 0.072127 -0.000000
v -0.018334 0.072127 -0.008743
v -0.017497 0.072127 -0.017497
v -0.016359 0.072127 -0.026612
v -0.008251 0.072127 0.028103
v -0.008743 0.072127 0.018334
v -0.009121 0.072127 0.009121
v -0.009257 0.072127 -0.000000
v -0.009121 0.072127 -0.009121
v -0.008743 0.072127 -0.018334
v -0.008251 0.072127 -0.028103
v -0.013133 -0.000000 -0.044729
v -0.013916 -0.000000 -0.029181
v -0.014517 -0.000000 -0.014517
v -0.014734 0.000000 0.000000
v -0.014517 0.000000 0.014517
v -0.013916 0.000000 0.029181
v -0.013133 0.000000 0.044729
v -0.026038 -0.000000 -0.042356
v -0.027848 -0.000000 -0.027848
v -0.029181 -0.000000 -0.013916
v -0.029656 0.000000 0.000000
v -0.029181 0.000000 0.013916
v -0.027848 0.000000 0.027848
v -0.026038 0.000000 0.042356
v -0.038879 -0.000000 -0.038879
v -0.042356 -0.000000 -0.026038
v -0.044729 -0.000000 -0.013133
v -0.045555 0.000000 0.000000
v -0.044729 0.000000 0.013133
v -0.042356 0.000000 0.026038
v -0.038879 0.000000 0.038879
v -0.017221 0.157852 -0.086574
v -0.033779 0.157852 -0.081551
v -0.062416 0.157852 0.062416
v -0.049040 0.157852 0.073394
v -0.073394 0.157852 0.049040
v -0.081551 0.157852 0.033779
v -0.086574 0.157852 -0.017221
v -0.088270 0.157852 -0.000000
v -0.086574 0.157852 0.017221
v -0.049040 0.157852 -0.073394
v -0.073394 0.157852 -0.049040
v -0.081551 0.157852 -0.033779
v -0.062416 0.157852 -0.062416
v -0.017221 0.157852 0.086574
v -0.033779 0.157852 0.081551
v -0.045357 0.378605 0.018787
v -0.040820 0.378605 0.027275
v -0.048150 0.378605 0.009578
v -0.049094 0.378605 -0.000000
v -0.009578 0.378605 0.048150
v -0.018787 0.378605 0.045357
v -0.027275 0.378605 0.040820
v -0.034715 0.378605 0.034715
v -0.045357 0.378605 -0.018787
v -0.018787 0.378605 -0.045357
v -0.048150 0.378605 -0.009578
v -0.009578 0.378605 -0.048150
v -0.034715 0.378605 -0.034715
v -0.027275 0.378605 -0.040820
v -0.040820 0.378605 -0.027275
v -0.041249 0.320492 0.041249
v 0.011380 0.320492 0.057214
v 0.032409 0.320492 0.048503
v -0.057214 0.320492 0.011380
v -0.011380 0.320492 0.057214
v 0.053894 0.320492 0.022324
v 0.048503 0.320492 0.032409
v -0.048503 0.320492 0.032409
v 0.041249 0.320492 0.041249
v -0.053894 0.320492 -0.022324
v -0.032409 0.320492 -0.048503
v 0.057214 0.320492 -0.011380
v -0.057214 0.320492 -0.011380
v 0.000000 0.320492 -0.058334
v 0.022324 0.320492 -0.053894
v 0.011380 0.320492 -0.057214
v -0.022324 0.320492 -0.053894
v 0.032409 0.320492 -0.048503
v -0.011380 0.320492 -0.057214
v 0.053894 0.320492 -0.022324
v -0.041249 0.320492 -0.041249
v 0.041249 0.320492 -0.041249
v -0.048503 0.320492 -0.032409
v 0.048503 0.320492 -0.032409
vn 0.3129 0.5758 0.7554
vn 0.1739 0.4532 0.8743
vn 0.3411 0.4532 0.8236
vn -0.0000 0.8528 -0.5223
vn 0.1218 0.7810 -0.6125
vn 0.1019 0.8528 -0.5122
vn 0.1890 -0.2475 -0.9503
vn -0.0000 -0.6555 -0.7552
vn 0.1473 -0.6555 -0.7407
vn 0.9809 0.1433 -0.1315
vn 0.9974 0.0718 -0.0000
vn 0.9733 0.1047 -0.2045
vn -0.7748 -0.5446 -0.3209
vn -0.8768 -0.4481 -0.1744
vn -0.8259 -0.4481 -0.3421
vn -0.5930 -0.5446 -0.5930
vn -0.7433 -0.4482 -0.4967
vn -0.6321 -0.4482 -0.6321
vn 0.8387 -0.5446 -0.0000
vn 0.8768 -0.4481 0.1744
vn 0.8226 -0.5446 0.1636
vn 0.9060 -0.1956 -0.3753
vn 0.9789 -0.0621 -0.1947
vn 0.9618 -0.1956 -0.1913
vn -0.1056 -0.9944 -0.0000
vn 0.3936 -0.9193 -0.0000
vn 0.3623 -0.3218 -0.8747
vn 0.5448 -0.1956 -0.8154
vn 0.5260 -0.3218 -0.7872
vn 0.5473 -0.7529 0.3657
vn 0.5340 -0.6555 0.5340
vn 0.6279 -0.6555 0.4195
vn 0.8309 -0.0368 0.5552
vn 0.6851 -0.2475 0.6851
vn 0.7066 -0.0368 0.7066
vn 0.4825 0.8528 -0.1999
vn 0.5372 0.8329 -0.1332
vn 0.5046 0.8566 -0.1078
vn 0.6605 0.3572 -0.6605
vn 0.6332 0.6481 -0.4231
vn 0.7766 0.3572 -0.5189
vn 0.9563 -0.0366 0.2901
vn 0.9051 0.2007 0.3749
vn 0.9376 0.1998 0.2845
vn 0.8723 -0.4572 -0.1735
vn 0.9612 -0.2758 -0.0000
vn 0.8894 -0.4572 -0.0000
vn -0.0000 0.1152 0.9933
vn -0.1822 0.3572 0.9161
vn -0.1938 0.1152 0.9743
vn -0.9356 -0.2816 -0.2130
vn -0.6977 -0.6555 -0.2890
vn -0.8951 -0.2475 -0.3708
vn -0.7132 -0.6356 0.2954
vn -0.7217 -0.4966 0.4822
vn -0.6419 -0.6356 0.4289
vn -0.3708 -0.2475 -0.8951
vn -0.1950 -0.0367 -0.9801
vn -0.3824 -0.0367 -0.9233
vn -0.7750 0.5443 -0.3210
vn -0.9805 -0.0236 -0.1950
vn -0.8228 0.5443 -0.1637
vn -0.4971 0.8677 -0.0000
vn -0.5372 0.8329 -0.1332
vn -0.5046 0.8566 -0.1078
vn 0.7865 -0.3243 -0.5255
vn 0.6809 0.2697 -0.6809
vn 0.8007 0.2697 -0.5350
vn -0.0079 0.0019 1.0000
vn -0.0359 -0.0045 0.9993
vn -0.0211 0.0055 0.9998
vn 0.8982 0.4396 -0.0000
vn 0.5993 0.8005 -0.0000
vn -0.0000 1.0000 -0.0000
vn -0.0000 -0.0367 -0.9993
vn 0.1950 -0.0367 -0.9801
vn 0.4654 -0.7529 -0.4654
vn 0.7395 -0.4571 -0.4941
vn 0.5473 -0.7529 -0.3657
vn -0.5993 0.8005 -0.0000
vn -0.1091 0.9940 -0.0000
vn 0.6081 -0.7528 0.2519
vn 0.6977 -0.6555 0.2890
vn 0.7748 -0.5446 0.3209
vn 0.7433 -0.4482 0.4967
vn 0.6973 -0.5446 0.4660
vn 0.5552 -0.0368 -0.8309
vn 0.6851 -0.2475 -0.6851
vn 0.7066 -0.0368 -0.7066
vn 0.6455 -0.7529 -0.1284
vn 0.6582 -0.7528 -0.0000
vn -0.0000 -0.5446 -0.8387
vn -0.1744 -0.4481 -0.8768
vn -0.0000 -0.4481 -0.8940
vn 0.2860 0.9146 0.2860
vn 0.3083 0.9287 0.2060
vn 0.2622 0.9287 0.2622
vn -0.3404 -0.4571 -0.8217
vn -0.1284 -0.7529 -0.6455
vn -0.2519 -0.7528 -0.6081
vn 0.2954 -0.6356 0.7132
vn 0.1636 -0.5446 0.8226
vn 0.1506 -0.6356 0.7572
vn -0.6279 -0.6555 -0.4195
vn -0.6851 -0.2475 -0.6851
vn -0.8056 -0.2475 -0.5383
vn 0.1913 -0.1956 0.9618
vn -0.0000 -0.0621 0.9981
vn -0.0000 -0.1956 0.9807
vn -0.1847 -0.3218 -0.9286
vn -0.0000 -0.1956 -0.9807
vn -0.0000 -0.3218 -0.9468
vn -0.3574 0.3571 0.8629
vn -0.4231 0.6481 0.6332
vn -0.5189 0.3572 0.7766
vn -0.6321 -0.4482 0.6321
vn -0.7872 -0.3218 0.5260
vn -0.7433 -0.4482 0.4967
vn -0.6927 0.2007 0.6927
vn -0.8309 -0.0368 0.5552
vn -0.8146 0.2007 0.5443
vn 0.1847 -0.3218 -0.9286
vn 0.3753 -0.1956 -0.9060
vn -0.9330 -0.3599 -0.0000
vn -0.7392 -0.6579 -0.1442
vn 0.5372 0.8329 0.1332
vn 0.4825 0.8528 0.1999
vn 0.5046 0.8566 0.1078
vn -0.7024 0.1152 0.7024
vn -0.6605 0.3572 0.6605
vn 0.1938 0.1152 -0.9743
vn 0.3819 -0.0621 -0.9221
vn 0.1947 -0.0621 -0.9789
vn 0.9233 -0.0367 -0.3824
vn 0.8056 -0.2475 -0.5383
vn 0.8951 -0.2475 -0.3708
vn 0.5443 0.2007 0.8146
vn 0.3824 -0.0367 0.9233
vn 0.3749 0.2007 0.9051
vn -0.8629 0.3571 0.3574
vn -0.6332 0.6481 0.4231
vn -0.7036 0.6481 0.2914
vn -0.9789 -0.0621 -0.1947
vn -0.9974 0.0718 -0.0000
vn -0.9733 0.1047 -0.2045
vn -0.4342 0.8528 -0.2902
vn -0.5385 0.6481 -0.5385
vn -0.6332 0.6481 -0.4231
vn -0.4654 -0.7529 0.4654
vn -0.7395 -0.4571 0.4941
vn -0.5473 -0.7529 0.3657
vn -0.0000 -0.0000 1.0000
vn -0.3693 0.8528 0.3693
vn -0.5193 0.7810 0.3469
vn -0.4342 0.8528 0.2902
vn -0.6973 -0.5446 0.4660
vn -0.6797 -0.2756 -0.6797
vn -0.4941 -0.4571 -0.7395
vn -0.6289 -0.4571 -0.6289
vn -0.4941 -0.4571 0.7395
vn -0.6289 -0.4571 0.6289
vn -0.1744 -0.4481 0.8768
vn -0.3209 -0.5446 0.7748
vn -0.1636 -0.5446 0.8226
vn -0.4825 0.8528 0.1999
vn -0.6455 -0.7529 0.1284
vn -0.8894 -0.4572 -0.0000
vn -0.6582 -0.7528 -0.0000
vn -0.6934 -0.1956 -0.6934
vn -0.8299 -0.0621 -0.5545
vn -0.7057 -0.0621 -0.7057
vn -0.9286 -0.3218 -0.1847
vn -0.8747 -0.3218 -0.3623
vn -0.9356 -0.2816 0.2130
vn -0.6977 -0.6555 0.2890
vn -0.7392 -0.6579 0.1442
vn -0.9563 -0.0366 -0.2901
vn -0.9233 -0.0367 -0.3824
vn 0.2890 -0.6555 -0.6977
vn 0.3708 -0.2475 -0.8951
vn 0.1735 -0.4572 0.8723
vn -0.0000 -0.2758 0.9612
vn -0.0000 -0.4572 0.8894
vn 0.1727 0.4645 0.8685
vn -0.0000 0.2007 0.9796
vn -0.0000 0.4645 0.8856
vn 0.3749 0.2007 -0.9051
vn 0.3824 -0.0367 -0.9233
vn 0.6927 0.2007 0.6927
vn 0.4920 0.4646 0.7363
vn 0.6262 0.4646 0.6262
vn 0.2890 -0.6555 0.6977
vn 0.1284 -0.7529 0.6455
vn 0.1473 -0.6555 0.7407
vn 0.8629 0.3571 -0.3574
vn 0.7036 0.6481 -0.2914
vn 0.1999 0.8528 -0.4825
vn 0.2390 0.7810 -0.5770
vn 0.1019 0.8528 0.5122
vn -0.0000 0.6481 0.7616
vn 0.1486 0.6481 0.7470
vn 0.9221 -0.0621 0.3819
vn 0.9733 0.1047 0.2045
vn 0.9177 0.1152 0.3801
vn 0.4195 -0.6555 0.6279
vn 0.2519 -0.7528 0.6081
vn 0.3693 0.8528 -0.3693
vn 0.3469 0.7810 -0.5193
vn 0.4416 0.7810 -0.4416
vn 0.5193 0.7810 -0.3469
vn 0.5770 0.7810 -0.2390
vn 0.4967 -0.4482 -0.7433
vn 0.5930 -0.5446 -0.5930
vn 0.4660 -0.5446 -0.6973
vn 0.5340 -0.6555 -0.5340
vn 0.3656 -0.7529 -0.5473
vn 0.9016 0.3395 -0.2681
vn 0.9692 0.1956 -0.1493
vn 0.7872 -0.3218 0.5260
vn 0.6934 -0.1956 0.6934
vn 0.6695 -0.3218 0.6695
vn 0.3404 -0.4571 -0.8217
vn 0.5340 -0.2757 -0.7992
vn 0.4941 -0.4571 -0.7395
vn 0.1284 -0.7529 -0.6455
vn -0.0000 -0.4572 -0.8894
vn 0.1735 -0.4572 -0.8723
vn 0.3574 0.3571 0.8629
vn 0.1938 0.1152 0.9743
vn 0.3801 0.1152 0.9177
vn -0.9563 -0.0366 0.2901
vn -0.8951 -0.2475 0.3708
vn 0.1847 -0.3218 0.9286
vn -0.0000 -0.3218 0.9468
vn -0.8723 -0.4572 0.1735
vn -0.9612 -0.2758 -0.0000
vn 0.6455 -0.7529 0.1284
vn 0.7392 -0.6579 0.1442
vn -0.7395 -0.4571 -0.4941
vn 0.9233 -0.0367 0.3824
vn 0.8056 -0.2475 0.5383
vn -0.4231 0.6481 -0.6332
vn -0.3574 0.3571 -0.8629
vn -0.5189 0.3572 -0.7766
vn 0.8768 -0.4481 -0.1744
vn 0.8226 -0.5446 -0.1636
vn 0.3389 0.4645 -0.8181
vn 0.1911 0.2008 -0.9608
vn -0.5260 -0.3218 0.7872
vn -0.6934 -0.1956 0.6934
vn -0.6695 -0.3218 0.6695
vn 0.3421 -0.4481 0.8259
vn 0.5260 -0.3218 0.7872
vn 0.3623 -0.3218 0.8747
vn -0.1999 0.8528 0.4825
vn -0.1218 0.7810 0.6125
vn -0.2390 0.7810 0.5770
vn -0.9221 -0.0621 0.3819
vn -0.9733 0.1047 0.2045
vn -0.9789 -0.0621 0.1947
vn 0.7363 0.4646 -0.4920
vn 0.6927 0.2007 -0.6927
vn 0.8146 0.2007 -0.5443
vn 0.3832 0.9237 -0.0000
vn 0.6457 0.7636 -0.0000
vn 0.3832 0.9236 -0.0000
vn -0.8629 0.3571 -0.3574
vn -0.7766 0.3572 -0.5189
vn -0.3749 0.2007 -0.9051
vn -0.1911 0.2008 -0.9608
vn 0.8259 0.1152 0.5519
vn 0.8299 -0.0621 0.5545
vn -0.2622 0.9287 -0.2622
vn -0.7041 0.5320 -0.4704
vn -0.5988 0.5319 -0.5988
vn -0.4920 0.4646 0.7363
vn -0.6262 0.4646 0.6262
vn -0.5443 0.2007 0.8146
vn -0.3824 -0.0367 0.9233
vn -0.5552 -0.0368 0.8309
vn -0.8982 0.4396 -0.0000
vn 0.3819 -0.0621 0.9221
vn 0.5519 0.1152 0.8259
vn -0.8299 -0.0621 0.5545
vn -0.8154 -0.1956 0.5448
vn 0.8181 0.4645 0.3389
vn 0.8483 0.4628 0.2573
vn 0.9807 -0.1956 -0.0000
vn 0.9789 -0.0621 0.1947
vn 0.9618 -0.1956 0.1913
vn 0.5385 0.6481 -0.5385
vn 0.2902 0.8528 -0.4342
vn 0.8881 -0.2757 -0.3679
vn 0.9428 -0.2757 -0.1876
vn 0.4660 -0.5446 0.6973
vn 0.3209 -0.5446 0.7748
vn -0.6851 -0.2475 0.6851
vn -0.4195 -0.6555 0.6279
vn -0.5340 -0.6555 0.5340
vn -0.0000 0.6481 -0.7616
vn 0.1486 0.6481 -0.7470
vn -0.1486 0.6481 0.7470
vn 0.8739 -0.3243 -0.3620
vn 0.8896 0.2697 -0.3685
vn -0.3404 -0.4571 0.8217
vn -0.5340 -0.2757 0.7992
vn 0.4289 -0.6356 0.6419
vn 0.5930 -0.5446 0.5930
vn -0.5385 0.6481 0.5385
vn -0.2902 0.8528 0.4342
vn -0.1890 -0.2475 0.9503
vn -0.0000 -0.6555 0.7552
vn -0.1473 -0.6555 0.7407
vn 0.7243 0.6590 0.2028
vn 0.7036 0.6481 0.2914
vn 0.2914 0.6481 -0.7036
vn -0.3656 -0.7529 -0.5473
vn -0.0000 -0.4481 0.8940
vn -0.1890 -0.2475 -0.9503
vn -0.9051 0.2007 -0.3749
vn -0.9376 0.1998 -0.2845
vn -0.2890 -0.6555 0.6977
vn -0.1284 -0.7529 0.6455
vn -0.2519 -0.7528 0.6081
vn -0.7066 -0.0368 0.7066
vn -0.3693 0.8528 -0.3693
vn -0.3469 0.7810 -0.5193
vn -0.2902 0.8528 -0.4342
vn -0.7872 -0.3218 -0.5260
vn -0.6695 -0.3218 -0.6695
vn 0.4967 -0.4482 0.7433
vn 0.6279 -0.6555 -0.4195
vn 0.6081 -0.7528 -0.2519
vn 0.6977 -0.6555 -0.2890
vn -0.3004 -0.6195 -0.7252
vn -0.5554 -0.0235 -0.8312
vn -0.3826 -0.0236 -0.9236
vn 0.1744 -0.4481 -0.8768
vn 0.3209 -0.5446 -0.7748
vn 0.1636 -0.5446 -0.8226
vn 0.9278 -0.3243 -0.1846
vn 0.9629 0.2697 -0.0000
vn 0.9460 -0.3243 -0.0000
vn 0.1843 0.3288 -0.9263
vn -0.0000 0.4532 -0.8914
vn 0.1739 0.4532 -0.8743
vn -0.1739 0.4532 0.8743
vn -0.3129 0.5758 0.7554
vn -0.3411 0.4532 0.8236
vn 0.3679 -0.2757 -0.8881
vn -0.9016 0.3395 -0.2681
vn -0.9809 0.1436 -0.1313
vn -0.9695 0.1954 -0.1480
vn -0.8181 0.4645 0.3389
vn -0.5770 0.7810 0.2390
vn 0.1890 -0.2475 0.9503
vn 0.3708 -0.2475 0.8951
vn -0.7853 0.3288 0.5247
vn -0.6303 0.4532 0.6303
vn -0.7412 0.4532 0.4952
vn 0.7024 0.1152 -0.7024
vn 0.5189 0.3572 -0.7766
vn 0.1637 0.5443 0.8228
vn 0.1548 0.9146 0.3736
vn 0.0789 0.9146 0.3966
vn 0.4195 -0.6555 -0.6279
vn 0.1947 -0.0621 0.9789
vn -0.1847 -0.3218 0.9286
vn -0.3623 -0.3218 0.8747
vn -0.5448 -0.1956 0.8154
vn -0.2954 -0.6356 0.7132
vn -0.4660 -0.5446 0.6973
vn -0.4289 -0.6356 0.6419
vn -0.5260 -0.3218 -0.7872
vn -0.5448 -0.1956 -0.8154
vn -0.1019 0.8528 -0.5122
vn -0.1486 0.6481 -0.7470
vn 0.3404 -0.4571 0.8217
vn -0.7243 0.6590 0.2028
vn -0.5046 0.8566 0.1078
vn 0.5552 -0.0368 0.8309
vn -0.0000 -0.2475 0.9689
vn 0.5383 -0.2475 0.8056
vn 0.3421 -0.4481 -0.8259
vn 0.9016 0.3395 0.2681
vn 0.8629 0.3571 0.3574
vn 0.9286 -0.3218 -0.1847
vn 0.8940 -0.4481 -0.0000
vn 0.7872 -0.3218 -0.5260
vn 0.8259 -0.4481 -0.3421
vn 0.7433 -0.4482 -0.4967
vn 0.5193 0.7810 0.3469
vn 0.4342 0.8528 0.2902
vn -0.6973 -0.5446 -0.4660
vn -0.3819 -0.0621 -0.9221
vn -0.5519 0.1152 -0.8259
vn -0.3801 0.1152 -0.9177
vn 0.5340 -0.2757 0.7992
vn 0.4941 -0.4571 0.7395
vn 0.1950 -0.0367 0.9801
vn 0.1911 0.2008 0.9608
vn -0.4967 -0.4482 0.7433
vn -0.5930 -0.5446 0.5930
vn 0.9051 0.2007 -0.3749
vn 0.9563 -0.0366 -0.2901
vn 0.9376 0.1998 -0.2845
vn 0.8217 -0.4571 -0.3404
vn -0.3209 -0.5446 -0.7748
vn -0.1636 -0.5446 -0.8226
vn -0.3679 -0.2757 -0.8881
vn -0.1735 -0.4572 -0.8723
vn 0.9997 0.0116 -0.0201
vn 0.9924 0.1229 -0.0000
vn 0.9899 0.1028 -0.0975
vn -0.3421 -0.4481 -0.8259
vn -0.3623 -0.3218 -0.8747
vn -0.3708 -0.2475 0.8951
vn -0.1727 0.4645 0.8685
vn -0.1911 0.2008 0.9608
vn 0.1091 0.9940 -0.0000
vn 0.6934 -0.1956 -0.6934
vn 0.6695 -0.3218 -0.6695
vn -0.1735 -0.4572 0.8723
vn 0.8259 0.1152 -0.5519
vn 0.9177 0.1152 -0.3801
vn 0.6605 0.3572 0.6605
vn 0.4231 0.6481 0.6332
vn 0.5189 0.3572 0.7766
vn 0.1950 -0.0236 0.9805
vn 0.3004 -0.6195 0.7252
vn 0.3826 -0.0236 0.9236
vn -0.0000 -0.5446 0.8387
vn 0.1744 -0.4481 0.8768
vn -0.8309 -0.0368 -0.5552
vn -0.6927 0.2007 -0.6927
vn -0.8146 0.2007 -0.5443
vn 0.5448 -0.1956 0.8154
vn 0.3753 -0.1956 0.9060
vn 0.3656 -0.7529 0.5473
vn -0.6419 -0.6356 -0.4289
vn -0.5459 -0.6356 -0.5459
vn -0.4967 -0.4482 -0.7433
vn -0.4660 -0.5446 -0.6973
vn -0.8217 -0.4571 -0.3404
vn -0.5473 -0.7529 -0.3657
vn -0.6081 -0.7528 -0.2519
vn -0.3389 0.4645 0.8181
vn -0.3749 0.2007 0.9051
vn -0.5340 -0.2757 -0.7992
vn -0.0631 0.0587 -0.9963
vn -0.0202 0.1266 -0.9917
vn 0.0026 0.1358 -0.9907
vn 0.4920 0.4646 -0.7363
vn 0.6262 0.4646 -0.6262
vn -0.8387 -0.5446 -0.0000
vn -0.8226 -0.5446 -0.1636
vn -0.3421 -0.4481 0.8259
vn 0.1999 0.8528 0.4825
vn 0.1218 0.7810 0.6125
vn -0.8259 0.1152 0.5519
vn 0.1822 0.3572 0.9161
vn -0.0000 0.3572 0.9340
vn -0.3819 -0.0621 0.9221
vn -0.5519 0.1152 0.8259
vn -0.5545 -0.0621 0.8299
vn -0.6303 0.4532 -0.6303
vn -0.5247 0.3288 -0.7853
vn -0.6678 0.3287 -0.6678
vn -0.9376 0.1998 0.2845
vn -0.8483 0.4628 0.2573
vn 0.6797 -0.2756 0.6797
vn 0.6289 -0.4571 0.6289
vn 0.7748 -0.5446 -0.3209
vn 0.6973 -0.5446 -0.4660
vn 0.5519 0.1152 -0.8259
vn 0.5545 -0.0621 -0.8299
vn 0.9221 -0.0621 -0.3819
vn -0.8747 -0.3218 0.3623
vn -0.4654 -0.7529 -0.4654
vn 0.8299 -0.0621 -0.5545
vn 0.9011 -0.4335 -0.0000
vn 0.6041 -0.7969 -0.0000
vn -0.7363 0.4646 0.4920
vn -0.1218 0.7810 -0.6125
vn -0.7024 0.1152 -0.7024
vn 0.7412 0.4532 0.4952
vn 0.5781 0.5758 0.5781
vn 0.6303 0.4532 0.6303
vn -0.8768 -0.4481 0.1744
vn -0.8226 -0.5446 0.1636
vn -0.1947 -0.0621 0.9789
vn -0.7036 0.6481 -0.2914
vn -0.3753 -0.1956 -0.9060
vn 0.7041 0.5320 -0.4704
vn 0.2622 0.9287 -0.2622
vn 0.5988 0.5319 -0.5988
vn -0.6605 0.3572 -0.6605
vn 0.6419 -0.6356 -0.4289
vn 0.5459 -0.6356 -0.5459
vn -0.5552 -0.0368 -0.8309
vn -0.7066 -0.0368 -0.7066
vn 0.5443 0.2007 -0.8146
vn -0.1506 -0.6356 0.7572
vn -0.5372 0.8329 0.1332
vn 0.6797 -0.2756 -0.6797
vn 0.7992 -0.2757 -0.5340
vn 0.2914 0.6481 0.7036
vn 0.7057 -0.0621 0.7057
vn 0.4231 0.6481 -0.6332
vn 0.3574 0.3571 -0.8629
vn -0.0000 -0.6356 -0.7720
vn 0.1693 -0.4966 -0.8513
vn -0.0000 -0.4966 -0.8680
vn 0.5385 0.6481 0.5385
vn 0.2902 0.8528 0.4342
vn -0.1938 0.1152 -0.9743
vn -0.1947 -0.0621 -0.9789
vn 0.5383 -0.2475 -0.8056
vn 0.3389 0.4645 0.8181
vn -0.1913 -0.1956 -0.9618
vn -0.1913 -0.1956 0.9618
vn -0.3083 0.9287 0.2060
vn -0.2860 0.9146 0.2860
vn -0.2622 0.9287 0.2622
vn -0.6455 -0.7529 -0.1284
vn -0.0000 -0.2758 -0.9612
vn 0.1875 -0.2757 -0.9428
vn 0.9356 -0.2816 -0.2130
vn 0.7392 -0.6579 -0.1442
vn -0.7748 -0.5446 0.3209
vn -0.6279 -0.6555 0.4195
vn -0.6081 -0.7528 0.2519
vn 0.1727 0.4645 -0.8685
vn -0.0000 0.2007 -0.9796
vn 0.7217 -0.4966 0.4822
vn 0.7132 -0.6356 0.2954
vn 0.6419 -0.6356 0.4289
vn -0.8723 -0.4572 -0.1735
vn -0.9051 0.2007 0.3749
vn 0.8513 -0.4966 0.1693
vn 0.7720 -0.6356 -0.0000
vn 0.7572 -0.6356 0.1506
vn -0.8056 -0.2475 0.5383
vn -0.9981 -0.0621 -0.0000
vn -0.8181 0.4645 -0.3389
vn -0.7363 0.4646 -0.4920
vn -0.1822 0.3572 -0.9161
vn -0.0000 0.1152 -0.9933
vn -0.3936 -0.9193 -0.0000
vn 0.1056 -0.9944 -0.0000
vn -0.9060 -0.1956 -0.3753
vn -0.9221 -0.0621 -0.3819
vn -0.7488 -0.6628 -0.0000
vn 0.8914 0.4532 -0.0000
vn 0.9263 0.3288 0.1843
vn 0.9444 0.3288 -0.0000
vn -0.4289 -0.6356 -0.6419
vn -0.6138 -0.4966 -0.6138
vn -0.0000 -0.0367 0.9993
vn -0.1950 -0.0367 0.9801
vn -0.9858 0.1678 -0.0000
vn -0.0000 -0.2475 -0.9689
vn -0.5340 -0.6555 -0.5340
vn 0.7395 -0.4571 0.4941
vn 0.7750 0.5443 -0.3210
vn 0.9805 -0.0236 -0.1950
vn 0.9236 -0.0236 -0.3826
vn -0.0000 -0.0621 -0.9981
vn -0.7720 -0.6356 -0.0000
vn -0.7572 -0.6356 0.1506
vn -0.4195 -0.6555 -0.6279
vn -0.2890 -0.6555 -0.6977
vn -0.7057 -0.0621 0.7057
vn 0.4971 0.8677 -0.0000
vn 0.4100 0.9121 -0.0000
vn 0.3210 0.5443 0.7750
vn 0.5554 -0.0235 0.8312
vn 0.4661 0.5443 0.6975
vn -0.4100 0.9121 -0.0000
vn 0.9468 -0.3218 -0.0000
vn 0.8951 -0.2475 0.3708
vn 0.8747 -0.3218 -0.3623
vn -0.0000 -0.7528 0.6582
vn 0.8228 0.5443 -0.1637
vn 0.9997 -0.0236 -0.0000
vn -0.0000 0.8528 0.5223
vn 0.8723 -0.4572 0.1735
vn 0.8881 -0.2757 0.3679
vn 0.8217 -0.4571 0.3404
vn -0.9807 -0.1956 -0.0000
vn -0.9618 -0.1956 0.1913
vn 0.1822 0.3572 -0.9161
vn -0.4825 0.8528 -0.1999
vn -0.5443 0.2007 -0.8146
vn -0.6262 0.4646 -0.6262
vn 0.6332 0.6481 0.4231
vn -0.3389 0.4645 -0.8181
vn -0.1727 0.4645 -0.8685
vn -0.0000 -0.7528 -0.6582
vn 0.6138 -0.4966 0.6138
vn 0.5459 -0.6356 0.5459
vn -0.1693 -0.4966 -0.8513
vn -0.1506 -0.6356 -0.7572
vn -0.2914 0.6481 0.7036
vn -0.3469 0.7810 0.5193
vn -0.4416 0.7810 0.4416
vn 0.1913 -0.1956 -0.9618
vn -0.8881 -0.2757 0.3679
vn -0.9428 -0.2757 0.1876
vn -0.9997 -0.0236 -0.0000
vn -0.8389 0.5443 -0.0000
vn -0.0000 0.5443 0.8389
vn -0.0000 0.9146 0.4044
vn 0.6289 -0.4571 -0.6289
vn 0.1506 -0.6356 -0.7572
vn 0.3693 0.8528 0.3693
vn -0.0000 -0.6356 0.7720
vn 0.4654 -0.7529 0.4654
vn 0.7853 0.3288 0.5247
vn 0.6678 0.3287 0.6678
vn -0.1548 0.9146 0.3736
vn -0.1637 0.5443 0.8228
vn -0.0789 0.9146 0.3966
vn 0.9981 -0.0621 -0.0000
vn 0.8309 -0.0368 -0.5552
vn 0.7488 -0.6628 -0.0000
vn 0.3469 0.7810 0.5193
vn -0.9177 0.1152 -0.3801
vn -0.6797 -0.2756 0.6797
vn 0.8259 -0.4481 0.3421
vn 0.8747 -0.3218 0.3623
vn 0.8154 -0.1956 0.5448
vn 0.2519 -0.7528 -0.6081
vn 0.5545 -0.0621 0.8299
vn 0.7024 0.1152 0.7024
vn 0.9356 -0.2816 0.2130
vn 0.8154 -0.1956 -0.5448
vn -0.1999 0.8528 -0.4825
vn -0.2914 0.6481 -0.7036
vn -0.5459 -0.6356 0.5459
vn -0.8881 -0.2757 -0.3679
vn -0.9016 0.3395 0.2681
vn -0.9233 -0.0367 0.3824
vn -0.3801 0.1152 0.9177
vn 0.9060 -0.1956 0.3753
vn 0.3679 -0.2757 0.8881
vn 0.0211 0.0055 0.9998
vn 0.6321 -0.4482 0.6321
vn 0.4342 0.8528 -0.2902
vn 0.7766 0.3572 0.5189
vn 0.1846 -0.3243 -0.9278
vn 0.3685 0.2697 -0.8896
vn 0.3620 -0.3243 -0.8739
vn -0.1950 -0.0236 0.9805
vn -0.3004 -0.6195 0.7252
vn -0.1532 -0.6195 0.7699
vn -0.8259 0.1152 -0.5519
vn -0.1019 0.8528 0.5122
vn -0.1875 -0.2757 0.9428
vn -0.8940 -0.4481 -0.0000
vn 0.9278 -0.3243 0.1846
vn 0.8896 0.2697 0.3685
vn 0.8739 -0.3243 0.3620
vn -0.4920 0.4646 -0.7363
vn -0.5383 -0.2475 -0.8056
vn 0.8181 0.4645 -0.3389
vn -0.5383 -0.2475 0.8056
vn -0.1473 -0.6555 -0.7407
vn -0.3656 -0.7529 0.5473
vn -0.1950 -0.0236 -0.9805
vn -0.3210 0.5443 -0.7750
vn -0.1637 0.5443 -0.8228
vn 0.2954 -0.6356 -0.7132
vn 0.4289 -0.6356 -0.6419
vn -0.5193 0.7810 -0.3469
vn 0.9286 -0.3218 0.1847
vn -0.3832 0.9237 -0.0000
vn -0.6457 0.7636 -0.0000
vn -0.3832 0.9236 -0.0000
vn -0.9177 0.1152 0.3801
vn 0.6321 -0.4482 -0.6321
vn -0.9618 -0.1956 -0.1913
vn -0.3210 0.5443 0.7750
vn -0.5554 -0.0235 0.8312
vn -0.3826 -0.0236 0.9236
vn -0.7992 -0.2757 0.5340
vn -0.8513 -0.4966 0.1693
vn -0.0000 0.4645 -0.8856
vn 0.9330 -0.3599 -0.0000
vn -0.5781 0.5758 0.5781
vn -0.6798 0.5758 0.4542
vn 0.8146 0.2007 0.5443
vn 0.7363 0.4646 0.4920
vn 0.5247 0.3288 -0.7853
vn 0.6303 0.4532 -0.6303
vn 0.6678 0.3287 -0.6678
vn -0.9877 0.1557 -0.0144
vn -0.9973 0.0728 -0.0000
vn -0.9974 0.0721 -0.0000
vn -0.9263 0.3288 0.1843
vn -0.8914 0.4532 -0.0000
vn -0.9444 0.3288 -0.0000
vn 0.7243 0.6590 -0.2028
vn -0.6138 -0.4966 0.6138
vn -0.4822 -0.4966 0.7217
vn -0.8217 -0.4571 0.3404
vn 0.4952 0.4532 -0.7412
vn 0.3129 0.5758 -0.7554
vn 0.4542 0.5758 -0.6798
vn 0.6138 -0.4966 -0.6138
vn 0.4822 -0.4966 -0.7217
vn 0.7057 -0.0621 -0.7057
vn -0.4952 0.4532 0.7412
vn -0.4542 0.5758 0.6798
vn 0.8483 0.4628 -0.2573
vn 0.7992 -0.2757 0.5340
vn -0.3753 -0.1956 0.9060
vn -0.9060 -0.1956 0.3753
vn -0.3679 -0.2757 0.8881
vn -0.7766 0.3572 0.5189
vn -0.9286 -0.3218 0.1847
vn 0.3736 0.9146 0.1548
vn 0.3637 0.9287 0.0723
vn 0.3426 0.9287 0.1419
vn -0.2954 -0.6356 -0.7132
vn 0.1937 -0.1183 0.9739
vn 0.3750 -0.1997 0.9053
vn 0.3800 -0.1182 0.9174
vn -0.8154 -0.1956 -0.5448
vn 0.7132 -0.6356 -0.2954
vn 0.7572 -0.6356 -0.1506
vn 0.4952 0.4532 0.7412
vn 0.6929 -0.1998 -0.6929
vn -0.5545 -0.0621 -0.8299
vn -0.9468 -0.3218 -0.0000
vn 0.4234 0.8888 -0.1754
vn 0.7583 0.6342 -0.1509
vn 0.7143 0.6342 -0.2959
vn 0.3241 0.8888 -0.3241
vn 0.4295 0.6343 -0.6428
vn 0.2545 0.8889 -0.3810
vn 0.1693 -0.4966 0.8513
vn -0.0000 0.3572 -0.9340
vn -0.8483 0.4628 -0.2573
vn 0.3800 -0.1182 -0.9174
vn 0.5444 -0.1997 -0.8147
vn 0.3750 -0.1997 -0.9053
vn 0.2959 0.6342 0.7143
vn 0.5516 -0.1183 0.8257
vn 0.4295 0.6343 0.6428
vn 0.3322 -0.4966 -0.8019
vn 0.1937 -0.1183 -0.9739
vn 0.1911 -0.1997 -0.9610
vn 0.1883 -0.2619 -0.9466
vn -0.0000 -0.2619 -0.9651
vn 0.4704 0.5320 -0.7041
vn 0.3966 0.9146 0.0789
vn 0.3709 0.9287 -0.0000
vn -0.8513 -0.4966 -0.1693
vn -0.7572 -0.6356 -0.1506
vn -0.0000 0.9287 -0.3709
vn 0.0789 0.9146 -0.3966
vn -0.0000 0.9146 -0.4044
vn 0.3693 -0.2618 -0.8916
vn -0.5516 -0.1183 0.8257
vn -0.6929 -0.1998 0.6929
vn -0.5444 -0.1997 0.8147
vn 0.0894 0.8889 -0.4494
vn -0.0000 0.6342 -0.7732
vn -0.0000 0.8889 -0.4581
vn -0.7132 -0.6356 -0.2954
vn 0.8312 -0.0235 0.5554
vn 0.7750 0.5443 0.3210
vn 0.6975 0.5443 0.4661
vn -0.1419 0.9287 -0.3426
vn -0.2247 0.9146 -0.3363
vn -0.2060 0.9287 -0.3083
vn -0.4234 0.8888 -0.1754
vn -0.7583 0.6342 -0.1509
vn -0.4494 0.8889 -0.0894
vn -0.3736 0.9146 -0.1548
vn -0.3637 0.9287 -0.0723
vn -0.3426 0.9287 -0.1419
vn 0.3966 0.9146 -0.0789
vn 0.3637 0.9287 -0.0723
vn -0.1693 -0.4966 0.8513
vn -0.0000 -0.4966 0.8680
vn -0.8257 -0.1183 -0.5516
vn -0.7143 0.6342 -0.2959
vn -0.6428 0.6343 -0.4295
vn -0.3800 -0.1182 -0.9174
vn -0.5444 -0.1997 -0.8147
vn -0.5516 -0.1183 -0.8257
vn 0.7022 -0.1182 -0.7022
vn 0.5516 -0.1183 -0.8257
vn -0.1937 -0.1183 -0.9739
vn -0.3750 -0.1997 -0.9053
vn -0.8147 -0.1997 0.5444
vn -0.7823 0.5319 0.3241
vn -0.7041 0.5320 0.4704
vn -0.4704 0.5320 -0.7041
vn -0.6929 -0.1998 -0.6929
vn 0.9610 -0.1997 0.1911
vn 0.8468 0.5319 -0.0000
vn 0.9799 -0.1997 -0.0000
vn -0.3693 -0.2618 -0.8916
vn -0.4822 -0.4966 -0.7217
vn -0.3322 -0.4966 -0.8019
vn 0.9466 -0.2619 0.1883
vn 0.8680 -0.4966 -0.0000
vn -0.3966 0.9146 -0.0789
vn -0.3709 0.9287 -0.0000
vn 0.8147 -0.1997 -0.5444
vn 0.7823 0.5319 -0.3241
vn 0.2698 -0.8742 0.4038
vn 0.5551 -0.6195 0.5551
vn 0.4361 -0.6195 0.6527
vn 0.8916 -0.2618 0.3693
vn 0.8019 -0.4965 0.3322
vn -0.1937 -0.1183 0.9739
vn -0.3750 -0.1997 0.9053
vn -0.1911 -0.1997 0.9610
vn 0.9053 -0.1997 0.3750
vn 0.8305 0.5319 0.1652
vn 0.1419 0.9287 0.3426
vn 0.4704 0.5320 0.7041
vn 0.3241 0.5319 0.7823
vn 0.9174 -0.1182 -0.3800
vn 0.7041 0.5320 0.4704
vn 0.7823 0.5319 0.3241
vn 0.3241 0.8888 0.3241
vn 0.6428 0.6343 0.4295
vn 0.3810 0.8889 0.2545
vn -0.3810 0.8889 0.2545
vn -0.7143 0.6342 0.2959
vn -0.6428 0.6343 0.4295
vn 0.4234 0.8888 0.1754
vn 0.7583 0.6342 0.1509
vn 0.4494 0.8889 0.0894
vn -0.3693 -0.2618 0.8916
vn -0.1883 -0.2619 0.9466
vn -0.7217 -0.4966 -0.4822
vn 0.6929 -0.1998 0.6929
vn 0.8147 -0.1997 0.5444
vn 0.8257 -0.1183 0.5516
vn 0.7022 -0.1182 0.7022
vn -0.8025 -0.2619 0.5362
vn -0.6824 -0.2619 0.6824
vn 0.7143 0.6342 0.2959
vn -0.0000 -0.1183 -0.9930
vn -0.1911 -0.1997 -0.9610
vn -0.8312 -0.0235 -0.5554
vn -0.7252 -0.6195 -0.3004
vn -0.9236 -0.0236 -0.3826
vn -0.8019 -0.4965 0.3322
vn -0.6975 0.5443 -0.4661
vn 0.8513 -0.4966 -0.1693
vn 0.8019 -0.4965 -0.3322
vn -0.4661 0.5443 0.6975
vn -0.7069 -0.0235 0.7069
vn 0.7217 -0.4966 -0.4822
vn -0.7252 -0.6195 0.3004
vn -0.4762 -0.8742 0.0948
vn -0.4486 -0.8742 0.1858
vn 0.9174 -0.1182 0.3800
vn 0.8025 -0.2619 0.5362
vn 0.8305 0.5319 -0.1652
vn -0.3426 0.9287 0.1419
vn -0.3363 0.9146 0.2247
vn -0.2060 0.9287 0.3083
vn -0.2247 0.9146 0.3363
vn 0.8257 -0.1183 -0.5516
vn -0.7022 -0.1182 -0.7022
vn -0.5468 0.6341 -0.5468
vn 0.8312 -0.0235 -0.5554
vn 0.7252 -0.6195 -0.3004
vn 0.6527 -0.6195 -0.4361
vn 0.2060 0.9287 -0.3083
vn 0.2860 0.9146 -0.2860
vn 0.2247 0.9146 -0.3363
vn -0.9610 -0.1997 -0.1911
vn -0.9930 -0.1183 -0.0000
vn -0.9739 -0.1183 -0.1937
vn 0.6975 0.5443 -0.4661
vn -0.0000 0.5319 -0.8468
vn -0.0000 -0.1997 -0.9799
vn 0.7699 -0.6195 -0.1532
vn 0.4856 -0.8742 -0.0000
vn 0.4762 -0.8742 -0.0948
vn 0.7069 -0.0235 0.7069
vn 0.5932 0.5443 0.5932
vn 0.2247 0.9146 0.3363
vn 0.7252 -0.6195 0.3004
vn 0.4762 -0.8742 0.0948
vn 0.7699 -0.6195 0.1532
vn 0.1419 0.9287 -0.3426
vn 0.1548 0.9146 -0.3736
vn 0.8916 -0.2618 -0.3693
vn 0.8025 -0.2619 -0.5362
vn 0.3693 -0.2618 0.8916
vn 0.4822 -0.4966 0.7217
vn 0.3322 -0.4966 0.8019
vn 0.9739 -0.1183 0.1937
vn 0.7732 0.6342 -0.0000
vn 0.3426 0.9287 -0.1419
vn 0.3083 0.9287 -0.2060
vn 0.1652 0.5319 -0.8305
vn 0.0723 0.9287 -0.3637
vn -0.0000 0.9287 0.3709
vn 0.0723 0.9287 0.3637
vn 0.2060 0.9287 0.3083
vn 0.9739 -0.1183 -0.1937
vn 0.9053 -0.1997 -0.3750
vn 0.3363 0.9146 0.2247
vn 0.5444 -0.1997 0.8147
vn -0.0000 -0.1183 0.9930
vn 0.1911 -0.1997 0.9610
vn 0.6428 0.6343 -0.4295
vn 0.5464 0.6347 -0.5465
vn -0.8147 -0.1997 -0.5444
vn -0.4295 0.6343 -0.6428
vn -0.3241 0.8888 -0.3241
vn -0.2545 0.8889 -0.3810
vn -0.7243 0.6590 -0.2028
vn -0.2959 0.6342 0.7143
vn -0.3800 -0.1182 0.9174
vn -0.1883 -0.2619 -0.9466
vn -0.8259 -0.4481 0.3421
vn -0.0789 0.9146 -0.3966
vn -0.0723 0.9287 -0.3637
vn -0.3966 0.9146 0.0789
vn -0.3637 0.9287 0.0723
vn -0.7750 0.5443 0.3210
vn -0.8312 -0.0235 0.5554
vn -0.6975 0.5443 0.4661
vn -0.0894 0.8889 -0.4494
vn -0.9610 -0.1997 0.1911
vn -0.8468 0.5319 -0.0000
vn -0.8305 0.5319 0.1652
vn 0.3241 0.5319 -0.7823
vn 0.2959 0.6342 -0.7143
vn 0.1754 0.8888 -0.4234
vn 0.1883 -0.2619 0.9466
vn 0.3363 0.9146 -0.2247
vn -0.3241 0.8888 0.3241
vn -0.5468 0.6341 0.5468
vn -0.4234 0.8888 0.1754
vn -0.7583 0.6342 0.1509
vn -0.3322 -0.4966 0.8019
vn -0.1652 0.5319 -0.8305
vn -0.3241 0.5319 -0.7823
vn -0.7732 0.6342 -0.0000
vn -0.9739 -0.1183 0.1937
vn -0.7823 0.5319 -0.3241
vn 0.1652 0.5319 0.8305
vn -0.0000 0.5319 0.8468
vn -0.0000 0.6342 0.7732
vn 0.0894 0.8889 0.4494
vn -0.0000 0.8889 0.4581
vn -0.7992 -0.2757 -0.5340
vn 0.9877 0.1557 -0.0144
vn 0.9973 0.0728 -0.0000
vn 0.9853 0.1708 -0.0000
vn 0.9930 -0.1183 -0.0000
vn 0.9610 -0.1997 -0.1911
vn 0.4581 0.8889 -0.0000
vn 0.3736 0.9146 -0.1548
vn 0.1509 0.6342 -0.7583
vn -0.8916 -0.2618 -0.3693
vn -0.8019 -0.4965 -0.3322
vn -0.5988 0.5319 0.5988
vn 0.9466 -0.2619 -0.1883
vn 0.3801 0.1152 -0.9177
vn -0.9174 -0.1182 -0.3800
vn -0.4704 0.5320 0.7041
vn -0.1419 0.9287 0.3426
vn -0.3241 0.5319 0.7823
vn -0.9053 -0.1997 0.3750
vn 0.5988 0.5319 0.5988
vn -0.8916 -0.2618 0.3693
vn -0.5551 -0.6195 0.5551
vn -0.2698 -0.8742 0.4038
vn -0.4361 -0.6195 0.6527
vn -0.9053 -0.1997 -0.3750
vn -0.2959 0.6342 -0.7143
vn -0.1754 0.8888 -0.4234
vn -0.8680 -0.4966 -0.0000
vn -0.9466 -0.2619 0.1883
vn -0.3736 0.9146 0.1548
vn -0.0000 -0.1997 0.9799
vn 0.5362 -0.2619 0.8025
vn -0.7699 -0.6195 -0.1532
vn -0.4856 -0.8742 -0.0000
vn -0.7850 -0.6194 -0.0000
vn -0.2860 0.9146 -0.2860
vn -0.3363 0.9146 -0.2247
vn -0.3083 0.9287 -0.2060
vn -0.0000 -0.2619 0.9651
vn -0.8305 0.5319 -0.1652
vn -0.1652 0.5319 0.8305
vn -0.9174 -0.1182 0.3800
vn -0.8257 -0.1183 0.5516
vn -0.7022 -0.1182 0.7022
vn 0.5464 0.6344 0.5469
vn 0.8389 0.5443 -0.0000
vn -0.4038 -0.8742 0.2698
vn -0.3433 -0.8742 0.3433
vn 0.1637 0.5443 -0.8228
vn 0.3210 0.5443 -0.7750
vn -0.1846 -0.3243 -0.9278
vn -0.0000 0.2697 -0.9629
vn -0.0000 -0.3243 -0.9460
vn -0.5247 0.3288 0.7853
vn -0.6678 0.3287 0.6678
vn 0.4661 0.5443 -0.6975
vn 0.1846 -0.3243 0.9278
vn -0.0000 0.2697 0.9629
vn -0.0000 -0.3243 0.9460
vn -0.4295 0.6343 0.6428
vn -0.6527 -0.6195 0.4361
vn -0.1548 0.9146 -0.3736
vn -0.8228 0.5443 0.1637
vn 0.9805 -0.0236 0.1950
vn 0.9236 -0.0236 0.3826
vn 0.7850 -0.6194 -0.0000
vn 0.5247 0.3288 0.7853
vn 0.7069 -0.0235 -0.7069
vn 0.5932 0.5443 -0.5932
vn -0.9805 -0.0236 0.1950
vn -0.9236 -0.0236 0.3826
vn -0.0000 -0.0236 0.9997
vn -0.0000 -0.8742 0.4856
vn -0.0000 -0.6194 0.7850
vn 0.5362 -0.2619 -0.8025
vn 0.1532 -0.6195 0.7699
vn -0.0000 -0.0236 -0.9997
vn -0.0000 0.5443 -0.8389
vn -0.4762 -0.8742 -0.0948
vn 0.4361 -0.6195 -0.6527
vn 0.1858 -0.8742 -0.4486
vn 0.3004 -0.6195 -0.7252
vn 0.0948 -0.8742 0.4762
vn 0.4486 -0.8742 -0.1858
vn -0.4361 -0.6195 -0.6527
vn -0.7069 -0.0235 -0.7069
vn -0.0948 -0.8742 0.4762
vn 0.6527 -0.6195 0.4361
vn 0.4486 -0.8742 0.1858
vn 0.1858 -0.8742 0.4486
vn -0.5932 0.5443 0.5932
vn 0.5554 -0.0235 -0.8312
vn 0.4038 -0.8742 0.2698
vn 0.1879 0.2697 -0.9444
vn -0.9799 -0.1997 -0.0000
vn 0.8228 0.5443 0.1637
vn -0.0723 0.9287 0.3637
vn -0.4044 0.9146 -0.0000
vn 0.3826 -0.0236 -0.9236
vn 0.1950 -0.0236 -0.9805
vn 0.1532 -0.6195 -0.7699
vn -0.0304 0.0247 -0.9992
vn -0.0000 -0.0000 -1.0000
vn 0.0359 -0.0045 0.9993
vn 0.0079 0.0019 1.0000
vn -0.6527 -0.6195 -0.4361
vn 0.5350 0.2697 -0.8007
vn 0.5255 -0.3243 -0.7865
vn 0.9546 -0.2979 -0.0000
vn 0.9998 0.0174 -0.0000
vn -0.5766 0.8081 -0.1204
vn -0.6869 0.7062 -0.1715
vn -0.5362 -0.2619 0.8025
vn -0.7865 -0.3243 -0.5255
vn -0.6809 0.2697 -0.6809
vn -0.6689 -0.3243 -0.6689
vn -0.3810 0.8889 -0.2545
vn 0.5551 -0.6195 -0.5551
vn -0.9466 -0.2619 -0.1883
vn -0.9629 0.2697 -0.0000
vn -0.9278 -0.3243 -0.1846
vn -0.9460 -0.3243 -0.0000
vn -0.3685 0.2697 -0.8896
vn -0.3620 -0.3243 -0.8739
vn 0.0304 0.0247 -0.9992
vn -0.1843 0.3288 0.9263
vn -0.0000 0.4532 0.8914
vn -0.0894 0.8889 0.4494
vn -0.5350 0.2697 -0.8007
vn -0.5255 -0.3243 -0.7865
vn -0.1846 -0.3243 0.9278
vn 0.5766 0.8081 -0.1204
vn -0.2545 0.8889 0.3810
vn -0.1754 0.8888 0.4234
vn -0.4661 0.5443 -0.6975
vn 0.1843 0.3288 0.9263
vn -0.0000 0.3288 0.9444
vn 0.2545 0.8889 0.3810
vn 0.1754 0.8888 0.4234
vn -0.1858 -0.8742 0.4486
vn 0.1509 0.6342 0.7583
vn 0.4044 0.9146 -0.0000
vn -0.1509 0.6342 -0.7583
vn -0.4494 0.8889 0.0894
vn -0.7699 -0.6195 0.1532
vn -0.0000 0.5758 -0.8176
vn 0.1595 0.5758 -0.8019
vn -0.5932 0.5443 -0.5932
vn 0.4038 -0.8742 -0.2698
vn 0.4494 0.8889 -0.0894
vn -0.5362 -0.2619 -0.8025
vn 0.3433 -0.8742 -0.3433
vn -0.9278 -0.3243 0.1846
vn 0.0948 -0.8742 -0.4762
vn -0.1858 -0.8742 -0.4486
vn -0.3614 0.3288 0.8725
vn 0.3810 0.8889 -0.2545
vn -0.0000 -0.8742 -0.4856
vn -0.0000 -0.6194 -0.7850
vn -0.7095 0.7047 -0.0000
vn -0.6539 0.7566 0.0061
vn 0.2698 -0.8742 -0.4038
vn -0.8896 0.2697 -0.3685
vn -0.8739 -0.3243 -0.3620
vn -0.0000 -1.0000 -0.0000
vn 0.9263 0.3288 -0.1843
vn 0.3411 0.4532 -0.8236
vn 0.3614 0.3288 -0.8725
vn -0.4952 0.4532 -0.7412
vn -0.3614 0.3288 -0.8725
vn -0.8236 0.4532 0.3411
vn -0.8743 0.4532 0.1739
vn 0.6824 -0.2619 -0.6824
vn -0.1578 0.0584 -0.9857
vn -0.0101 0.0228 -0.9997
vn -0.0775 0.0812 -0.9937
vn 0.7609 -0.6489 -0.0000
vn 0.5766 0.8081 0.1204
vn 0.6869 0.7062 0.1715
vn -0.7609 -0.6489 -0.0000
vn -0.9546 -0.2979 -0.0000
vn 0.3614 0.3288 0.8725
vn -0.5766 0.8081 0.1204
vn -0.9998 0.0174 -0.0000
vn -0.9997 0.0116 -0.0201
vn 0.6689 -0.3243 -0.6689
vn -0.0669 -0.0104 0.9977
vn -0.0304 0.0247 0.9992
vn 0.8236 0.4532 0.3411
vn 0.8725 0.3288 0.3614
vn 0.9877 0.1557 0.0144
vn 0.9974 0.0721 -0.0000
vn 0.3620 -0.3243 0.8739
vn 0.5350 0.2697 0.8007
vn 0.3685 0.2697 0.8896
vn -0.9981 -0.0609 -0.0000
vn -0.9937 0.1119 -0.0000
vn -0.9982 -0.0601 -0.0000
vn -0.2698 -0.8742 -0.4038
vn -0.5551 -0.6195 -0.5551
vn 0.9944 -0.1060 -0.0000
vn -0.1532 -0.6195 -0.7699
vn -0.1509 0.6342 0.7583
vn 0.9444 0.2697 0.1879
vn 0.7412 0.4532 -0.4952
vn 0.5781 0.5758 -0.5781
vn 0.6798 0.5758 -0.4542
vn 0.8176 0.5758 -0.0000
vn 0.8743 0.4532 0.1739
vn -0.9998 -0.0203 -0.0000
vn -0.9809 0.1436 0.1313
vn -0.9695 0.1954 0.1480
vn -0.5471 0.8371 -0.0000
vn 0.0125 0.0035 0.9999
vn -0.0211 0.0055 -0.9998
vn 0.7095 0.7047 -0.0000
vn 0.6539 0.7566 -0.0061
vn 0.0101 0.0228 -0.9997
vn 0.1578 0.0584 -0.9857
vn 0.0775 0.0812 -0.9937
vn -0.4486 -0.8742 -0.1858
vn 0.1731 0.0073 0.9849
vn 0.1578 0.0584 0.9857
vn -0.0948 -0.8742 -0.4762
vn -0.9998 -0.0190 -0.0000
vn 0.0125 0.0035 -0.9999
vn 0.0017 -0.0268 -0.9996
vn -0.4581 0.8889 -0.0000
vn 0.7554 0.5758 -0.3129
vn 0.8236 0.4532 -0.3411
vn -0.4038 -0.8742 -0.2698
vn 0.7554 0.5758 0.3129
vn -0.0669 -0.0104 -0.9977
vn -0.0000 0.5758 0.8176
vn 0.1731 0.0073 -0.9849
vn 0.9444 0.2697 -0.1879
vn 0.6539 0.7566 0.0061
vn 0.0101 0.0228 0.9997
vn -0.8025 -0.2619 -0.5362
vn -0.9997 0.0116 0.0201
vn 0.9997 0.0116 0.0201
vn 0.9899 0.1028 0.0975
vn -0.1739 0.4532 -0.8743
vn -0.6041 -0.7969 -0.0000
vn -0.9011 -0.4335 -0.0000
vn -0.3129 0.5758 -0.7554
vn -0.3411 0.4532 -0.8236
vn 0.0202 0.1266 -0.9917
vn 0.0631 0.0587 -0.9963
vn -0.0026 0.1358 -0.9907
vn 0.0211 0.0055 -0.9998
vn -0.1595 0.5758 0.8019
vn 0.6869 0.7062 -0.1715
vn -0.7554 0.5758 -0.3129
vn -0.7412 0.4532 -0.4952
vn -0.8236 0.4532 -0.3411
vn 0.9937 0.1119 -0.0000
vn 0.0669 -0.0104 0.9977
vn 0.0304 0.0247 0.9992
vn 0.9981 -0.0609 -0.0000
vn 0.9982 -0.0601 -0.0000
vn -0.0101 0.0228 0.9997
vn -0.0125 0.0035 0.9999
vn -0.6539 0.7566 -0.0061
vn 0.0669 -0.0104 -0.9977
vn -0.9944 -0.1060 -0.0000
vn -0.1731 0.0073 0.9849
vn -0.1578 0.0584 0.9857
vn 0.5471 0.8371 -0.0000
vn 0.9998 -0.0200 -0.0000
vn -0.7554 0.5758 0.3129
vn -0.8019 0.5758 0.1595
vn -0.0017 -0.0268 0.9996
vn -0.9877 0.1557 0.0144
vn -0.9853 0.1708 -0.0000
vn -0.0125 0.0035 -0.9999
vn -0.5781 0.5758 -0.5781
vn 0.9809 0.1433 0.1315
vn 0.9692 0.1956 0.1493
vn 0.9858 0.1678 -0.0000
vn -0.9924 0.1229 -0.0000
vn -0.9899 0.1028 -0.0975
vn -0.1731 0.0073 -0.9849
vn -0.8176 0.5758 -0.0000
vn 0.9998 -0.0190 -0.0000
vn -0.8743 0.4532 -0.1739
vn -0.0775 0.0812 0.9937
vn 0.0079 0.0019 -1.0000
vn 0.0359 -0.0045 -0.9993
vn -0.9822 0.1877 -0.0000
vn -0.9845 0.1617 -0.0680
vn 0.9931 0.1172 -0.0000
vn -0.1474 0.0878 -0.9852
vn -0.0609 0.0686 -0.9958
vn 0.2390 0.7810 0.5770
vn 0.0629 0.0352 0.9974
vn 0.0363 -0.0022 0.9993
vn -0.6869 0.7062 0.1715
vn 0.0631 0.0587 0.9963
vn 0.0202 0.1266 0.9917
vn -0.0026 0.1358 0.9907
vn -0.2969 0.0607 0.9530
vn -0.1474 0.0878 0.9852
vn 0.0775 0.0812 0.9937
vn 0.8743 0.4532 -0.1739
vn -0.0609 0.0686 0.9958
vn -0.9845 0.1617 0.0680
vn 0.8019 0.5758 -0.1595
vn -0.2969 0.0607 -0.9530
vn -0.0359 -0.0045 -0.9993
vn -0.0079 0.0019 -1.0000
vn 0.0363 -0.0022 -0.9993
vn 0.0629 0.0352 -0.9974
vn 0.9822 0.1877 -0.0000
vn 0.9845 0.1617 -0.0680
vn -0.1951 -0.0000 -0.9808
vn -0.9933 0.1157 -0.0000
vn -0.8315 -0.0000 -0.5556
vn -0.7071 -0.0000 -0.7071
vn 0.9845 0.1617 0.0680
vn 0.1474 0.0878 -0.9852
vn 0.0609 0.0686 -0.9958
vn 0.1474 0.0878 0.9852
vn 0.0609 0.0686 0.9958
vn 0.4416 0.7810 0.4416
vn 0.2969 0.0607 0.9530
vn -0.8315 -0.0000 0.5556
vn -0.9239 -0.0000 0.3827
vn -0.0363 -0.0022 0.9993
vn -0.0629 0.0352 0.9974
vn -0.0629 0.0352 -0.9974
vn -0.0363 -0.0022 -0.9993
vn -0.0202 0.1266 0.9917
vn -0.0631 0.0587 0.9963
vn 0.0026 0.1358 0.9907
vn -0.9808 -0.0000 0.1951
vn -1.0000 -0.0000 -0.0000
vn -0.9808 -0.0000 -0.1951
vn -0.1951 -0.0000 0.9808
vn -0.3827 -0.0000 0.9239
vn -0.5556 -0.0000 0.8315
vn 0.2969 0.0607 -0.9530
vn -0.7071 -0.0000 0.7071
vn -0.9239 -0.0000 -0.3827
vn 0.5770 0.7810 0.2390
vn -0.5556 -0.0000 -0.8315
vn -0.3827 -0.0000 -0.9239
vn 0.1951 -0.0000 -0.9808
vn 0.8315 -0.0000 0.5556
vn 0.7071 -0.0000 0.7071
vn -0.0000 -0.6664 -0.7456
vn -0.1455 -0.6664 -0.7313
vn -0.5272 -0.6664 -0.5272
vn -0.6200 -0.6664 -0.4143
vn -0.1712 0.4795 0.8607
vn -0.3685 0.2697 0.8896
vn -0.1879 0.2697 0.9444
vn -0.4875 0.4795 -0.7297
vn 0.7071 -0.0000 -0.7071
vn 0.8315 -0.0000 -0.5556
vn 0.9239 -0.0000 -0.3827
vn 0.9808 -0.0000 -0.1951
vn -0.8739 -0.3243 0.3620
vn -0.7313 -0.6664 0.1455
vn -0.6889 -0.6664 0.2854
vn -0.6889 -0.6664 -0.2854
vn -0.7297 0.4795 -0.4875
vn -0.8007 0.2697 -0.5350
vn 0.9239 -0.0000 0.3827
vn 0.5556 -0.0000 0.8315
vn -0.2854 -0.6664 -0.6889
vn -0.7456 -0.6664 -0.0000
vn -0.8607 0.4795 0.1712
vn -0.9444 0.2697 0.1879
vn 1.0000 -0.0000 -0.0000
vn 0.9808 -0.0000 0.1951
vn -0.5255 -0.3243 0.7865
vn -0.5272 -0.6664 0.5272
vn -0.4143 -0.6664 0.6200
vn -0.7313 -0.6664 -0.1455
vn -0.8607 0.4795 -0.1712
vn -0.9444 0.2697 -0.1879
vn 0.3827 -0.0000 -0.9239
vn 0.5556 -0.0000 -0.8315
vn -0.4143 -0.6664 -0.6200
vn -0.4875 0.4795 0.7297
vn -0.5350 0.2697 0.8007
vn -0.7297 0.4795 0.4875
vn -0.8896 0.2697 0.3685
vn -0.8007 0.2697 0.5350
vn 0.3827 -0.0000 0.9239
vn 0.1951 -0.0000 0.9808
vn -0.1455 -0.6664 0.7313
vn -0.3620 -0.3243 0.8739
vn -0.2854 -0.6664 0.6889
vn -0.6809 0.2697 0.6809
vn -0.1712 0.4795 -0.8607
vn -0.1879 0.2697 -0.9444
vn -0.0000 -0.6664 0.7456
vn -0.7865 -0.3243 0.5255
vn -0.6200 -0.6664 0.4143
vn 0.1455 -0.6664 -0.7313
vn 0.2854 -0.6664 -0.6889
vn 0.7456 -0.6664 -0.0000
vn 0.4143 -0.6664 -0.6200
vn 0.5272 -0.6664 -0.5272
vn 0.6200 -0.6664 -0.4143
vn 0.7313 -0.6664 0.1455
vn 0.7297 0.4795 0.4875
vn 0.8007 0.2697 0.5350
vn 0.4875 0.4795 0.7297
vn 0.3358 0.4795 0.8108
vn 0.1712 0.4795 0.8607
vn 0.1879 0.2697 0.9444
vn 0.7297 0.4795 -0.4875
vn 0.8108 0.4795 -0.3358
vn 0.2854 -0.6664 0.6889
vn 0.5255 -0.3243 0.7865
vn 0.1455 -0.6664 0.7313
vn 0.4875 0.4795 -0.7297
vn 0.6205 0.4795 -0.6205
vn 0.8607 0.4795 0.1712
vn 0.1712 0.4795 -0.8607
vn 0.6809 0.2697 0.6809
vn 0.6205 0.4795 0.6205
vn 0.6889 -0.6664 0.2854
vn 0.5272 -0.6664 0.5272
vn 0.4143 -0.6664 0.6200
vn 0.7865 -0.3243 0.5255
vn 0.6689 -0.3243 0.6689
vn 0.6889 -0.6664 -0.2854
vn 0.7313 -0.6664 -0.1455
vn -0.0000 0.4795 0.8776
vn 0.8607 0.4795 -0.1712
vn 0.3358 0.4795 -0.8108
vn 0.6200 -0.6664 0.4143
vn 0.8776 0.4795 -0.0000
vn 0.8108 0.4795 0.3358
vn -0.9263 0.3288 -0.1843
vn -0.1843 0.3288 -0.9263
vn 0.8725 0.3288 -0.3614
vn -0.8725 0.3288 -0.3614
vn -0.7853 0.3288 -0.5247
vn -0.6689 -0.3243 0.6689
vn -0.8725 0.3288 0.3614
vn -0.0000 0.3288 -0.9444
vn 0.7853 0.3288 -0.5247
vn -0.9899 0.1028 0.0975
vn -0.0000 0.7810 0.6245
vn -0.2390 0.7810 -0.5770
vn -0.5770 0.7810 -0.2390
vn -0.0000 0.7810 -0.6245
vn -0.4416 0.7810 -0.4416
vn 0.1595 0.5758 0.8019
vn 0.1875 -0.2757 0.9428
vn -0.1875 -0.2757 -0.9428
vn 0.6798 0.5758 0.4542
vn -0.9428 -0.2757 -0.1876
vn 0.9428 -0.2757 0.1876
vn 0.4542 0.5758 0.6798
vn 0.9651 -0.2619 -0.0000
vn 0.3433 -0.8742 0.3433
vn 0.6824 -0.2619 0.6824
vn -0.9651 -0.2619 -0.0000
vn -0.6824 -0.2619 -0.6824
vn -0.7199 0.6938 0.0186
vn -0.3433 -0.8742 -0.3433
vn 0.8019 0.5758 0.1595
vn 0.0017 -0.0268 0.9996
vn 0.7199 0.6938 -0.0186
vn 0.7199 0.6938 0.0186
vn -0.1595 0.5758 -0.8019
vn -0.4542 0.5758 -0.6798
vn -0.6798 0.5758 -0.4542
vn -0.7199 0.6938 -0.0186
vn -0.0017 -0.0268 -0.9996
vn -0.8019 0.5758 -0.1595
vn -0.3358 0.4795 0.8108
vn -0.6205 0.4795 -0.6205
vn -0.8108 0.4795 -0.3358
vn -0.8776 0.4795 -0.0000
vn -0.8108 0.4795 0.3358
vn -0.6205 0.4795 0.6205
vn -0.0000 0.4795 -0.8776
vn -0.3358 0.4795 -0.8108
s 1
f 1097//1 1439//2 1437//3
f 391//4 179//5 450//6
f 395//7 201//8 241//9
f 60//10 1013//11 1113//12
f 580//13 128//14 126//15
f 578//16 117//17 115//18
f 544//19 92//20 543//21
f 123//22 548//23 131//24
f 1048//25 1135//26 1146//25
f 550//27 111//28 559//29
f 331//30 226//31 227//32
f 199//33 375//34 198//35
f 471//36 206//37 1115//38
f 499//39 157//40 517//41
f 205//42 380//43 381//44
f 369//45 269//46 339//47
f 24//48 414//49 26//50
f 361//51 261//52 389//53
f 35//54 528//55 33//56
f 370//57 203//58 204//59
f 891//60 904//61 901//62
f 402//63 202//64 1120//65
f 1253//66 1415//67 1417//68
f 898//69 194//70 1062//71
f 1140//72 1049//73 1052//72
f 986//74 260//74 263//74
f 174//75 395//7 207//76
f 351//77 352//78 354//79
f 906//80 925//81 924//80
f 334//82 227//32 228//83
f 542//84 70//85 541//86
f 209//87 404//88 210//89
f 373//90 339//47 340//91
f 490//92 102//93 96//94
f 618//95 711//96 706//97
f 293//98 292//99 319//100
f 3//101 537//102 1//103
f 258//104 385//105 386//106
f 61//107 384//108 73//109
f 522//110 95//111 451//112
f 413//113 137//114 428//115
f 86//116 479//117 88//118
f 358//119 192//120 357//121
f 549//122 109//123 550//27
f 321//124 262//125 361//51
f 172//126 422//127 1017//128
f 32//129 428//115 437//130
f 18//131 535//132 534//133
f 232//134 405//135 408//136
f 398//137 196//138 394//139
f 416//140 139//141 140//142
f 521//143 888//144 1118//145
f 439//146 151//147 152//148
f 291//149 295//150 298//151
f 900//152 1062//71 1063//152
f 393//153 165//154 397//155
f 512//156 35//54 33//56
f 270//157 320//158 324//159
f 291//149 283//160 289//161
f 80//162 509//163 495//164
f 139//141 399//165 140//142
f 302//166 310//167 316//168
f 114//169 519//170 516//171
f 126//15 566//172 565//173
f 322//174 219//175 220//176
f 236//177 389//53 235//178
f 395//7 242//179 400//180
f 303//181 211//182 239//183
f 1444//184 313//185 1082//186
f 446//187 207//76 208//188
f 379//189 1445//190 1451//191
f 224//192 304//193 223//194
f 497//195 157//40 158//196
f 449//197 179//5 180//198
f 407//199 113//200 133//201
f 485//202 1014//203 12//204
f 225//205 306//206 224//192
f 456//207 181//208 182//209
f 1078//152 1028//152 1032//152
f 471//36 183//210 184//211
f 112//212 605//213 604//214
f 272//215 347//216 351//77
f 60//10 1114//217 496//218
f 504//219 67//220 503//221
f 315//222 288//223 343//224
f 314//225 249//226 309//227
f 430//228 2//229 4//230
f 194//231 356//232 322//174
f 500//233 73//109 410//234
f 301//235 256//236 310//167
f 337//237 228//83 229//238
f 326//239 270//157 324//159
f 200//240 376//241 199//33
f 143//242 464//243 468//244
f 132//245 544//19 608//246
f 1457//247 445//248 446//187
f 477//249 85//250 478//251
f 64//252 502//253 501//254
f 387//255 154//256 155//257
f 1067//152 903//152 1064//152
f 461//258 889//259 462//260
f 1466//261 420//262 417//263
f 902//264 919//265 921//266
f 467//267 152//148 491//268
f 426//269 203//58 418//270
f 485//202 10//271 484//272
f 746//273 759//274 747//275
f 1071//276 358//119 1443//277
f 367//278 189//279 190//280
f 157//40 471//36 158//196
f 924//80 1131//281 927//281
f 473//282 6//283 4//230
f 85//250 460//284 87//285
f 381//44 1448//286 1072//287
f 93//288 486//289 91//290
f 156//291 454//292 456//207
f 369//45 296//293 297//294
f 3//101 539//295 538//296
f 96//94 522//110 451//112
f 348//297 216//298 217//299
f 125//300 450//6 147//301
f 414//49 113//200 129//302
f 1261//303 1417//68 1418//304
f 280//305 250//306 283//160
f 5//307 540//308 539//295
f 138//309 390//310 393//153
f 330//311 185//312 214//313
f 1018//314 422//127 146//315
f 147//301 449//197 148//316
f 323//317 293//98 319//100
f 74//318 500//233 410//234
f 366//319 174//75 203//58
f 236//177 411//320 412//321
f 215//322 279//323 282//324
f 190//280 348//297 191//325
f 438//326 177//327 436//328
f 564//329 114//169 563//330
f 540//308 66//331 539//295
f 437//130 137//114 138//309
f 273//332 363//333 276//334
f 852//335 854//336 851//337
f 108//338 603//339 602//340
f 1263//341 1420//342 1264//343
f 1049//73 1033//72 1052//72
f 839//344 1262//345 1432//346
f 1354//347 1107//348 1352//349
f 1073//74 234//74 265//74
f 309//227 284//350 315//222
f 1119//351 78//352 466//353
f 165//154 1216//354 166//355
f 224//192 364//356 372//357
f 1103//358 1355//359 1357//360
f 54//361 498//362 499//39
f 944//363 616//364 615//365
f 404//88 243//366 272//215
f 472//367 24//48 384//108
f 73//109 470//368 410//234
f 219//175 302//166 220//176
f 126//15 564//329 117//17
f 476//369 83//370 477//249
f 27//371 510//372 29//373
f 532//374 114//169 105//375
f 435//376 125//300 141//377
f 305//378 304//193 306//206
f 893//379 399//165 892//380
f 379//189 197//381 398//137
f 364//356 185//312 286//382
f 375//34 225//205 374//383
f 110//384 559//29 112//212
f 1015//385 146//315 444//386
f 585//387 94//388 132//245
f 347//216 315//222 343//224
f 583//389 124//390 122//391
f 549//122 110//384 108//338
f 422//127 170//392 421//393
f 580//13 117//17 579//394
f 493//395 48//396 46//397
f 259//398 305//378 307//399
f 74//318 470//368 80//162
f 394//139 195//400 383//401
f 84//402 511//403 510//372
f 424//404 233//405 429//406
f 373//90 355//407 369//45
f 576//408 102//93 575//409
f 358//119 190//280 191//325
f 266//410 287//411 293//98
f 1169//412 173//413 206//414
f 104//415 532//374 523//416
f 330//311 215//322 335//417
f 375//34 197//381 198//35
f 1447//418 313//185 362//419
f 417//263 232//134 424//404
f 1050//420 1031//73 1049//73
f 559//29 119//421 582//422
f 279//323 239//183 277//423
f 119//421 583//389 582//422
f 268//74 1089//74 266//74
f 56//424 497//195 58//425
f 455//426 135//427 448//428
f 945//429 955//430 954//431
f 433//432 62//433 74//318
f 1076//152 1039//152 1028//152
f 222//434 396//435 392//436
f 501//254 65//437 63//438
f 226//31 308//439 225//205
f 51//440 578//16 49//441
f 578//16 106//442 577//443
f 328//444 327//445 329//446
f 1083//447 362//419 365//448
f 268//449 293//98 320//158
f 1154//450 1455//451 202//452
f 1460//453 420//262 1464//454
f 515//455 128//14 581//456
f 1014//203 444//386 12//204
f 82//457 477//249 84//402
f 406//458 159//459 407//199
f 34//460 461//258 460//284
f 431//461 113//200 368//462
f 443//463 30//464 452//465
f 1350//466 984//467 985//468
f 1216//354 360//469 1446//470
f 260//471 307//399 311//472
f 122//391 607//473 606//474
f 605//213 122//391 606//474
f 535//132 22//475 536//476
f 607//473 132//245 608//246
f 547//477 1113//12 548//23
f 87//285 480//478 479//117
f 325//479 320//158 323//317
f 56//424 547//477 546//480
f 926//481 903//482 907//481
f 1450//483 358//119 357//121
f 175//484 391//4 435//376
f 519//170 50//485 516//171
f 1442//486 1099//487 1440//488
f 98//489 515//455 514//490
f 26//50 443//463 442//491
f 1119//351 153//492 467//267
f 523//416 105//375 103//493
f 866//494 862//495 863//496
f 152//148 469//497 491//268
f 201//8 314//225 241//9
f 326//239 325//479 327//445
f 605//213 55//498 53//499
f 385//105 212//500 213//501
f 447//502 208//188 209//87
f 495//164 27//371 25//503
f 444//386 10//271 12//204
f 399//165 167//504 892//380
f 408//136 273//332 276//334
f 352//78 290//505 294//506
f 406//458 133//201 134//507
f 67//220 484//272 475//508
f 374//383 196//138 197//381
f 354//79 355//407 363//333
f 499//39 149//509 156//291
f 488//510 149//509 498//362
f 41//511 630//512 518//513
f 96//94 549//122 108//338
f 144//514 409//515 135//427
f 135//427 406//458 134//507
f 235//178 386//106 222//434
f 493//395 44//516 492//517
f 208//188 401//518 209//87
f 1178//519 383//401 1444//184
f 522//110 103//493 101//520
f 384//108 79//521 73//109
f 400//180 243//366 401//518
f 431//461 24//48 2//229
f 663//522 590//523 660//524
f 310//167 338//525 316//168
f 309//227 234//526 281//527
f 382//528 276//334 278//529
f 88//118 513//530 512//156
f 218//531 300//532 219//175
f 1458//533 353//534 445//248
f 555//535 11//536 9//537
f 256//236 332//538 310//167
f 359//539 194//231 360//469
f 557//540 15//541 13//542
f 207//76 400//180 208//188
f 192//120 348//297 349//543
f 217//299 298//151 218//531
f 462//260 888//144 463//544
f 115//18 532//374 106//442
f 1452//545 392//436 1465//546
f 465//547 42//548 44//516
f 1126//549 923//550 1152//550
f 118//551 521//143 520//552
f 321//124 220//176 221//553
f 1431//554 1094//555 846//556
f 47//557 614//558 49//441
f 162//559 330//311 188//560
f 78//352 888//144 40//561
f 366//319 201//8 318//562
f 327//445 257//563 258//104
f 188//560 335//417 189//279
f 30//464 413//113 428//115
f 317//564 260//471 311//472
f 1016//565 1029//566 1019//567
f 42//548 534//133 425//568
f 1128//482 926//481 1130//481
f 514//490 39//569 37//570
f 244//571 319//100 238//572
f 452//465 32//129 453//573
f 423//574 206//37 173//575
f 953//576 958//577 957//578
f 402//63 167//504 168//579
f 304//193 185//312 223//194
f 585//387 93//288 507//580
f 205//42 377//581 200//240
f 123//22 585//387 584//582
f 304//193 239//183 240//583
f 149//509 449//197 454//292
f 1026//584 973//585 1029//566
f 159//459 345//586 407//199
f 336//587 264//588 333//589
f 462//260 99//590 97//591
f 489//592 148//316 488//510
f 151//147 436//328 143//242
f 233//405 408//136 382//528
f 441//593 152//148 153//492
f 427//594 204//59 426//269
f 1465//546 396//435 1463//595
f 421//393 144//514 145//596
f 1459//597 418//270 1461//598
f 846//74 275//74 256//74
f 124//390 585//387 132//245
f 292//99 249//226 251//599
f 5//307 554//600 7//601
f 41//511 611//602 43//603
f 257//563 323//317 244//571
f 129//302 387//255 130//604
f 393//153 163//605 164//606
f 339//47 337//237 340//91
f 566//172 118//551 565//173
f 534//133 109//123 107//607
f 538//296 62//433 537//102
f 301//235 254//608 255//609
f 901//62 826//610 825//611
f 685//612 615//365 508//613
f 343//224 290//505 350//614
f 41//511 602//340 17//615
f 170//392 419//616 421//393
f 23//617 537//102 433//432
f 317//564 312//618 331//30
f 449//197 181//208 454//292
f 1092//619 1440//488 1091//620
f 104//415 522//110 102//93
f 50//485 468//244 48//396
f 588//621 791//622 587//623
f 548//23 1013//11 487//624
f 908//281 924//80 927//281
f 24//48 442//491 384//108
f 333//589 331//30 334//82
f 329//446 258//104 261//52
f 420//262 231//625 417//263
f 230//626 373//90 340//91
f 269//46 336//587 339//47
f 419//616 161//627 409//515
f 520//552 1118//145 76//628
f 423//574 172//126 1017//128
f 283//160 252//629 289//161
f 542//84 92//20 72//630
f 404//88 273//332 405//135
f 505//631 69//632 504//219
f 314//225 315//222 341//633
f 474//634 8//635 6//283
f 346//636 228//83 377//581
f 500//233 63//438 61//107
f 119//421 546//480 121//637
f 434//638 141//377 142//639
f 383//401 162//559 313//185
f 29//373 511//403 31//640
f 433//432 80//162 495//164
f 332//538 274//641 328//444
f 422//127 145//596 146//315
f 890//642 140//142 893//379
f 193//643 349//543 356//232
f 26//50 413//113 28//644
f 71//645 486//289 485//202
f 312//618 307//399 308//439
f 247//646 303//181 305//378
f 11//536 541//86 9//537
f 945//429 953//576 944//363
f 1074//647 1025//152 1075//152
f 68//648 502//253 66//331
f 156//291 457//649 157//40
f 161//627 406//458 409//515
f 1093//74 271//74 274//74
f 444//386 145//596 458//650
f 231//625 404//88 405//135
f 243//366 341//633 347//216
f 1243//651 1427//652 1244//653
f 308//439 305//378 306//206
f 792//654 802//655 793//656
f 85//250 479//117 478//251
f 467//267 52//657 76//628
f 95//111 549//122 451//112
f 235//178 392//436 411//320
f 113//200 388//658 129//302
f 338//525 328//444 329//446
f 277//423 211//182 245//659
f 202//64 441//593 1120//65
f 100//660 566//172 128//14
f 351//77 343//224 350//614
f 365//448 188//560 189//279
f 279//323 280//305 282//324
f 137//114 387//255 390//310
f 15//541 543//21 13//542
f 225//205 372//357 374//383
f 1275//661 1424//662 1274//663
f 396//435 1453//664 1463//595
f 68//648 504//219 503//221
f 385//105 244//571 371//665
f 371//665 204//59 212//500
f 64//252 500//233 62//433
f 399//165 165//154 166//355
f 1462//666 417//263 424//404
f 9//537 540//308 7//601
f 8//635 448//428 6//283
f 189//279 342//667 190//280
f 473//282 2//229 472//367
f 458//650 8//635 10//271
f 425//568 107//607 95//111
f 252//74 843//74 253//74
f 238//572 366//319 370//57
f 292//99 201//8 237//668
f 484//272 8//635 475//508
f 434//638 175//484 435//376
f 216//298 282//324 285//669
f 848//670 850//671 847//672
f 19//673 604//214 21//674
f 441//593 186//675 439//146
f 535//132 111//28 109//123
f 889//259 416//140 890//642
f 506//676 93//288 91//290
f 242//179 314//225 341//633
f 1136//677 1044//678 1046//679
f 145//596 455//426 458//650
f 34//460 416//140 36//680
f 1064//152 914//152 1065//152
f 217//299 285//669 291//149
f 486//289 1013//11 1014//203
f 559//29 120//681 112//212
f 566//172 99//590 127//682
f 185//312 279//323 214//313
f 800//683 805//684 801//685
f 492//517 42//548 425//568
f 295//150 252//629 253//686
f 39//569 530//687 37//570
f 1461//598 353//534 1456//688
f 287//411 234//526 249//226
f 344//689 278//529 230//626
f 1357//360 1109//690 1110//691
f 200//240 378//692 380//43
f 199//33 379//189 378//692
f 364//356 162//559 195//400
f 1449//693 379//189 1451//191
f 272//215 354//79 273//332
f 135//427 430//228 448//428
f 506//676 71//645 505//631
f 540//308 70//85 68//648
f 841//694 1435//695 842//696
f 520//552 52//657 519//170
f 355//407 294//506 296//293
f 276//334 373//90 278//529
f 538//296 66//331 64//252
f 1184//697 1055//698 1143//699
f 908//152 1064//152 906//152
f 244//571 370//57 371//665
f 469//497 143//242 468//244
f 389//53 258//104 386//106
f 230//626 337//237 229//238
f 221//553 338//525 262//125
f 142//639 465//547 464//243
f 377//581 227//32 376//241
f 227//32 375//34 376//241
f 42//548 489//592 18//131
f 502//253 67//220 65//437
f 344//689 229//238 346//636
f 420//262 209//87 210//89
f 1105//700 1346//701 989//702
f 490//92 108//338 602//340
f 1114//217 158//196 1116//703
f 138//309 397//155 139//141
f 29//373 527//704 526//705
f 103//493 492//517 101//520
f 587//623 685//612 508//613
f 41//511 575//409 490//92
f 23//617 495//164 25//503
f 177//327 434//638 436//328
f 298//151 299//706 300//532
f 345//586 154//256 388//658
f 1434//707 858//708 859//709
f 143//242 434//638 142//639
f 470//368 82//457 80//162
f 335//417 216//298 342//667
f 285//669 280//305 283//160
f 513//530 98//489 514//490
f 121//637 584//582 583//389
f 21//674 633//710 632//711
f 536//476 54//361 545//712
f 54//361 546//480 545//712
f 134//507 431//461 430//228
f 372//357 195//400 196//138
f 6//283 430//228 4//230
f 1356//713 1107//348 1108//714
f 1462//666 429//406 1454//715
f 333//589 263//716 317//564
f 603//339 112//212 604//214
f 337//237 333//589 334//82
f 456//207 183//210 457//649
f 489//592 125//300 147//301
f 398//137 1178//519 1445//190
f 445//248 174//75 207//76
f 1448//286 378//692 1449//693
f 470//368 81//717 476//369
f 362//419 162//559 188//560
f 89//718 462//260 97//591
f 277//423 248//719 280//305
f 800//683 792//654 791//622
f 477//249 86//116 84//402
f 387//255 163//605 390//310
f 222//434 385//105 213//501
f 511//403 33//56 31//640
f 437//130 139//141 440//720
f 357//121 193//643 359//539
f 89//718 481//721 480//478
f 69//632 485//202 484//272
f 120//681 583//389 122//391
f 67//220 474//634 65//437
f 620//722 722//723 717//724
f 72//630 504//219 70//85
f 45//725 577//443 576//408
f 299//706 253//686 254//608
f 781//726 683//727 807//728
f 11//536 543//21 542//84
f 186//675 438//326 439//146
f 565//173 116//729 564//329
f 65//437 473//282 63//438
f 105//375 493//395 103//493
f 57//730 608//246 59//731
f 1441//732 1097//1 1437//3
f 32//129 440//720 34//460
f 861//733 866//494 863//496
f 494//734 50//485 48//396
f 21//674 605//213 53//499
f 481//721 99//590 482//735
f 655//736 943//737 942//738
f 1116//703 471//36 1115//38
f 101//520 425//568 95//111
f 657//739 939//740 658//741
f 414//49 130//604 413//113
f 23//617 551//742 1//103
f 238//572 292//99 237//668
f 396//435 212//500 427//594
f 1083//447 367//278 1071//276
f 54//361 517//41 56//424
f 32//129 460//284 453//573
f 465//547 125//300 403//743
f 412//321 1452//545 1455//744
f 63//438 472//367 61//107
f 919//265 1127//264 921//266
f 948//745 831//746 779//747
f 749//748 808//749 750//750
f 19//673 632//711 631//751
f 947//752 779//747 776//753
f 72//630 506//676 505//631
f 518//513 671//754 533//755
f 861//733 860//756 831//746
f 621//757 728//758 722//723
f 627//759 39//569 77//760
f 623//761 733//762 586//763
f 632//711 670//764 631//751
f 725//765 651//766 648//767
f 671//768 672//769 533//770
f 75//771 581//456 580//13
f 964//772 966//773 963//774
f 716//775 682//776 742//777
f 636//778 790//779 628//780
f 696//781 775//782 761//783
f 728//758 744//784 935//785
f 23//617 524//786 459//787
f 798//788 789//789 788//790
f 443//463 83//370 81//717
f 795//791 741//792 796//793
f 939//740 950//794 949//795
f 794//796 715//797 795//791
f 662//798 667//799 664//800
f 743//801 745//802 741//792
f 719//803 729//804 724//805
f 640//806 613//807 612//808
f 595//809 558//810 557//540
f 697//811 675//812 775//782
f 864//813 871//814 866//494
f 883//815 962//816 959//817
f 596//818 557//540 556//819
f 720//820 645//821 642//822
f 630//512 670//764 671//754
f 713//823 723//824 719//803
f 684//825 691//826 688//827
f 943//737 952//828 942//738
f 712//829 717//724 718//830
f 598//831 752//832 597//833
f 116//729 520//552 519//170
f 570//834 703//835 702//836
f 596//837 754//838 595//839
f 524//786 573//840 574//841
f 625//842 75//771 51//440
f 692//843 712//829 708//844
f 692//843 819//845 811//846
f 527//704 570//847 571//848
f 597//833 753//849 596//837
f 45//725 575//409 43//603
f 693//850 709//851 794//796
f 880//852 896//853 894//854
f 35//54 530//687 529//855
f 880//852 891//60 879//856
f 57//730 653//857 652//858
f 804//859 810//860 805//684
f 57//730 634//861 55//498
f 818//862 773//863 772//864
f 708//844 820//865 819//845
f 27//371 524//786 25//503
f 554//600 597//866 555//535
f 936//867 728//758 935//785
f 602//340 19//673 17//615
f 666//868 591//869 663//522
f 649//870 590//523 589//871
f 952//828 864//813 951//872
f 797//873 788//790 787//874
f 1011//875 1021//876 1012//877
f 833//878 738//879 735//880
f 763//881 732//882 803//883
f 1016//565 1011//875 1010//884
f 624//885 709//851 622//886
f 427//594 1459//597 1453//664
f 1030//887 934//888 981//889
f 99//590 521//143 127//682
f 957//578 961//890 960//891
f 957//578 618//95 617//892
f 968//893 933//894 971//895
f 796//793 745//802 797//873
f 15//541 653//857 59//731
f 780//896 735//880 734//897
f 634//861 655//898 656//899
f 600//900 553//901 552//902
f 823//903 755//904 754//838
f 866//494 870//905 865//906
f 778//907 780//896 777//908
f 561//909 615//365 679//910
f 690//911 618//95 706//97
f 684//825 617//892 690//911
f 956//912 869//913 952//828
f 619//914 717//724 711//96
f 807//728 689//915 808//749
f 635//916 678//917 781//726
f 808//749 692//843 811//846
f 941//918 950//794 940//919
f 47//557 578//16 577//443
f 745//802 759//274 757//920
f 786//921 638//922 639//923
f 1121//924 441//593 153//492
f 442//491 81//717 79//521
f 491//268 50//485 52//657
f 45//725 613//807 47//557
f 699//925 725//765 721//926
f 518//513 641//927 611//602
f 90//928 481//721 98//489
f 623//761 677//929 710//930
f 675//812 593//931 669//932
f 816//933 814//934 813//935
f 672//769 641//936 533//770
f 668//937 676//938 673//939
f 786//921 797//873 787//874
f 860//756 780//896 830//940
f 658//741 938//941 670//942
f 831//746 830//940 779//747
f 860//756 862//495 833//878
f 551//742 3//101 1//103
f 94//388 506//676 92//20
f 11//536 557//540 13//542
f 693//850 776//753 622//886
f 459//787 601//943 551//742
f 870//905 739//944 865//906
f 571//945 702//836 701//946
f 569//947 704//948 703//835
f 561//909 587//623 508//613
f 526//705 573//840 525//949
f 714//950 716//775 737//951
f 705//952 731//953 704//948
f 759//274 761//783 762//954
f 561//909 680//955 562//956
f 778//907 623//761 624//885
f 302//166 299//706 301//235
f 679//910 616//364 684//825
f 511//403 88//118 512//156
f 609//957 601//958 483//959
f 328//444 271//960 326//239
f 951//872 861//733 950//794
f 338//525 261//52 262//125
f 418//270 174//75 353//534
f 509//163 84//402 510//372
f 608//246 15//541 59//731
f 1222//961 930//962 1221//963
f 22//475 488//510 498//362
f 221//553 302//166 316//168
f 828//964 872//965 956//912
f 356//232 218//531 219//175
f 595//839 755//904 594//966
f 935//785 740//967 870//905
f 348//297 218//531 349//543
f 576//408 106//442 104//415
f 865//906 738//879 862//495
f 1457//247 447//502 1460//453
f 670//942 937//968 671//768
f 664//800 666//868 663//522
f 776//753 624//885 622//886
f 1216//354 357//121 359//539
f 625//842 636//969 626//970
f 551//742 600//900 552//902
f 942//738 951//872 941//918
f 651//766 664//800 661//971
f 121//637 547//477 123//22
f 87//285 461//258 89//718
f 548//23 93//288 131//24
f 558//810 654//972 653//857
f 18//131 488//510 20//973
f 799//974 790//779 789//789
f 1113//12 497//195 1114//217
f 650//975 646//976 647//977
f 606//474 57//730 55//498
f 665//978 673//939 667//799
f 737//951 741//792 715//797
f 611//602 640//806 612//808
f 706//97 712//829 707//979
f 530//687 569//980 529//855
f 716//775 743//801 737//951
f 812//981 769//982 806//983
f 743//801 746//273 747//275
f 757//920 762//954 760//984
f 452//465 85//250 83//370
f 785//985 639//923 640//986
f 531//987 568//988 530//687
f 669//932 592//989 666//868
f 721//926 648//767 645//821
f 554//600 9//537 7//601
f 708//844 718//830 713//823
f 635//916 642//822 560//990
f 949//795 861//733 831//746
f 115//18 564//329 563//330
f 646//976 589//871 588//621
f 536//476 119//421 111//28
f 717//724 723//824 718//830
f 760//984 803//883 799//974
f 599//991 554//600 553//901
f 680//955 683//727 678//917
f 3//101 553//901 5//307
f 481//721 100//660 98//489
f 19//673 630//512 17//615
f 590//523 804//859 589//871
f 713//823 823//903 820//865
f 905//992 774//993 827//994
f 719//803 828//964 823//903
f 742//777 694//995 746//273
f 695//996 761//783 758//997
f 757//920 799//974 798//788
f 459//787 574//841 483//998
f 783//999 675//812 676//938
f 644//1000 561//909 562//956
f 730//1001 662//798 727//1002
f 623//761 714//950 624//885
f 75//771 627//759 77//760
f 33//56 527//704 31//640
f 691//826 692//843 689//915
f 727//1002 651//766 726//1003
f 811//846 752//832 751//1004
f 691//826 706//97 707//979
f 777//908 734//897 733//762
f 664//800 660//524 661//971
f 680//955 684//825 688//827
f 723//824 728//758 729//804
f 744//784 972//1005 1026//584
f 479//117 90//928 88//118
f 555//535 596//818 556//819
f 688//827 689//915 683//727
f 35//54 514//490 37//570
f 48//396 464//243 46//397
f 872//965 729//804 936//867
f 618//95 963//774 619//914
f 812//981 771//1006 770//1007
f 734//897 990//1008 733//762
f 936//867 870//905 871//814
f 735//880 993//1009 734//897
f 1202//1010 1259//1011 1088//1012
f 39//569 581//456 77//760
f 1086//1013 1355//359 1087//1014
f 1138//73 1050//420 1049//73
f 75//771 579//394 51//440
f 738//879 996//1015 735//880
f 1265//1016 1239//1017 1095//1018
f 645//821 644//1000 642//822
f 700//1019 726//1003 725//765
f 732//882 668//937 731//953
f 814//934 818//862 815//1020
f 710//930 681//1021 716//775
f 592//989 821//1022 816//933
f 528//55 569//980 570//847
f 968//893 970//1023 967//1024
f 847//672 681//1021 677//929
f 971//895 934//888 974//1025
f 1440//488 1090//1026 1091//620
f 1010//884 1008//1027 999//1028
f 816//933 822//1029 817//1030
f 738//879 1010//884 999//1028
f 791//622 686//1031 685//612
f 755//904 956//912 943//737
f 793//656 659//1032 687//1033
f 633//710 658//1034 632//711
f 686//1031 944//363 685//612
f 659//1032 946//1035 687//1033
f 973//585 1030//887 1029//566
f 896//853 904//61 894//854
f 765//1036 847//672 764//1037
f 896//853 838//1038 905//992
f 998//1039 976//1040 995//1041
f 881//1042 955//430 946//1035
f 1021//876 981//889 980//1043
f 855//1044 877//1045 854//336
f 802//655 767//1046 793//656
f 815//1020 772//864 771//1006
f 965//1047 932//1048 968//893
f 882//1049 959//817 955//430
f 1029//566 1021//876 1019//567
f 848//670 852//335 851//337
f 696//781 901//62 697//811
f 813//935 810//860 809//1050
f 1008//1027 998//1039 997//1051
f 990//1008 765//1036 764//1037
f 962//816 885//1052 965//1047
f 761//783 783//999 762//954
f 850//671 682//776 681//1021
f 1243//651 1259//1011 1426//1053
f 740//967 1026//584 1016//565
f 961//890 963//774 960//891
f 961//890 965//1047 964//772
f 648//767 647//977 645//821
f 763//881 676//938 674//1054
f 590//523 813//935 809//1050
f 966//773 970//1023 969//1055
f 964//772 968//893 967//1024
f 620//722 969//1055 621//757
f 644//1000 646//976 643//1056
f 673//939 675//812 669//932
f 697//811 825//611 610//1057
f 993//1009 997//1051 994//1058
f 991//1059 995//1041 992//1060
f 1125//1061 1156//1062 1127//1062
f 651//766 650//975 648//767
f 702//836 726//1003 701//946
f 650//975 660//524 649//870
f 205//1063 1023//1064 1074//647
f 877//1045 887//1065 880//852
f 1244//653 1416//1066 1245//1067
f 27//371 526//705 525//949
f 611//602 45//725 43//603
f 731//953 665//978 730//1001
f 1132//1068 1058//1069 1169//412
f 1151//1070 1121//924 1215//1071
f 921//266 1153//81 925//81
f 114//169 494//734 105//375
f 673//939 666//868 667//799
f 527//704 572//1072 526//705
f 1206//1073 1330//1074 1205//1075
f 993//1009 991//1059 990//1008
f 971//895 973//585 970//1023
f 638//922 788//790 637//1076
f 714//950 715//797 709//851
f 1008//1027 1012//877 1009//1077
f 628//1078 531//987 627//759
f 464//243 44//516 46//397
f 1118//145 467//267 76//628
f 997//1051 995//1041 994//1058
f 1335//1079 1242//1080 1247//1081
f 1044//678 1027//677 1046//679
f 1342//1082 1202//1010 1203//1083
f 1171//1062 1134//1084 1136//1062
f 1084//1085 1276//1086 1354//347
f 643//1056 588//621 587//623
f 574//1087 609//957 483//959
f 745//802 798//788 797//873
f 1331//1088 1203//1083 1204//1089
f 1239//1017 1248//1090 1095//1018
f 1145//1091 1116//703 1115//38
f 572//1092 699//925 573//1093
f 1168//420 1046//679 1050//420
f 642//822 562//956 560//990
f 657//739 941//918 940//919
f 750//750 811//846 751//1004
f 779//747 778//907 776//753
f 810//860 815//1020 812//981
f 850//671 854//336 853//1094
f 1073//1095 1276//1086 873//1096
f 749//748 599//1097 600//1098
f 905//992 826//610 904//61
f 806//983 768//1099 802//655
f 562//956 678//917 560//990
f 55//498 633//710 53//499
f 748//1100 600//1098 601//958
f 996//1015 1008//1027 997//1051
f 621//757 972//1005 629//1101
f 733//762 764//1037 586//763
f 784//1102 640//986 641//936
f 694//995 758//997 746//273
f 568//1103 705//952 704//948
f 824//1104 774//993 773//863
f 1432//346 782//1105 857//1106
f 877//1045 879//856 856//1107
f 938//941 949//795 948//745
f 694//995 879//856 695//996
f 1012//877 980//1043 979//1108
f 803//883 705//952 790//779
f 654//1109 755//904 943//737
f 639//1110 614//558 613//807
f 748//1100 807//728 749//748
f 1129//1062 1158//1062 1157//1062
f 609//957 781//726 748//1100
f 914//152 1063//152 1065//152
f 1009//1077 979//1108 978//1111
f 1255//1112 1335//1079 1247//1081
f 995//1041 975//1113 992//1060
f 832//1114 855//1044 852//335
f 254//74 845//74 255//74
f 819//845 753//849 752//832
f 672//769 947//752 693//850
f 1084//1085 1352//349 1085//1115
f 820//865 754//838 753//849
f 656//1116 942//738 941//918
f 915//81 921//266 925//81
f 925//81 1129//80 924//80
f 992//1060 736//1117 766//1118
f 344//1119 1024//1120 1044//678
f 853//1094 694//995 682//776
f 1009//1077 977//1121 998//1039
f 1242//1080 1333//1122 1241//1123
f 822//1029 818//862 817//1030
f 750//750 598//831 599//1097
f 769//1124 1405//1124 768//1124
f 739//944 1016//565 1010//884
f 1398//1124 1212//1124 1213//1124
f 959//817 961//890 958//577
f 770//1124 1412//1124 769//1124
f 686//1031 946//1035 945//429
f 1140//1062 1172//1062 1138//1062
f 969//1055 973//585 972//1005
f 845//1125 1431//554 846//556
f 619//914 966//773 620//722
f 1173//1062 1136//1062 1168//1062
f 653//857 655//898 652//858
f 953//576 617//892 616//364
f 839//344 1433//1126 840//1127
f 869//913 936//867 871//814
f 1349//1128 983//1129 984//467
f 1105//700 1351//1130 1353//1131
f 633//710 656//899 657//1132
f 1185//1133 1144//1134 1186//1135
f 937//968 948//745 947//752
f 1404//1124 1396//1124 1397//1124
f 955//430 958//577 954//431
f 1022//1068 1043//1136 1023//1136
f 1209//1124 1393//1124 1208//1124
f 805//684 802//655 801//685
f 1038//1137 1018//314 1081//1138
f 1409//1124 838//1124 1408//1124
f 918//1139 897//1140 898//1139
f 1400//1124 1406//1124 1399//1124
f 1441//732 1089//1141 1090//1026
f 1208//1124 1392//1124 1207//1124
f 913//1142 893//379 892//380
f 1061//1143 1122//1140 1154//1144
f 1245//1067 1415//67 1246//1145
f 826//610 824//1104 822//1029
f 1062//71 322//1146 899//1147
f 1094//555 1436//1148 1093//1149
f 1217//1150 930//962 911//1151
f 1266//1152 1422//1153 1414//1154
f 614//558 51//440 49//441
f 840//1127 1434//707 841//694
f 270//74 1090//74 268//74
f 912//1155 929//1156 931//1157
f 593//931 825//611 821//1022
f 834//1158 878//1159 855//1044
f 1130//481 928//1160 1147//1160
f 266//74 1073//74 265//74
f 765//1036 849//1161 848//670
f 785//985 796//793 786//921
f 571//945 700//1019 572//1092
f 1094//74 274//74 275//74
f 1121//924 466//353 1215//1071
f 698//1162 721//926 720//820
f 695//996 891//60 696//781
f 1156//1062 1152//1062 1158//1062
f 1275//661 1420//342 1419//1163
f 591//869 816//933 813//935
f 1429//1164 867//1165 868//1166
f 1147//1160 930//962 1149//1151
f 703//835 727//1002 702//836
f 636//969 627//759 626//970
f 922//482 914//550 903//482
f 1092//74 270//74 271//74
f 1437//3 1073//1095 1089//1141
f 760//984 783//999 763//881
f 876//1167 1438//1168 1431//554
f 1218//1169 912//1155 931//1157
f 38//1170 890//642 415//1171
f 910//1156 927//281 929//1156
f 923//550 900//549 914//550
f 402//63 1151//1070 895//1172
f 1069//1173 909//152 1068//152
f 609//957 720//820 635//916
f 810//860 806//983 805//684
f 1155//1174 1126//1062 1156//1062
f 321//1175 1125//1176 919//265
f 1150//1177 1223//1178 1224//1179
f 853//1094 877//1045 856//1107
f 929//1156 1150//1155 931//1157
f 887//1065 837//1180 896//853
f 736//1117 849//1161 766//1118
f 927//281 1148//1156 929//1156
f 1068//152 907//152 1067//152
f 1123//1139 920//549 1126//549
f 672//769 794//796 784//1102
f 1217//1181 1069//1173 1219//1182
f 829//1183 852//335 849//1161
f 1218//1169 1150//1155 1224//1184
f 1214//1185 1147//1062 1149//1186
f 628//780 705//952 567//1187
f 1429//1164 874//1188 1428//1189
f 764//1037 677//929 586//763
f 878//1159 836//1190 887//1065
f 255//74 846//74 256//74
f 686//1031 793//656 687//1033
f 248//74 839//74 840//74
f 1148//1062 1159//1062 1160//1062
f 1438//1168 1101//1191 1436//1148
f 589//871 800//683 588//621
f 361//1192 1155//1174 1125//1061
f 1127//1062 1158//1062 1153//1062
f 1439//2 886//1193 1276//1086
f 821//1022 826//610 822//1029
f 913//1142 402//63 895//1172
f 1131//1062 1157//1062 1159//1062
f 1214//1185 1222//1194 1223//1178
f 1263//341 1418//304 1421//1195
f 250//74 840//74 841//74
f 899//1196 321//1175 919//265
f 912//1197 1068//152 910//152
f 573//1093 698//1162 574//1087
f 614//558 637//1198 625//842
f 784//1102 795//791 785//985
f 1150//1177 1160//1062 1214//1185
f 637//1076 789//789 636//778
f 211//74 839//74 245//74
f 253//74 844//74 254//74
f 704//948 730//1001 703//835
f 1101//1191 1442//486 1436//1148
f 1152//550 922//482 1128//482
f 38//1170 888//144 889//259
f 1434//707 867//1165 1435//695
f 897//1140 1061//1143 916//1199
f 1432//346 858//708 1433//1126
f 930//962 909//1160 911//1151
f 173//413 1041//1200 172//1201
f 1347//1202 782//1105 1262//345
f 1138//1062 1173//1062 1168//1062
f 1075//152 1039//152 1077//152
f 1046//679 1040//420 1050//420
f 988//74 264//74 267//74
f 234//74 1084//74 281//74
f 1028//1203 1051//1204 1032//1204
f 1051//1204 1137//1203 1139//1204
f 294//74 1104//74 296//74
f 1349//1128 1001//1205 1348//1206
f 1454//1207 1169//1208 206//1209
f 297//74 989//74 269//74
f 288//74 1085//74 1086//74
f 1033//152 1076//152 1078//152
f 1135//1062 1170//1210 1171//1062
f 247//74 982//74 246//74
f 1354//347 886//1193 1106//1211
f 496//218 1116//703 1177//1212
f 1039//25 1047//1203 1028//1203
f 1005//1213 1344//1214 1343//1215
f 1142//1216 1052//72 1054//1216
f 346//1217 1074//647 1024//1218
f 1144//1219 1054//1216 1056//1220
f 1037//1221 1079//152 1080//1222
f 1134//1223 344//1119 1044//678
f 1146//1062 1171//1062 1173//1062
f 1170//1210 382//1224 1134//1084
f 1053//1225 1139//1204 1141//1225
f 765//1036 992//1060 766//1118
f 284//74 1084//74 1085//74
f 1144//1134 1175//1062 1142//1062
f 1080//1222 1179//1226 1181//1227
f 423//574 1038//1137 1020//1228
f 290//74 1086//74 1087//74
f 1180//1229 1144//1219 1056//1220
f 989//74 267//74 269//74
f 1353//1131 1111//1230 1112//1231
f 1080//1222 1034//152 1036//1232
f 1045//26 1133//1136 1135//26
f 1179//1233 1055//698 1183//1234
f 259//74 983//74 247//74
f 1145//1091 423//574 1020//1228
f 982//74 211//74 246//74
f 1055//698 1141//1225 1143//699
f 1176//1235 1141//1062 1175//1062
f 290//74 1103//74 294//74
f 1054//1216 1037//1219 1056//1220
f 987//74 263//74 264//74
f 296//74 1105//74 297//74
f 1025//26 1048//25 1039//25
f 1003//1236 1349//1128 1350//466
f 1052//72 1035//1216 1054//1216
f 1047//1203 1146//25 1137//1203
f 1058//1069 1022//1068 1041//1200
f 1015//385 14//1237 432//1238
f 1142//1062 1174//1062 1140//1062
f 14//1237 1013//11 16//1239
f 1079//152 1032//152 1034//152
f 1344//1214 1003//1236 1350//466
f 168//1240 1154//1144 202//1241
f 1357//360 1111//1230 1351//1130
f 1184//1242 1176//1235 1185//1133
f 1001//1205 1347//1202 1348//1206
f 1034//1225 1055//698 1036//699
f 1353//1131 1007//1243 1346//701
f 1180//1229 1037//1219 1182//1244
f 260//74 984//74 259//74
f 1356//713 1109//690 1355//359
f 1018//314 432//1238 1081//1138
f 1043//1136 1132//1068 1133//1136
f 1007//1243 1345//1245 1346//701
f 1032//1204 1053//1225 1034//1225
f 1023//1136 1045//26 1025//26
f 1345//1245 1005//1213 1343//1215
f 1031//152 1077//152 1076//152
f 1037//1221 1181//1227 1182//1246
f 1035//152 1078//152 1079//152
f 1027//152 1077//152 1040//152
f 1172//1062 1146//1062 1173//1062
f 1024//1218 1075//152 1027//152
f 1174//1062 1137//1062 1172//1062
f 1133//1247 233//1248 1170//1210
f 1020//1249 1184//697 1145//1250
f 252//74 841//74 842//74
f 60//10 1057//1251 16//1239
f 1177//1252 1186//1135 496//1253
f 1099//487 1441//732 1440//488
f 161//627 1178//519 160//1254
f 1180//1229 432//1238 1057//1251
f 1065//152 902//152 915//152
f 381//1255 1022//1256 205//1063
f 1157//1062 1152//1062 1128//1062
f 1063//152 899//1147 902//152
f 415//1171 893//379 1070//1257
f 1041//1258 1072//1259 172//1260
f 1175//1062 1139//1062 1174//1062
f 1181//1227 1038//1261 1081//1262
f 1122//1140 918//1139 1123//1139
f 1219//1182 912//1197 1220//1263
f 1430//1264 876//1167 1431//554
f 1182//1246 1081//1262 432//1265
f 14//1237 1057//1251 432//1238
f 928//1160 907//481 909//1160
f 1159//1062 1128//1062 1130//1062
f 1179//1233 1020//1249 1038//1266
f 920//549 898//1139 900//549
f 906//152 1065//152 915//152
f 163//605 1083//447 1071//276
f 1430//1264 874//1188 875//1267
f 1145//1268 1185//1133 1177//1252
f 236//1269 1123//1270 1155//1174
f 1132//1271 429//1272 233//1248
f 496//218 1180//1229 1057//1251
f 910//152 1067//152 908//152
f 1222//961 895//1273 1151//1274
f 1187//1275 782//1062 1000//1275
f 1218//1169 466//353 1060//1276
f 78//352 1060//1276 466//353
f 1191//1277 1003//1278 1004//1277
f 895//1273 1217//1150 913//1279
f 1224//1179 1215//1280 466//1281
f 1070//1282 1220//1263 415//1283
f 170//392 1451//191 169//1284
f 913//1285 1219//1182 1070//1282
f 415//1171 1218//1169 1060//1276
f 1199//1286 1111//1287 1110//1286
f 897//1288 360//1289 194//70
f 412//1290 1122//1291 236//1269
f 1446//1292 916//1293 167//1294
f 1201//1295 1007//1296 1112//1295
f 1160//1062 1130//1062 1147//1062
f 1194//1296 1006//1297 1007//1296
f 1195//1298 1107//1299 1106//1298
f 1066//152 1106//1298 886//152
f 38//1170 1060//1276 40//561
f 1196//1299 1108//1300 1107//1299
f 1223//1178 1151//1301 1215//1280
f 1198//1302 1110//1286 1109//1302
f 1193//1297 1005//1303 1006//1297
f 1448//286 170//392 171//1304
f 1197//1300 1109//1302 1108//1300
f 1192//1303 1004//1277 1005//1303
f 1189//1305 1001//1306 1002//1305
f 1188//1306 1000//1275 1001//1306
f 1200//1287 1112//1295 1111//1287
f 1190//1278 1002//1305 1003//1278
f 1374//74 1370//74 1363//74
f 1372//74 1380//74 1373//74
f 1359//74 1371//74 1360//74
f 1164//74 1389//74 1388//74
f 1307//1124 976//1124 1314//1124
f 1279//74 1385//74 1378//74
f 1375//74 1369//74 1370//74
f 1277//74 1161//74 1385//74
f 1321//1124 978//1124 979//1124
f 1386//74 1163//74 1387//74
f 1308//1124 1314//1124 1315//1124
f 1322//1124 979//1124 980//1124
f 1316//1124 1322//1124 1323//1124
f 1362//74 1374//74 1363//74
f 1210//1124 1309//1124 1310//1124
f 1371//74 1379//74 1372//74
f 1210//1124 1311//1124 1211//1124
f 1323//1124 980//1124 981//1124
f 1166//74 1391//74 1390//74
f 1317//1124 1325//1124 1318//1124
f 1318//1124 1326//1124 1319//1124
f 1319//1124 1327//1124 1320//1124
f 1213//1124 881//1124 659//1124
f 1310//1124 1316//1124 1317//1124
f 1326//1124 885//1124 1327//1124
f 1391//74 1365//74 1384//74
f 1313//1124 882//1124 881//1124
f 1373//74 1381//74 1374//74
f 1385//74 1162//74 1386//74
f 1325//1124 932//1124 1326//1124
f 1390//74 1384//74 1383//74
f 1387//74 1164//74 1388//74
f 782//1062 1225//1307 857//1307
f 1100//1308 1236//1309 1099//1309
f 1392//1124 832//1124 829//1124
f 1406//1124 835//1124 834//1124
f 1202//1010 1059//1310 1187//1311
f 1206//1073 1190//1312 1191//1313
f 1278//1314 1329//1315 1328//1316
f 1330//1074 1258//1317 1331//1088
f 867//1318 1229//1319 868//1319
f 874//1320 1231//1321 875//1321
f 1393//1124 1399//1124 1392//1124
f 1407//1124 836//1124 1406//1124
f 1254//1322 1201//1323 1200//1324
f 1192//1325 1206//1073 1191//1313
f 1239//1017 1278//1314 1328//1316
f 1267//1326 1330//1074 1332//1327
f 1101//1328 1237//1308 1100//1308
f 1099//1309 1235//1329 1098//1329
f 1401//1124 1407//1124 1400//1124
f 1210//1124 1394//1124 1209//1124
f 1203//1083 1187//1311 1188//1330
f 1255//1112 1194//1331 1201//1323
f 1333//1122 1267//1326 1332//1327
f 1285//1332 1335//1079 1334//1333
f 876//1334 1240//1335 1102//1335
f 868//1319 1230//1320 874//1320
f 1396//1124 1210//1124 1211//1124
f 1408//1124 837//1124 1407//1124
f 1250//1336 1198//1337 1197//1338
f 1193//1339 1241//1123 1192//1325
f 1271//1340 1333//1122 1336//1341
f 1335//1079 1271//1340 1336//1341
f 875//1321 1232//1334 876//1334
f 858//1342 1227//1343 859//1343
f 1410//1124 1402//1124 1403//1124
f 1411//1124 1403//1124 1404//1124
f 1204//1089 1188//1330 1189//1344
f 1194//1331 1242//1080 1193//1339
f 1329//1315 1281//1345 1337//1346
f 1283//1347 1339//1348 1338//1349
f 1097//1350 1233//1351 1096//1351
f 857//1307 1226//1342 858//1342
f 1412//1124 1404//1124 1405//1124
f 767//1124 1213//1124 659//1124
f 1195//1352 1249//1353 1196//1354
f 1196//1354 1250//1336 1197//1338
f 1340//1355 1283//1347 1338//1349
f 1256//1356 1259//1011 1341//1357
f 1098//1329 1234//1350 1097//1350
f 859//1343 1228//1318 867//1318
f 768//1124 1398//1124 767//1124
f 772//1124 1410//1124 1411//1124
f 1066//1358 1248//1090 1195//1352
f 1198//1337 1252//1359 1199//1360
f 1281//1345 1340//1355 1337//1346
f 1258//1317 1342//1082 1331//1088
f 1096//1351 1066//152 886//152
f 1102//1335 1238//1328 1101//1328
f 771//1124 1411//1124 1412//1124
f 1395//1124 1401//1124 1394//1124
f 1190//1312 1204//1089 1189//1344
f 1252//1359 1200//1324 1199//1360
f 1342//1082 1256//1356 1341//1357
f 1339//1348 1285//1332 1334//1333
f 1260//74 1286//74 1258//74
f 1270//74 1288//74 1287//74
f 1290//74 1296//74 1289//74
f 1285//74 1289//74 1273//74
f 1059//1310 1243//651 1225//1361
f 1225//1361 1244//653 1226//1362
f 1232//1363 1263//341 1264//343
f 1226//1362 1245//1067 1227//1364
f 1258//74 1293//74 1257//74
f 1287//74 1295//74 1294//74
f 1304//74 1164//74 1303//74
f 1297//74 1303//74 1296//74
f 1228//1365 1253//66 1229//1366
f 1232//1363 1275//661 1240//1367
f 1424//662 1368//1368 1423//1369
f 1414//1154 1366//1370 1365//1371
f 1257//74 1300//74 1256//74
f 1294//74 1302//74 1301//74
f 1291//74 1297//74 1290//74
f 1284//74 1290//74 1285//74
f 1414//1154 1364//1372 1413//1373
f 1418//304 1360//1374 1361//1375
f 1234//1376 1268//1377 1266//1152
f 1233//1378 1266//1152 1265//1016
f 1256//74 1161//74 1117//74
f 1301//74 1163//74 1162//74
f 1305//74 1165//74 1304//74
f 1298//74 1304//74 1297//74
f 1415//67 1358//1379 1359//1380
f 1420//342 1370//1381 1419//1163
f 1259//1011 1277//1382 1426//1053
f 1425//1383 1368//1368 1367//1384
f 1267//74 1287//74 1286//74
f 1271//74 1289//74 1288//74
f 1292//74 1298//74 1291//74
f 1283//74 1291//74 1284//74
f 1240//1367 1274//663 1238//1385
f 1236//1386 1268//1377 1235//1387
f 1236//1386 1272//1388 1269//1389
f 1066//1358 1265//1016 1095//1018
f 1286//74 1294//74 1293//74
f 1288//74 1296//74 1295//74
f 1306//74 1166//74 1305//74
f 1299//74 1305//74 1298//74
f 1230//1390 1253//66 1261//303
f 1231//1391 1261//303 1263//341
f 1427//652 1358//1379 1416//1066
f 1425//1383 1366//1370 1422//1153
f 1293//74 1301//74 1300//74
f 1295//74 1303//74 1302//74
f 1280//74 1306//74 1299//74
f 1281//74 1299//74 1292//74
f 1239//1017 1364//1372 1124//1392
f 1418//304 1362//1393 1421//1195
f 1427//652 1277//1382 1279//1394
f 1238//1385 1272//1388 1237//1395
f 1300//74 1162//74 1161//74
f 1302//74 1164//74 1163//74
f 1278//74 1167//74 1306//74
f 1282//74 1292//74 1283//74
f 1415//67 1360//1374 1417//68
f 1420//342 1362//1393 1363//1396
f 1424//662 1370//1381 1369//1397
f 1228//1365 1245//1067 1246//1145
f 1167//74 1364//74 1391//74
f 1378//74 1386//74 1379//74
f 1211//1124 1312//1124 1212//1124
f 1377//74 1367//74 1368//74
f 1383//74 1377//74 1376//74
f 1320//1124 883//1124 882//1124
f 1384//74 1366//74 1377//74
f 1212//1124 1313//1124 1213//1124
f 1317//1124 1323//1124 1324//1124
f 1327//1124 884//1124 883//1124
f 1312//1124 1320//1124 1313//1124
f 1311//1124 1319//1124 1312//1124
f 1324//1124 933//1124 1325//1124
f 1380//74 1388//74 1381//74
f 1209//1124 1308//1124 1309//1124
f 1310//1124 1318//1124 1311//1124
f 1376//74 1368//74 1369//74
f 1324//1124 981//1124 934//1124
f 1360//74 1372//74 1361//74
f 1309//1124 1315//1124 1316//1124
f 1315//1124 1321//1124 1322//1124
f 1208//1124 1307//1124 1308//1124
f 1165//74 1390//74 1389//74
f 1314//1124 977//1124 1321//1124
f 1389//74 1383//74 1382//74
f 1382//74 1376//74 1375//74
f 1379//74 1387//74 1380//74
f 1207//1124 975//1124 1307//1124
f 1388//74 1382//74 1381//74
f 1361//74 1373//74 1362//74
f 1358//74 1378//74 1371//74
f 1381//74 1375//74 1374//74
f 1265//1016 1414//1154 1413//1373
f 1268//1377 1425//1383 1422//1153
f 1399//1124 834//1124 832//1124
f 1272//1388 1425//1383 1269//1389
f 1207//1124 829//1124 736//1124
f 1394//1124 1400//1124 1393//1124
f 1403//1124 1395//1124 1396//1124
f 773//1124 1409//1124 1410//1124
f 1346//701 988//1398 989//702
f 1348//1206 982//1399 983//1129
f 1274//663 1423//1369 1272//1388
f 844//1400 1429//1164 1428//1189
f 1405//1124 1397//1124 1398//1124
f 1402//1124 1408//1124 1401//1124
f 1397//1124 1211//1124 1212//1124
f 1338//1349 1254//1322 1252//1359
f 987//1401 1344//1214 986//1402
f 1241//1123 1332//1327 1206//1073
f 1330//1074 1204//1089 1205//1075
f 1250//1336 1340//1355 1251//1403
f 986//1402 1350//466 985//468
f 1339//1348 1255//1112 1254//1322
f 1249//1353 1337//1346 1250//1336
f 1248//1090 1329//1315 1249//1353
f 1104//1404 1357//360 1351//1130
f 1340//1355 1252//1359 1251//1403
f 988//1398 1343//1215 987//1401
f 1093//1149 1442//486 1092//619
f 982//1399 1262//345 756//1405
f 1085//1115 1356//713 1086//1013
f 845//1125 1428//1189 1430//1264
f 843//1406 1435//695 1429//1164
f 916//1199 168//1240 167//1407
f 160//1254 1444//184 159//459
f 165//154 1443//277 1450//483
f 166//355 1446//470 167//504
f 155//257 1447//418 1083//447
f 136//1408 1447//418 154//256
f 1072//287 171//1304 172//126
f 163//605 1443//277 164//606
f 1451//191 161//627 169//1284
f 1444//184 136//1408 159//459
f 181//208 1457//247 1460//453
f 177//327 1459//597 176//1409
f 1455//744 187//1410 202//64
f 184//211 1454//715 206//37
f 1461//598 150//1411 175//484
f 183//210 1462//666 184//211
f 1463//595 177//327 178//1412
f 176//1409 1461//598 175//484
f 186//675 1463//595 178//1412
f 1452//545 186//675 187//1410
f 150//1411 1458//533 179//5
f 181//208 1464//454 182//209
f 183//210 1464//454 1466//261
f 180//198 1458//533 1457//247
f 1097//1 1096//1413 1439//2
f 391//4 150//1411 179//5
f 395//7 318//562 201//8
f 60//10 16//1239 1013//11
f 580//13 581//456 128//14
f 578//16 579//394 117//17
f 544//19 94//388 92//20
f 123//22 547//477 548//23
f 1048//25 1045//26 1135//26
f 550//27 109//123 111//28
f 331//30 312//618 226//31
f 199//33 376//241 375//34
f 471//36 184//211 206//37
f 499//39 156//291 157//40
f 205//42 200//240 380//43
f 369//45 297//294 269//46
f 24//48 368//462 414//49
f 361//51 262//125 261//52
f 35//54 529//855 528//55
f 370//57 366//319 203//58
f 891//60 894//854 904//61
f 402//63 168//579 202//64
f 1253//66 1246//1145 1415//67
f 898//69 897//1288 194//70
f 1140//72 1138//73 1049//73
f 986//74 985//74 260//74
f 174//75 318//562 395//7
f 351//77 350//614 352//78
f 906//80 915//81 925//81
f 334//82 331//30 227//32
f 542//84 72//630 70//85
f 209//87 401//518 404//88
f 373//90 369//45 339//47
f 490//92 575//409 102//93
f 618//95 619//914 711//96
f 293//98 287//411 292//99
f 3//101 538//296 537//102
f 258//104 257//563 385//105
f 61//107 472//367 384//108
f 522//110 101//520 95//111
f 413//113 130//604 137//114
f 86//116 478//251 479//117
f 358//119 191//325 192//120
f 549//122 107//607 109//123
f 321//124 221//553 262//125
f 172//126 171//1304 422//127
f 32//129 30//464 428//115
f 18//131 20//973 535//132
f 232//134 231//625 405//135
f 398//137 197//381 196//138
f 416//140 440//720 139//141
f 521//143 463//544 888//144
f 439//146 438//326 151//147
f 291//149 289//161 295//150
f 900//152 898//69 1062//71
f 393//153 164//606 165//154
f 512//156 513//530 35//54
f 270//157 268//449 320//158
f 291//149 285//669 283//160
f 80//162 82//457 509//163
f 139//141 397//155 399//165
f 302//166 301//235 310//167
f 114//169 116//729 519//170
f 126//15 128//14 566//172
f 322//174 356//232 219//175
f 236//177 361//51 389//53
f 395//7 241//9 242//179
f 303//181 246//1414 211//182
f 1444//184 383//401 313//185
f 446//187 445//248 207//76
f 379//189 398//137 1445//190
f 224//192 306//206 304//193
f 497//195 517//41 157//40
f 449//197 450//6 179//5
f 407//199 345//586 113//200
f 485//202 486//289 1014//203
f 225//205 308//439 306//206
f 456//207 454//292 181//208
f 1078//152 1076//152 1028//152
f 471//36 457//649 183//210
f 112//212 120//681 605//213
f 272//215 243//366 347//216
f 60//10 1113//12 1114//217
f 504//219 69//632 67//220
f 315//222 284//350 288//223
f 314//225 251//599 249//226
f 430//228 431//461 2//229
f 194//231 193//643 356//232
f 500//233 61//107 73//109
f 301//235 255//609 256//236
f 337//237 334//82 228//83
f 326//239 271//960 270//157
f 200//240 377//581 376//241
f 143//242 142//639 464//243
f 132//245 94//388 544//19
f 1457//247 1458//533 445//248
f 477//249 83//370 85//250
f 64//252 66//331 502//253
f 387//255 388//658 154//256
f 1067//152 907//152 903//152
f 461//258 36//680 889//259
f 1466//261 1464//454 420//262
f 902//264 899//1196 919//265
f 467//267 153//492 152//148
f 426//269 204//59 203//58
f 485//202 12//204 10//271
f 746//273 758//997 759//274
f 1071//276 367//278 358//119
f 367//278 365//448 189//279
f 157//40 457//649 471//36
f 924//80 1129//80 1131//281
f 473//282 474//634 6//283
f 85//250 453//573 460//284
f 381//44 380//43 1448//286
f 93//288 487//624 486//289
f 156//291 149//509 454//292
f 369//45 355//407 296//293
f 3//101 5//307 539//295
f 96//94 102//93 522//110
f 348//297 342//667 216//298
f 125//300 391//4 450//6
f 414//49 368//462 113//200
f 1261//303 1253//66 1417//68
f 280//305 248//719 250//306
f 5//307 7//601 540//308
f 138//309 137//114 390//310
f 330//311 286//382 185//312
f 1018//314 1017//128 422//127
f 147//301 450//6 449//197
f 323//317 320//158 293//98
f 74//318 62//433 500//233
f 366//319 318//562 174//75
f 236//177 235//178 411//320
f 215//322 214//313 279//323
f 190//280 342//667 348//297
f 438//326 178//1412 177//327
f 564//329 116//729 114//169
f 540//308 68//648 66//331
f 437//130 428//115 137//114
f 273//332 354//79 363//333
f 852//335 855//1044 854//336
f 108//338 110//384 603//339
f 1263//341 1421//1195 1420//342
f 1049//73 1031//73 1033//72
f 839//344 756//1405 1262//345
f 1354//347 1106//1211 1107//348
f 1073//74 873//74 234//74
f 309//227 281//527 284//350
f 1119//351 1118//145 78//352
f 165//154 1450//483 1216//354
f 224//192 223//194 364//356
f 1103//358 1087//1014 1355//359
f 54//361 22//475 498//362
f 944//363 953//576 616//364
f 404//88 401//518 243//366
f 472//367 2//229 24//48
f 73//109 79//521 470//368
f 219//175 300//532 302//166
f 126//15 565//173 564//329
f 476//369 81//717 83//370
f 27//371 509//163 510//372
f 532//374 563//330 114//169
f 435//376 391//4 125//300
f 305//378 303//181 304//193
f 893//379 140//142 399//165
f 379//189 198//35 197//381
f 364//356 223//194 185//312
f 375//34 226//31 225//205
f 110//384 550//27 559//29
f 1015//385 1018//314 146//315
f 585//387 507//580 94//388
f 347//216 341//633 315//222
f 583//389 584//582 124//390
f 549//122 550//27 110//384
f 422//127 171//1304 170//392
f 580//13 126//15 117//17
f 493//395 494//734 48//396
f 259//398 247//646 305//378
f 74//318 410//234 470//368
f 394//139 196//138 195//400
f 84//402 86//116 511//403
f 424//404 232//134 233//405
f 373//90 363//333 355//407
f 576//408 104//415 102//93
f 358//119 367//278 190//280
f 266//410 265//1415 287//411
f 1169//412 1058//1069 173//413
f 104//415 106//442 532//374
f 330//311 214//313 215//322
f 375//34 374//383 197//381
f 1447//418 1082//186 313//185
f 417//263 231//625 232//134
f 1050//420 1040//420 1031//73
f 559//29 111//28 119//421
f 279//323 240//583 239//183
f 119//421 121//637 583//389
f 268//74 1090//74 1089//74
f 56//424 517//41 497//195
f 455//426 144//514 135//427
f 945//429 946//1035 955//430
f 433//432 537//102 62//433
f 1076//152 1077//152 1039//152
f 222//434 213//501 396//435
f 501//254 502//253 65//437
f 226//31 312//618 308//439
f 51//440 579//394 578//16
f 578//16 115//18 106//442
f 328//444 326//239 327//445
f 1083//447 1447//418 362//419
f 268//449 266//410 293//98
f 1154//450 412//1290 1455//451
f 1460//453 447//502 420//262
f 515//455 100//660 128//14
f 1014//203 1015//385 444//386
f 82//457 476//369 477//249
f 406//458 160//1254 159//459
f 34//460 36//680 461//258
f 431//461 133//201 113//200
f 443//463 28//644 30//464
f 1350//466 1349//1128 984//467
f 1216//354 359//539 360//469
f 260//471 259//398 307//399
f 122//391 124//390 607//473
f 605//213 120//681 122//391
f 535//132 20//973 22//475
f 607//473 124//390 132//245
f 547//477 58//425 1113//12
f 87//285 89//718 480//478
f 325//479 324//159 320//158
f 56//424 58//425 547//477
f 926//481 922//482 903//482
f 1450//483 1443//277 358//119
f 175//484 150//1411 391//4
f 519//170 52//657 50//485
f 1442//486 1100//1416 1099//487
f 98//489 100//660 515//455
f 26//50 28//644 443//463
f 1119//351 1121//924 153//492
f 523//416 532//374 105//375
f 866//494 865//906 862//495
f 152//148 151//147 469//497
f 201//8 251//599 314//225
f 326//239 324//159 325//479
f 605//213 606//474 55//498
f 385//105 371//665 212//500
f 447//502 446//187 208//188
f 495//164 509//163 27//371
f 444//386 458//650 10//271
f 399//165 166//355 167//504
f 408//136 405//135 273//332
f 352//78 350//614 290//505
f 406//458 407//199 133//201
f 67//220 69//632 484//272
f 374//383 372//357 196//138
f 354//79 352//78 355//407
f 499//39 498//362 149//509
f 488//510 148//316 149//509
f 41//511 17//615 630//512
f 96//94 451//112 549//122
f 144//514 419//616 409//515
f 135//427 409//515 406//458
f 235//178 389//53 386//106
f 493//395 46//397 44//516
f 208//188 400//180 401//518
f 1178//519 394//139 383//401
f 522//110 523//416 103//493
f 384//108 442//491 79//521
f 400//180 242//179 243//366
f 431//461 368//462 24//48
f 663//522 591//869 590//523
f 310//167 332//538 338//525
f 309//227 249//226 234//526
f 382//528 408//136 276//334
f 88//118 90//928 513//530
f 218//531 298//151 300//532
f 1458//533 1456//688 353//534
f 555//535 556//819 11//536
f 256//236 275//1417 332//538
f 359//539 193//643 194//231
f 557//540 558//810 15//541
f 207//76 395//7 400//180
f 192//120 191//325 348//297
f 217//299 291//149 298//151
f 462//260 889//259 888//144
f 115//18 563//330 532//374
f 1452//545 411//320 392//436
f 465//547 403//743 42//548
f 1126//549 920//549 923//550
f 118//551 127//682 521//143
f 321//124 322//174 220//176
f 1431//554 1438//1168 1094//555
f 47//557 613//807 614//558
f 162//559 286//382 330//311
f 78//352 1118//145 888//144
f 366//319 237//668 201//8
f 327//445 325//479 257//563
f 188//560 330//311 335//417
f 30//464 28//644 413//113
f 317//564 263//716 260//471
f 1016//565 1026//584 1029//566
f 42//548 18//131 534//133
f 1128//482 922//482 926//481
f 514//490 515//455 39//569
f 244//571 323//317 319//100
f 452//465 30//464 32//129
f 423//574 1115//38 206//37
f 953//576 954//431 958//577
f 402//63 892//380 167//504
f 304//193 240//583 185//312
f 585//387 131//24 93//288
f 205//42 346//636 377//581
f 123//22 131//24 585//387
f 304//193 303//181 239//183
f 149//509 148//316 449//197
f 1026//584 972//1005 973//585
f 159//459 136//1408 345//586
f 336//587 267//1418 264//588
f 462//260 463//544 99//590
f 489//592 147//301 148//316
f 151//147 438//326 436//328
f 233//405 232//134 408//136
f 441//593 439//146 152//148
f 427//594 212//500 204//59
f 1465//546 392//436 396//435
f 421//393 419//616 144//514
f 1459//597 426//269 418//270
f 846//74 1094//74 275//74
f 124//390 584//582 585//387
f 292//99 287//411 249//226
f 5//307 553//901 554//600
f 41//511 518//513 611//602
f 257//563 325//479 323//317
f 129//302 388//658 387//255
f 393//153 390//310 163//605
f 339//47 336//587 337//237
f 566//172 127//682 118//551
f 534//133 535//132 109//123
f 538//296 64//252 62//433
f 301//235 299//706 254//608
f 901//62 904//61 826//610
f 685//612 944//363 615//365
f 343//224 288//223 290//505
f 41//511 490//92 602//340
f 170//392 169//1284 419//616
f 23//617 1//103 537//102
f 317//564 311//472 312//618
f 449//197 180//198 181//208
f 1092//619 1442//486 1440//488
f 104//415 523//416 522//110
f 50//485 469//497 468//244
f 588//621 800//683 791//622
f 548//23 1113//12 1013//11
f 908//281 906//80 924//80
f 24//48 26//50 442//491
f 333//589 317//564 331//30
f 329//446 327//445 258//104
f 420//262 210//89 231//625
f 230//626 278//529 373//90
f 269//46 267//1418 336//587
f 419//616 169//1284 161//627
f 520//552 521//143 1118//145
f 423//574 173//575 172//126
f 283//160 250//306 252//629
f 542//84 543//21 92//20
f 404//88 272//215 273//332
f 505//631 71//645 69//632
f 314//225 309//227 315//222
f 474//634 475//508 8//635
f 346//636 229//238 228//83
f 500//233 501//254 63//438
f 119//421 545//712 546//480
f 434//638 435//376 141//377
f 383//401 195//400 162//559
f 29//373 510//372 511//403
f 433//432 74//318 80//162
f 332//538 275//1417 274//641
f 422//127 421//393 145//596
f 890//642 416//140 140//142
f 193//643 192//120 349//543
f 26//50 414//49 413//113
f 71//645 91//290 486//289
f 312//618 311//472 307//399
f 247//646 246//1414 303//181
f 11//536 542//84 541//86
f 945//429 954//431 953//576
f 1074//647 1023//1064 1025//152
f 68//648 503//221 502//253
f 156//291 456//207 457//649
f 161//627 160//1254 406//458
f 1093//74 1092//74 271//74
f 444//386 146//315 145//596
f 231//625 210//89 404//88
f 243//366 242//179 341//633
f 1243//651 1426//1053 1427//652
f 308//439 307//399 305//378
f 792//654 801//685 802//655
f 85//250 87//285 479//117
f 467//267 491//268 52//657
f 95//111 107//607 549//122
f 235//178 222//434 392//436
f 113//200 345//586 388//658
f 338//525 332//538 328//444
f 277//423 239//183 211//182
f 202//64 187//1410 441//593
f 100//660 482//735 566//172
f 351//77 347//216 343//224
f 365//448 362//419 188//560
f 279//323 277//423 280//305
f 137//114 130//604 387//255
f 15//541 544//19 543//21
f 225//205 224//192 372//357
f 1275//661 1419//1163 1424//662
f 396//435 427//594 1453//664
f 68//648 70//85 504//219
f 385//105 257//563 244//571
f 371//665 370//57 204//59
f 64//252 501//254 500//233
f 399//165 397//155 165//154
f 1462//666 1466//261 417//263
f 9//537 541//86 540//308
f 8//635 455//426 448//428
f 189//279 335//417 342//667
f 473//282 4//230 2//229
f 458//650 455//426 8//635
f 425//568 534//133 107//607
f 252//74 842//74 843//74
f 238//572 237//668 366//319
f 292//99 251//599 201//8
f 484//272 10//271 8//635
f 434//638 176//1409 175//484
f 216//298 215//322 282//324
f 848//670 851//337 850//671
f 19//673 603//339 604//214
f 441//593 187//1410 186//675
f 535//132 536//476 111//28
f 889//259 36//680 416//140
f 506//676 507//580 93//288
f 242//179 241//9 314//225
f 1136//677 1134//1223 1044//678
f 145//596 144//514 455//426
f 34//460 440//720 416//140
f 1064//152 903//152 914//152
f 217//299 216//298 285//669
f 486//289 487//624 1013//11
f 559//29 582//422 120//681
f 566//172 482//735 99//590
f 185//312 240//583 279//323
f 800//683 804//859 805//684
f 492//517 44//516 42//548
f 295//150 289//161 252//629
f 39//569 531//987 530//687
f 1461//598 418//270 353//534
f 287//411 265//1415 234//526
f 344//689 382//528 278//529
f 1357//360 1355//359 1109//690
f 200//240 199//33 378//692
f 199//33 198//35 379//189
f 364//356 286//382 162//559
f 1449//693 378//692 379//189
f 272//215 351//77 354//79
f 135//427 134//507 430//228
f 506//676 91//290 71//645
f 540//308 541//86 70//85
f 841//694 1434//707 1435//695
f 520//552 76//628 52//657
f 355//407 352//78 294//506
f 276//334 363//333 373//90
f 538//296 539//295 66//331
f 1184//697 1183//1234 1055//698
f 908//152 1067//152 1064//152
f 244//571 238//572 370//57
f 469//497 151//147 143//242
f 389//53 261//52 258//104
f 230//626 340//91 337//237
f 221//553 316//168 338//525
f 142//639 141//377 465//547
f 377//581 228//83 227//32
f 227//32 226//31 375//34
f 42//548 403//743 489//592
f 502//253 503//221 67//220
f 344//689 230//626 229//238
f 420//262 447//502 209//87
f 1105//700 1353//1131 1346//701
f 490//92 96//94 108//338
f 1114//217 497//195 158//196
f 138//309 393//153 397//155
f 29//373 31//640 527//704
f 103//493 493//395 492//517
f 587//623 791//622 685//612
f 41//511 43//603 575//409
f 23//617 433//432 495//164
f 177//327 176//1409 434//638
f 298//151 295//150 299//706
f 345//586 136//1408 154//256
f 1434//707 1433//1126 858//708
f 143//242 436//328 434//638
f 470//368 476//369 82//457
f 335//417 215//322 216//298
f 285//669 282//324 280//305
f 513//530 90//928 98//489
f 121//637 123//22 584//582
f 21//674 53//499 633//710
f 536//476 22//475 54//361
f 54//361 56//424 546//480
f 134//507 133//201 431//461
f 372//357 364//356 195//400
f 6//283 448//428 430//228
f 1356//713 1352//349 1107//348
f 1462//666 424//404 429//406
f 333//589 264//588 263//716
f 603//339 110//384 112//212
f 337//237 336//587 333//589
f 456//207 182//209 183//210
f 489//592 403//743 125//300
f 398//137 394//139 1178//519
f 445//248 353//534 174//75
f 1448//286 380//43 378//692
f 470//368 79//521 81//717
f 362//419 313//185 162//559
f 89//718 461//258 462//260
f 277//423 245//659 248//719
f 800//683 801//685 792//654
f 477//249 478//251 86//116
f 387//255 155//257 163//605
f 222//434 386//106 385//105
f 511//403 512//156 33//56
f 437//130 138//309 139//141
f 357//121 192//120 193//643
f 89//718 97//591 481//721
f 69//632 71//645 485//202
f 120//681 582//422 583//389
f 67//220 475//508 474//634
f 620//722 621//757 722//723
f 72//630 505//631 504//219
f 45//725 47//557 577//443
f 299//706 295//150 253//686
f 781//726 678//917 683//727
f 11//536 13//542 543//21
f 186//675 178//1412 438//326
f 565//173 118//551 116//729
f 65//437 474//634 473//282
f 105//375 494//734 493//395
f 57//730 607//473 608//246
f 1441//732 1098//1419 1097//1
f 32//129 437//130 440//720
f 861//733 864//813 866//494
f 494//734 516//171 50//485
f 21//674 604//214 605//213
f 481//721 97//591 99//590
f 655//736 654//1109 943//737
f 1116//703 158//196 471//36
f 101//520 492//517 425//568
f 657//739 940//919 939//740
f 414//49 129//302 130//604
f 23//617 459//787 551//742
f 238//572 319//100 292//99
f 396//435 213//501 212//500
f 1083//447 365//448 367//278
f 54//361 499//39 517//41
f 32//129 34//460 460//284
f 465//547 141//377 125//300
f 412//321 411//320 1452//545
f 63//438 473//282 472//367
f 919//265 1125//1176 1127//264
f 948//745 949//795 831//746
f 749//748 807//728 808//749
f 19//673 21//674 632//711
f 947//752 948//745 779//747
f 72//630 92//20 506//676
f 518//513 630//512 671//754
f 861//733 863//496 860//756
f 621//757 629//1101 728//758
f 627//759 531//987 39//569
f 623//761 777//908 733//762
f 632//711 658//1034 670//764
f 725//765 726//1003 651//766
f 671//768 937//968 672//769
f 75//771 77//760 581//456
f 964//772 967//1024 966//773
f 716//775 681//1021 682//776
f 636//778 789//789 790//779
f 696//781 697//811 775//782
f 728//758 629//1101 744//784
f 23//617 25//503 524//786
f 798//788 799//974 789//789
f 443//463 452//465 83//370
f 795//791 715//797 741//792
f 939//740 940//919 950//794
f 794//796 709//851 715//797
f 662//798 665//978 667//799
f 743//801 747//275 745//802
f 719//803 723//824 729//804
f 640//806 639//1110 613//807
f 595//809 594//1420 558//810
f 697//811 610//1057 675//812
f 864//813 869//913 871//814
f 883//815 884//1421 962//816
f 596//818 595//809 557//540
f 720//820 721//926 645//821
f 630//512 631//751 670//764
f 713//823 718//830 723//824
f 684//825 690//911 691//826
f 943//737 956//912 952//828
f 712//829 711//96 717//724
f 598//831 751//1004 752//832
f 116//729 118//551 520//552
f 570//834 569//947 703//835
f 596//837 753//849 754//838
f 524//786 525//949 573//840
f 625//842 626//970 75//771
f 692//843 707//979 712//829
f 692//843 708//844 819//845
f 527//704 528//55 570//847
f 597//833 752//832 753//849
f 45//725 576//408 575//409
f 693//850 622//886 709//851
f 880//852 887//1065 896//853
f 35//54 37//570 530//687
f 880//852 894//854 891//60
f 57//730 59//731 653//857
f 804//859 809//1050 810//860
f 57//730 652//858 634//861
f 818//862 824//1104 773//863
f 708//844 713//823 820//865
f 27//371 525//949 524//786
f 554//600 598//1422 597//866
f 936//867 729//804 728//758
f 602//340 603//339 19//673
f 666//868 592//989 591//869
f 649//870 660//524 590//523
f 952//828 869//913 864//813
f 797//873 798//788 788//790
f 1011//875 1019//567 1021//876
f 833//878 862//495 738//879
f 763//881 674//1054 732//882
f 1016//565 1019//567 1011//875
f 624//885 714//950 709//851
f 427//594 426//269 1459//597
f 1030//887 974//1025 934//888
f 99//590 463//544 521//143
f 957//578 958//577 961//890
f 957//578 960//891 618//95
f 968//893 932//1048 933//894
f 796//793 741//792 745//802
f 15//541 558//810 653//857
f 780//896 833//878 735//880
f 634//861 652//858 655//898
f 600//900 599//991 553//901
f 823//903 828//964 755//904
f 866//494 871//814 870//905
f 778//907 830//940 780//896
f 561//909 508//613 615//365
f 690//911 617//892 618//95
f 684//825 616//364 617//892
f 956//912 872//965 869//913
f 619//914 620//722 717//724
f 807//728 683//727 689//915
f 635//916 560//990 678//917
f 808//749 689//915 692//843
f 941//918 951//872 950//794
f 47//557 49//441 578//16
f 745//802 747//275 759//274
f 786//921 787//874 638//922
f 1121//924 1120//65 441//593
f 442//491 443//463 81//717
f 491//268 469//497 50//485
f 45//725 612//808 613//807
f 699//925 700//1019 725//765
f 518//513 533//755 641//927
f 90//928 480//478 481//721
f 623//761 586//763 677//929
f 675//812 610//1057 593//931
f 816//933 817//1030 814//934
f 672//769 784//1102 641//936
f 668//937 674//1054 676//938
f 786//921 796//793 797//873
f 860//756 833//878 780//896
f 658//741 939//740 938//941
f 831//746 860//756 830//940
f 860//756 863//496 862//495
f 551//742 552//902 3//101
f 94//388 507//580 506//676
f 11//536 556//819 557//540
f 693//850 947//752 776//753
f 459//787 483//998 601//943
f 870//905 740//967 739//944
f 571//945 570//834 702//836
f 569//947 568//1103 704//948
f 561//909 643//1056 587//623
f 526//705 572//1072 573//840
f 714//950 710//930 716//775
f 705//952 732//882 731//953
f 759//274 758//997 761//783
f 561//909 679//910 680//955
f 778//907 777//908 623//761
f 302//166 300//532 299//706
f 679//910 615//365 616//364
f 511//403 86//116 88//118
f 609//957 748//1100 601//958
f 328//444 274//641 271//960
f 951//872 864//813 861//733
f 338//525 329//446 261//52
f 418//270 203//58 174//75
f 509//163 82//457 84//402
f 608//246 544//19 15//541
f 1222//961 1149//1151 930//962
f 22//475 20//973 488//510
f 221//553 220//176 302//166
f 828//964 724//805 872//965
f 356//232 349//543 218//531
f 595//839 754//838 755//904
f 935//785 744//784 740//967
f 348//297 217//299 218//531
f 576//408 577//443 106//442
f 865//906 739//944 738//879
f 1457//247 446//187 447//502
f 670//942 938//941 937//968
f 664//800 667//799 666//868
f 776//753 778//907 624//885
f 1216//354 1450//483 357//121
f 625//842 637//1198 636//969
f 551//742 601//943 600//900
f 942//738 952//828 951//872
f 651//766 662//798 664//800
f 121//637 546//480 547//477
f 87//285 460//284 461//258
f 548//23 487//624 93//288
f 558//810 594//1420 654//972
f 18//131 489//592 488//510
f 799//974 803//883 790//779
f 1113//12 58//425 497//195
f 650//975 649//870 646//976
f 606//474 607//473 57//730
f 665//978 668//937 673//939
f 737//951 743//801 741//792
f 611//602 641//927 640//806
f 706//97 711//96 712//829
f 530//687 568//988 569//980
f 716//775 742//777 743//801
f 812//981 770//1007 769//982
f 743//801 742//777 746//273
f 757//920 759//274 762//954
f 452//465 453//573 85//250
f 785//985 786//921 639//923
f 531//987 567//1423 568//988
f 669//932 593//931 592//989
f 721//926 725//765 648//767
f 554//600 555//535 9//537
f 708//844 712//829 718//830
f 635//916 720//820 642//822
f 949//795 950//794 861//733
f 115//18 117//17 564//329
f 646//976 649//870 589//871
f 536//476 545//712 119//421
f 717//724 722//723 723//824
f 760//984 763//881 803//883
f 599//991 598//1422 554//600
f 680//955 688//827 683//727
f 3//101 552//902 553//901
f 481//721 482//735 100//660
f 19//673 631//751 630//512
f 590//523 809//1050 804//859
f 713//823 719//803 823//903
f 905//992 838//1038 774//993
f 719//803 724//805 828//964
f 742//777 682//776 694//995
f 695//996 696//781 761//783
f 757//920 760//984 799//974
f 459//787 524//786 574//841
f 783//999 775//782 675//812
f 644//1000 643//1056 561//909
f 730//1001 665//978 662//798
f 623//761 710//930 714//950
f 75//771 626//970 627//759
f 33//56 528//55 527//704
f 691//826 707//979 692//843
f 727//1002 662//798 651//766
f 811//846 819//845 752//832
f 691//826 690//911 706//97
f 777//908 780//896 734//897
f 664//800 663//522 660//524
f 680//955 679//910 684//825
f 723//824 722//723 728//758
f 744//784 629//1101 972//1005
f 479//117 480//478 90//928
f 555//535 597//866 596//818
f 688//827 691//826 689//915
f 35//54 513//530 514//490
f 48//396 468//244 464//243
f 872//965 724//805 729//804
f 618//95 960//891 963//774
f 812//981 815//1020 771//1006
f 734//897 993//1009 990//1008
f 936//867 935//785 870//905
f 735//880 996//1015 993//1009
f 1202//1010 1341//1357 1259//1011
f 39//569 515//455 581//456
f 1086//1013 1356//713 1355//359
f 1138//73 1168//420 1050//420
f 75//771 580//13 579//394
f 738//879 999//1028 996//1015
f 1265//1016 1413//1373 1239//1017
f 645//821 647//977 644//1000
f 700//1019 701//946 726//1003
f 732//882 674//1054 668//937
f 814//934 817//1030 818//862
f 710//930 677//929 681//1021
f 592//989 593//931 821//1022
f 528//55 529//855 569//980
f 968//893 971//895 970//1023
f 847//672 850//671 681//1021
f 971//895 933//894 934//888
f 1440//488 1441//732 1090//1026
f 1010//884 1011//875 1008//1027
f 816//933 821//1022 822//1029
f 738//879 739//944 1010//884
f 791//622 792//654 686//1031
f 755//904 828//964 956//912
f 793//656 767//1046 659//1032
f 633//710 657//1132 658//1034
f 686//1031 945//429 944//363
f 659//1032 881//1042 946//1035
f 973//585 974//1025 1030//887
f 896//853 905//992 904//61
f 765//1036 848//670 847//672
f 896//853 837//1180 838//1038
f 998//1039 977//1121 976//1040
f 881//1042 882//1049 955//430
f 1021//876 1030//887 981//889
f 855//1044 878//1159 877//1045
f 802//655 768//1099 767//1046
f 815//1020 818//862 772//864
f 965//1047 885//1052 932//1048
f 882//1049 883//815 959//817
f 1029//566 1030//887 1021//876
f 848//670 849//1161 852//335
f 696//781 891//60 901//62
f 813//935 814//934 810//860
f 1008//1027 1009//1077 998//1039
f 990//1008 991//1059 765//1036
f 962//816 884//1421 885//1052
f 761//783 775//782 783//999
f 850//671 853//1094 682//776
f 1243//651 1088//1012 1259//1011
f 740//967 744//784 1026//584
f 961//890 964//772 963//774
f 961//890 962//816 965//1047
f 648//767 650//975 647//977
f 763//881 783//999 676//938
f 590//523 591//869 813//935
f 966//773 967//1024 970//1023
f 964//772 965//1047 968//893
f 620//722 966//773 969//1055
f 644//1000 647//977 646//976
f 673//939 676//938 675//812
f 697//811 901//62 825//611
f 993//1009 996//1015 997//1051
f 991//1059 994//1058 995//1041
f 1125//1061 1155//1174 1156//1062
f 651//766 661//971 650//975
f 702//836 727//1002 726//1003
f 650//975 661//971 660//524
f 205//1063 1022//1256 1023//1064
f 877//1045 878//1159 887//1065
f 1244//653 1427//652 1416//1066
f 27//371 29//373 526//705
f 611//602 612//808 45//725
f 731//953 668//937 665//978
f 1132//1068 1042//1068 1058//1069
f 1151//1070 1120//65 1121//924
f 921//266 1127//264 1153//81
f 114//169 516//171 494//734
f 673//939 669//932 666//868
f 527//704 571//848 572//1072
f 1206//1073 1332//1327 1330//1074
f 993//1009 994//1058 991//1059
f 971//895 974//1025 973//585
f 638//922 787//874 788//790
f 714//950 737//951 715//797
f 1008//1027 1011//875 1012//877
f 628//1078 567//1423 531//987
f 464//243 465//547 44//516
f 1118//145 1119//351 467//267
f 997//1051 998//1039 995//1041
f 1335//1079 1336//1341 1242//1080
f 1044//678 1024//1120 1027//677
f 1342//1082 1341//1357 1202//1010
f 1171//1062 1170//1210 1134//1084
f 1084//1085 873//1096 1276//1086
f 643//1056 646//976 588//621
f 574//1087 698//1162 609//957
f 745//802 757//920 798//788
f 1331//1088 1342//1082 1203//1083
f 1239//1017 1328//1316 1248//1090
f 1145//1091 1177//1212 1116//703
f 572//1092 700//1019 699//925
f 1168//420 1136//677 1046//679
f 642//822 644//1000 562//956
f 657//739 656//1116 941//918
f 750//750 808//749 811//846
f 779//747 830//940 778//907
f 810//860 814//934 815//1020
f 850//671 851//337 854//336
f 1073//1095 1439//2 1276//1086
f 749//748 750//750 599//1097
f 905//992 827//994 826//610
f 806//983 769//982 768//1099
f 562//956 680//955 678//917
f 55//498 634//861 633//710
f 748//1100 749//748 600//1098
f 996//1015 999//1028 1008//1027
f 621//757 969//1055 972//1005
f 733//762 990//1008 764//1037
f 784//1102 785//985 640//986
f 694//995 695//996 758//997
f 568//1103 567//1187 705//952
f 824//1104 827//994 774//993
f 1432//346 1262//345 782//1105
f 877//1045 880//852 879//856
f 938//941 939//740 949//795
f 694//995 856//1107 879//856
f 1012//877 1021//876 980//1043
f 803//883 732//882 705//952
f 654//1109 594//966 755//904
f 639//1110 638//1424 614//558
f 748//1100 781//726 807//728
f 1129//1062 1153//1062 1158//1062
f 609//957 635//916 781//726
f 914//152 900//152 1063//152
f 1009//1077 1012//877 979//1108
f 1255//1112 1334//1333 1335//1079
f 995//1041 976//1040 975//1113
f 832//1114 834//1158 855//1044
f 254//74 844//74 845//74
f 819//845 820//865 753//849
f 672//769 937//968 947//752
f 1084//1085 1354//347 1352//349
f 820//865 823//903 754//838
f 656//1116 655//736 942//738
f 915//81 902//264 921//266
f 925//81 1153//81 1129//80
f 992//1060 975//1113 736//1117
f 344//1119 346//1425 1024//1120
f 853//1094 856//1107 694//995
f 1009//1077 978//1111 977//1121
f 1242//1080 1336//1341 1333//1122
f 822//1029 824//1104 818//862
f 750//750 751//1004 598//831
f 769//1124 1412//1124 1405//1124
f 739//944 740//967 1016//565
f 1398//1124 1397//1124 1212//1124
f 959//817 962//816 961//890
f 770//1124 771//1124 1412//1124
f 686//1031 687//1033 946//1035
f 1140//1062 1174//1062 1172//1062
f 969//1055 970//1023 973//585
f 845//1125 1430//1264 1431//554
f 619//914 963//774 966//773
f 1173//1062 1171//1062 1136//1062
f 653//857 654//972 655//898
f 953//576 957//578 617//892
f 839//344 1432//346 1433//1126
f 869//913 872//965 936//867
f 1349//1128 1348//1206 983//1129
f 1105//700 1104//1404 1351//1130
f 633//710 634//861 656//899
f 1185//1133 1176//1235 1144//1134
f 937//968 938//941 948//745
f 1404//1124 1403//1124 1396//1124
f 955//430 959//817 958//577
f 1022//1068 1042//1068 1043//1136
f 1209//1124 1394//1124 1393//1124
f 805//684 806//983 802//655
f 1038//1137 1017//128 1018//314
f 1409//1124 774//1124 838//1124
f 918//1139 917//1140 897//1140
f 1400//1124 1407//1124 1406//1124
f 1441//732 1437//3 1089//1141
f 1208//1124 1393//1124 1392//1124
f 913//1142 1070//1257 893//379
f 1061//1143 917//1140 1122//1140
f 1245//1067 1416//1066 1415//67
f 826//610 827//994 824//1104
f 1062//71 194//70 322//1146
f 1094//555 1438//1168 1436//1148
f 1217//1150 1221//963 930//962
f 1266//1152 1268//1377 1422//1153
f 614//558 625//842 51//440
f 840//1127 1433//1126 1434//707
f 270//74 1091//74 1090//74
f 912//1155 910//1156 929//1156
f 593//931 610//1057 825//611
f 834//1158 835//1426 878//1159
f 1130//481 926//481 928//1160
f 266//74 1089//74 1073//74
f 765//1036 766//1118 849//1161
f 785//985 795//791 796//793
f 571//945 701//946 700//1019
f 1094//74 1093//74 274//74
f 1121//924 1119//351 466//353
f 698//1162 699//925 721//926
f 695//996 879//856 891//60
f 1156//1062 1126//1062 1152//1062
f 1275//661 1264//343 1420//342
f 591//869 592//989 816//933
f 1429//1164 1435//695 867//1165
f 1147//1160 928//1160 930//962
f 703//835 730//1001 727//1002
f 636//969 628//1078 627//759
f 922//482 923//550 914//550
f 1092//74 1091//74 270//74
f 1437//3 1439//2 1073//1095
f 760//984 762//954 783//999
f 876//1167 1102//1427 1438//1168
f 1218//1169 1220//1184 912//1155
f 38//1170 889//259 890//642
f 910//1156 908//281 927//281
f 923//550 920//549 900//549
f 402//63 1120//65 1151//1070
f 1069//1173 911//1428 909//152
f 609//957 698//1162 720//820
f 810//860 812//981 806//983
f 1155//1174 1123//1270 1126//1062
f 321//1175 361//1429 1125//1176
f 1150//1177 1214//1185 1223//1178
f 853//1094 854//336 877//1045
f 929//1156 1148//1156 1150//1155
f 887//1065 836//1190 837//1180
f 736//1117 829//1183 849//1161
f 927//281 1131//281 1148//1156
f 1068//152 909//152 907//152
f 1123//1139 918//1139 920//549
f 672//769 693//850 794//796
f 1217//1181 911//1428 1069//1173
f 829//1183 832//1114 852//335
f 1218//1169 931//1157 1150//1155
f 1214//1185 1160//1062 1147//1062
f 628//780 790//779 705//952
f 1429//1164 868//1166 874//1188
f 764//1037 847//672 677//929
f 878//1159 835//1426 836//1190
f 255//74 845//74 846//74
f 686//1031 792//654 793//656
f 248//74 245//74 839//74
f 1148//1062 1131//1062 1159//1062
f 1438//1168 1102//1427 1101//1191
f 589//871 804//859 800//683
f 361//1192 236//1269 1155//1174
f 1127//1062 1156//1062 1158//1062
f 1439//2 1096//1413 886//1193
f 821//1022 825//611 826//610
f 913//1142 892//380 402//63
f 1131//1062 1129//1062 1157//1062
f 1214//1185 1149//1186 1222//1194
f 1263//341 1261//303 1418//304
f 250//74 248//74 840//74
f 899//1196 322//1430 321//1175
f 912//1197 1069//1173 1068//152
f 573//1093 699//925 698//1162
f 614//558 638//1424 637//1198
f 784//1102 794//796 795//791
f 1150//1177 1148//1062 1160//1062
f 637//1076 788//790 789//789
f 211//74 756//74 839//74
f 253//74 843//74 844//74
f 704//948 731//953 730//1001
f 1101//1191 1100//1416 1442//486
f 1152//550 923//550 922//482
f 38//1170 40//561 888//144
f 1434//707 859//709 867//1165
f 897//1140 917//1140 1061//1143
f 1432//346 857//1106 858//708
f 930//962 928//1160 909//1160
f 173//413 1058//1069 1041//1200
f 1347//1202 1000//1431 782//1105
f 1138//1062 1172//1062 1173//1062
f 1075//152 1025//152 1039//152
f 1046//679 1027//677 1040//420
f 988//74 987//74 264//74
f 234//74 873//74 1084//74
f 1028//1203 1047//1203 1051//1204
f 1051//1204 1047//1203 1137//1203
f 294//74 1103//74 1104//74
f 1349//1128 1002//1432 1001//1205
f 1454//1207 429//1272 1169//1208
f 297//74 1105//74 989//74
f 288//74 284//74 1085//74
f 1033//152 1031//152 1076//152
f 1135//1062 1133//1247 1170//1210
f 247//74 983//74 982//74
f 1354//347 1276//1086 886//1193
f 496//218 1114//217 1116//703
f 1039//25 1048//25 1047//1203
f 1005//1213 1004//1433 1344//1214
f 1142//1216 1140//72 1052//72
f 346//1217 205//1063 1074//647
f 1144//1219 1142//1216 1054//1216
f 1037//1221 1035//152 1079//152
f 1134//1223 382//1434 344//1119
f 1146//1062 1135//1062 1171//1062
f 1170//1210 233//1248 382//1224
f 1053//1225 1051//1204 1139//1204
f 765//1036 991//1059 992//1060
f 284//74 281//74 1084//74
f 1144//1134 1176//1235 1175//1062
f 1080//1222 1036//1232 1179//1226
f 423//574 1017//128 1038//1137
f 290//74 288//74 1086//74
f 1180//1229 1186//1244 1144//1219
f 989//74 988//74 267//74
f 1353//1131 1351//1130 1111//1230
f 1080//1222 1079//152 1034//152
f 1045//26 1043//1136 1133//1136
f 1179//1233 1036//699 1055//698
f 259//74 984//74 983//74
f 1145//1091 1115//38 423//574
f 982//74 756//74 211//74
f 1055//698 1053//1225 1141//1225
f 1176//1235 1143//1435 1141//1062
f 290//74 1087//74 1103//74
f 1054//1216 1035//1216 1037//1219
f 987//74 986//74 263//74
f 296//74 1104//74 1105//74
f 1025//26 1045//26 1048//25
f 1003//1236 1002//1432 1349//1128
f 1052//72 1033//72 1035//1216
f 1047//1203 1048//25 1146//25
f 1058//1069 1042//1068 1022//1068
f 1015//385 1014//203 14//1237
f 1142//1062 1175//1062 1174//1062
f 14//1237 1014//203 1013//11
f 1079//152 1078//152 1032//152
f 1344//1214 1004//1433 1003//1236
f 168//1240 1061//1143 1154//1144
f 1357//360 1110//691 1111//1230
f 1184//1242 1143//1435 1176//1235
f 1001//1205 1000//1431 1347//1202
f 1034//1225 1053//1225 1055//698
f 1353//1131 1112//1231 1007//1243
f 1180//1229 1056//1220 1037//1219
f 260//74 985//74 984//74
f 1356//713 1108//714 1109//690
f 1018//314 1015//385 432//1238
f 1043//1136 1042//1068 1132//1068
f 1007//1243 1006//1436 1345//1245
f 1032//1204 1051//1204 1053//1225
f 1023//1136 1043//1136 1045//26
f 1345//1245 1006//1436 1005//1213
f 1031//152 1040//152 1077//152
f 1037//1221 1080//1222 1181//1227
f 1035//152 1033//152 1078//152
f 1027//152 1075//152 1077//152
f 1172//1062 1137//1062 1146//1062
f 1024//1218 1074//647 1075//152
f 1174//1062 1139//1062 1137//1062
f 1133//1247 1132//1271 233//1248
f 1020//1249 1183//1234 1184//697
f 252//74 250//74 841//74
f 60//10 496//218 1057//1251
f 1177//1252 1185//1133 1186//1135
f 1099//487 1098//1419 1441//732
f 161//627 1445//190 1178//519
f 1180//1229 1182//1244 432//1238
f 1065//152 1063//152 902//152
f 381//1255 1041//1258 1022//1256
f 1157//1062 1158//1062 1152//1062
f 1063//152 1062//71 899//1147
f 415//1171 890//642 893//379
f 1041//1258 381//1255 1072//1259
f 1175//1062 1141//1062 1139//1062
f 1181//1227 1179//1226 1038//1261
f 1122//1140 917//1140 918//1139
f 1219//1182 1069//1173 912//1197
f 1430//1264 875//1267 876//1167
f 1182//1246 1181//1227 1081//1262
f 14//1237 16//1239 1057//1251
f 928//1160 926//481 907//481
f 1159//1062 1157//1062 1128//1062
f 1179//1233 1183//1234 1020//1249
f 920//549 918//1139 898//1139
f 906//152 1064//152 1065//152
f 163//605 155//257 1083//447
f 1430//1264 1428//1189 874//1188
f 1145//1268 1184//1242 1185//1133
f 236//1269 1122//1291 1123//1270
f 1132//1271 1169//1208 429//1272
f 496//218 1186//1244 1180//1229
f 910//152 1068//152 1067//152
f 1222//961 1221//963 895//1273
f 1187//1275 1059//1062 782//1062
f 1218//1169 1224//1184 466//353
f 78//352 40//561 1060//1276
f 1191//1277 1190//1278 1003//1278
f 895//1273 1221//963 1217//1150
f 1224//1179 1223//1178 1215//1280
f 1070//1282 1219//1182 1220//1263
f 170//392 1449//693 1451//191
f 913//1285 1217//1181 1219//1182
f 415//1171 1220//1184 1218//1169
f 1199//1286 1200//1287 1111//1287
f 897//1288 916//1293 360//1289
f 412//1290 1154//450 1122//1291
f 1446//1292 360//1289 916//1293
f 1201//1295 1194//1296 1007//1296
f 1160//1062 1159//1062 1130//1062
f 1194//1296 1193//1297 1006//1297
f 1195//1298 1196//1299 1107//1299
f 1066//152 1195//1298 1106//1298
f 38//1170 415//1171 1060//1276
f 1196//1299 1197//1300 1108//1300
f 1223//1178 1222//1194 1151//1301
f 1198//1302 1199//1286 1110//1286
f 1193//1297 1192//1303 1005//1303
f 1448//286 1449//693 170//392
f 1197//1300 1198//1302 1109//1302
f 1192//1303 1191//1277 1004//1277
f 1189//1305 1188//1306 1001//1306
f 1188//1306 1187//1275 1000//1275
f 1200//1287 1201//1295 1112//1295
f 1190//1278 1189//1305 1002//1305
f 1374//74 1375//74 1370//74
f 1372//74 1379//74 1380//74
f 1359//74 1358//74 1371//74
f 1164//74 1165//74 1389//74
f 1307//1124 975//1124 976//1124
f 1279//74 1277//74 1385//74
f 1375//74 1376//74 1369//74
f 1277//74 1117//74 1161//74
f 1321//1124 977//1124 978//1124
f 1386//74 1162//74 1163//74
f 1308//1124 1307//1124 1314//1124
f 1322//1124 1321//1124 979//1124
f 1316//1124 1315//1124 1322//1124
f 1362//74 1373//74 1374//74
f 1210//1124 1209//1124 1309//1124
f 1371//74 1378//74 1379//74
f 1210//1124 1310//1124 1311//1124
f 1323//1124 1322//1124 980//1124
f 1166//74 1167//74 1391//74
f 1317//1124 1324//1124 1325//1124
f 1318//1124 1325//1124 1326//1124
f 1319//1124 1326//1124 1327//1124
f 1213//1124 1313//1124 881//1124
f 1310//1124 1309//1124 1316//1124
f 1326//1124 932//1124 885//1124
f 1391//74 1364//74 1365//74
f 1313//1124 1320//1124 882//1124
f 1373//74 1380//74 1381//74
f 1385//74 1161//74 1162//74
f 1325//1124 933//1124 932//1124
f 1390//74 1391//74 1384//74
f 1387//74 1163//74 1164//74
f 782//1062 1059//1062 1225//1307
f 1100//1308 1237//1308 1236//1309
f 1392//1124 1399//1124 832//1124
f 1406//1124 836//1124 835//1124
f 1202//1010 1088//1012 1059//1310
f 1206//1073 1205//1075 1190//1312
f 1278//1314 1280//1437 1329//1315
f 1330//1074 1260//1438 1258//1317
f 867//1318 1228//1318 1229//1319
f 874//1320 1230//1320 1231//1321
f 1393//1124 1400//1124 1399//1124
f 1407//1124 837//1124 836//1124
f 1254//1322 1255//1112 1201//1323
f 1192//1325 1241//1123 1206//1073
f 1239//1017 1124//1392 1278//1314
f 1267//1326 1260//1438 1330//1074
f 1101//1328 1238//1328 1237//1308
f 1099//1309 1236//1309 1235//1329
f 1401//1124 1408//1124 1407//1124
f 1210//1124 1395//1124 1394//1124
f 1203//1083 1202//1010 1187//1311
f 1255//1112 1247//1081 1194//1331
f 1333//1122 1270//1439 1267//1326
f 1285//1332 1273//1440 1335//1079
f 876//1334 1232//1334 1240//1335
f 868//1319 1229//1319 1230//1320
f 1396//1124 1395//1124 1210//1124
f 1408//1124 838//1124 837//1124
f 1250//1336 1251//1403 1198//1337
f 1193//1339 1242//1080 1241//1123
f 1271//1340 1270//1439 1333//1122
f 1335//1079 1273//1440 1271//1340
f 875//1321 1231//1321 1232//1334
f 858//1342 1226//1342 1227//1343
f 1410//1124 1409//1124 1402//1124
f 1411//1124 1410//1124 1403//1124
f 1204//1089 1203//1083 1188//1330
f 1194//1331 1247//1081 1242//1080
f 1329//1315 1280//1437 1281//1345
f 1283//1347 1284//1441 1339//1348
f 1097//1350 1234//1350 1233//1351
f 857//1307 1225//1307 1226//1342
f 1412//1124 1411//1124 1404//1124
f 767//1124 1398//1124 1213//1124
f 1195//1352 1248//1090 1249//1353
f 1196//1354 1249//1353 1250//1336
f 1340//1355 1282//1442 1283//1347
f 1256//1356 1117//1443 1259//1011
f 1098//1329 1235//1329 1234//1350
f 859//1343 1227//1343 1228//1318
f 768//1124 1405//1124 1398//1124
f 772//1124 773//1124 1410//1124
f 1066//1358 1095//1018 1248//1090
f 1198//1337 1251//1403 1252//1359
f 1281//1345 1282//1442 1340//1355
f 1258//1317 1257//1444 1342//1082
f 1096//1351 1233//1351 1066//152
f 1102//1335 1240//1335 1238//1328
f 771//1124 772//1124 1411//1124
f 1395//1124 1402//1124 1401//1124
f 1190//1312 1205//1075 1204//1089
f 1252//1359 1254//1322 1200//1324
f 1342//1082 1257//1444 1256//1356
f 1339//1348 1284//1441 1285//1332
f 1260//74 1267//74 1286//74
f 1270//74 1271//74 1288//74
f 1290//74 1297//74 1296//74
f 1285//74 1290//74 1289//74
f 1059//1310 1088//1012 1243//651
f 1225//1361 1243//651 1244//653
f 1232//1363 1231//1391 1263//341
f 1226//1362 1244//653 1245//1067
f 1258//74 1286//74 1293//74
f 1287//74 1288//74 1295//74
f 1304//74 1165//74 1164//74
f 1297//74 1304//74 1303//74
f 1228//1365 1246//1145 1253//66
f 1232//1363 1264//343 1275//661
f 1424//662 1369//1397 1368//1368
f 1414//1154 1422//1153 1366//1370
f 1257//74 1293//74 1300//74
f 1294//74 1295//74 1302//74
f 1291//74 1298//74 1297//74
f 1284//74 1291//74 1290//74
f 1414//1154 1365//1371 1364//1372
f 1418//304 1417//68 1360//1374
f 1234//1376 1235//1387 1268//1377
f 1233//1378 1234//1376 1266//1152
f 1256//74 1300//74 1161//74
f 1301//74 1302//74 1163//74
f 1305//74 1166//74 1165//74
f 1298//74 1305//74 1304//74
f 1415//67 1416//1066 1358//1379
f 1420//342 1363//1396 1370//1381
f 1259//1011 1117//1443 1277//1382
f 1425//1383 1423//1369 1368//1368
f 1267//74 1270//74 1287//74
f 1271//74 1273//74 1289//74
f 1292//74 1299//74 1298//74
f 1283//74 1292//74 1291//74
f 1240//1367 1275//661 1274//663
f 1236//1386 1269//1389 1268//1377
f 1236//1386 1237//1395 1272//1388
f 1066//1358 1233//1378 1265//1016
f 1286//74 1287//74 1294//74
f 1288//74 1289//74 1296//74
f 1306//74 1167//74 1166//74
f 1299//74 1306//74 1305//74
f 1230//1390 1229//1366 1253//66
f 1231//1391 1230//1390 1261//303
f 1427//652 1279//1394 1358//1379
f 1425//1383 1367//1384 1366//1370
f 1293//74 1294//74 1301//74
f 1295//74 1296//74 1303//74
f 1280//74 1278//74 1306//74
f 1281//74 1280//74 1299//74
f 1239//1017 1413//1373 1364//1372
f 1418//304 1361//1375 1362//1393
f 1427//652 1426//1053 1277//1382
f 1238//1385 1274//663 1272//1388
f 1300//74 1301//74 1162//74
f 1302//74 1303//74 1164//74
f 1278//74 1124//74 1167//74
f 1282//74 1281//74 1292//74
f 1415//67 1359//1380 1360//1374
f 1420//342 1421//1195 1362//1393
f 1424//662 1419//1163 1370//1381
f 1228//1365 1227//1364 1245//1067
f 1167//74 1124//74 1364//74
f 1378//74 1385//74 1386//74
f 1211//1124 1311//1124 1312//1124
f 1377//74 1366//74 1367//74
f 1383//74 1384//74 1377//74
f 1320//1124 1327//1124 883//1124
f 1384//74 1365//74 1366//74
f 1212//1124 1312//1124 1313//1124
f 1317//1124 1316//1124 1323//1124
f 1327//1124 885//1124 884//1124
f 1312//1124 1319//1124 1320//1124
f 1311//1124 1318//1124 1319//1124
f 1324//1124 934//1124 933//1124
f 1380//74 1387//74 1388//74
f 1209//1124 1208//1124 1308//1124
f 1310//1124 1317//1124 1318//1124
f 1376//74 1377//74 1368//74
f 1324//1124 1323//1124 981//1124
f 1360//74 1371//74 1372//74
f 1309//1124 1308//1124 1315//1124
f 1315//1124 1314//1124 1321//1124
f 1208//1124 1207//1124 1307//1124
f 1165//74 1166//74 1390//74
f 1314//1124 976//1124 977//1124
f 1389//74 1390//74 1383//74
f 1382//74 1383//74 1376//74
f 1379//74 1386//74 1387//74
f 1207//1124 736//1124 975//1124
f 1388//74 1389//74 1382//74
f 1361//74 1372//74 1373//74
f 1358//74 1279//74 1378//74
f 1381//74 1382//74 1375//74
f 1265//1016 1266//1152 1414//1154
f 1268//1377 1269//1389 1425//1383
f 1399//1124 1406//1124 834//1124
f 1272//1388 1423//1369 1425//1383
f 1207//1124 1392//1124 829//1124
f 1394//1124 1401//1124 1400//1124
f 1403//1124 1402//1124 1395//1124
f 773//1124 774//1124 1409//1124
f 1346//701 1345//1245 988//1398
f 1348//1206 1347//1202 982//1399
f 1274//663 1424//662 1423//1369
f 844//1400 843//1406 1429//1164
f 1405//1124 1404//1124 1397//1124
f 1402//1124 1409//1124 1408//1124
f 1397//1124 1396//1124 1211//1124
f 1338//1349 1339//1348 1254//1322
f 987//1401 1343//1215 1344//1214
f 1241//1123 1333//1122 1332//1327
f 1330//1074 1331//1088 1204//1089
f 1250//1336 1337//1346 1340//1355
f 986//1402 1344//1214 1350//466
f 1339//1348 1334//1333 1255//1112
f 1249//1353 1329//1315 1337//1346
f 1248//1090 1328//1316 1329//1315
f 1104//1404 1103//358 1357//360
f 1340//1355 1338//1349 1252//1359
f 988//1398 1345//1245 1343//1215
f 1093//1149 1436//1148 1442//486
f 982//1399 1347//1202 1262//345
f 1085//1115 1352//349 1356//713
f 845//1125 844//1400 1428//1189
f 843//1406 842//696 1435//695
f 916//1199 1061//1143 168//1240
f 160//1254 1178//519 1444//184
f 165//154 164//606 1443//277
f 166//355 1216//354 1446//470
f 155//257 154//256 1447//418
f 136//1408 1082//186 1447//418
f 1072//287 1448//286 171//1304
f 163//605 1071//276 1443//277
f 1451//191 1445//190 161//627
f 1444//184 1082//186 136//1408
f 181//208 180//198 1457//247
f 177//327 1453//664 1459//597
f 1455//744 1452//545 187//1410
f 184//211 1462//666 1454//715
f 1461//598 1456//688 150//1411
f 183//210 1466//261 1462//666
f 1463//595 1453//664 177//327
f 176//1409 1459//597 1461//598
f 186//675 1465//546 1463//595
f 1452//545 1465//546 186//675
f 150//1411 1456//688 1458//533
f 181//208 1460//453 1464//454
f 183//210 182//209 1464//454
f 180//198 179//5 1458//533
