# Blender 4.5.2 LTS
# www.blender.org
o Male_Police
v 0.245490 1.654493 0.181111
v 0.299212 2.663502 0.077073
v 0.198496 1.701804 -0.181867
v 0.229898 2.677305 -0.159890
v 0.317461 1.641089 -0.003485
v 0.307283 2.685815 0.000000
v 0.631272 1.658209 -0.032336
v 0.147962 1.924633 -0.107417
v 0.182858 1.939465 0.182874
v 0.246426 1.935622 0.001671
v 0.242828 2.403502 -0.187783
v 0.218819 2.307138 0.192327
v 0.253951 2.241486 -0.000559
v 0.307041 2.562771 -0.173369
v 0.327222 2.553300 0.091937
v 0.374622 2.618716 -0.015827
v 0.166123 1.833102 -0.160419
v 0.203591 1.813817 0.168854
v 0.263775 1.810743 -0.001532
v 0.191808 2.105967 -0.097403
v 0.172509 2.185848 0.167119
v 0.245417 2.122873 -0.000000
v 0.091603 2.970707 -0.054752
v 0.119548 2.948670 0.017163
v 0.112668 2.872207 0.058448
v 0.588761 1.648782 -0.016128
v 0.643966 1.670134 0.031964
v 0.604561 1.660621 0.042953
v 0.656770 1.668895 -0.004763
v 0.584980 1.650316 0.019181
v 0.308964 1.496760 0.033612
v 0.217118 1.510122 -0.135357
v 0.095414 1.461410 0.185153
v 0.259566 1.516477 0.176949
v 0.080691 1.487240 -0.167068
v 0.029905 1.417645 0.029329
v 0.198645 0.226156 -0.010322
v 0.168983 0.207147 -0.060974
v 0.134828 0.246318 0.046381
v 0.188893 0.246337 0.039129
v 0.121045 0.207130 -0.067805
v 0.108684 0.226124 -0.007996
v 0.270748 2.298974 -0.008694
v 0.279587 2.356419 0.136313
v 0.379996 2.431309 0.102123
v 0.445566 2.472072 -0.018895
v 0.288260 2.358225 -0.130660
v 0.388080 2.427154 -0.119647
v 0.397213 2.112200 -0.010517
v 0.483195 2.186687 0.048636
v 0.414908 2.160669 -0.071944
v 0.435991 2.144717 0.076259
v 0.519550 2.215773 -0.023651
v 0.488440 2.199884 -0.072467
v 0.379935 2.211553 0.106081
v 0.484679 2.344983 -0.021273
v 0.426824 2.296358 -0.103547
v 0.365425 2.163901 -0.008667
v 0.446935 2.300755 0.090101
v 0.364677 2.216940 -0.104085
v 0.115049 2.749121 -0.137415
v 0.167648 2.729791 -0.019342
v 0.117813 2.721135 0.067562
v 0.425619 2.054320 -0.012060
v 0.505794 2.121278 0.045414
v 0.463139 2.067369 -0.074753
v 0.446433 2.070371 0.065147
v 0.542660 2.161330 -0.024602
v 0.504372 2.128789 -0.072021
v 0.457103 1.944752 -0.013231
v 0.562051 1.991985 0.065959
v 0.508357 1.956163 -0.094086
v 0.482497 1.960044 0.071631
v 0.617615 2.010549 -0.028825
v 0.561001 1.992727 -0.069112
v 0.110336 1.199935 -0.143041
v 0.052728 1.150792 0.023613
v 0.122559 1.170112 0.149484
v 0.229580 1.181337 0.143762
v 0.314516 1.250721 0.027547
v 0.212867 1.245098 -0.106448
v 0.135843 0.884606 -0.138615
v 0.220495 0.950655 -0.113901
v 0.059852 0.902231 0.019109
v 0.119039 0.942043 0.130676
v 0.248400 1.005253 0.123682
v 0.293390 0.975211 0.028470
v 0.084228 0.650003 -0.167168
v 0.213227 0.652672 -0.160408
v 0.058585 0.661886 0.000631
v 0.141596 0.674066 0.084948
v 0.245955 0.664737 0.076625
v 0.308896 0.633866 0.001569
v 0.059237 0.797741 0.015330
v 0.135187 0.856677 0.115351
v 0.244631 0.841487 0.109451
v 0.293448 0.788539 0.021242
v 0.125949 0.818000 -0.136918
v 0.221716 0.816474 -0.117700
v 0.228990 -0.008128 -0.095062
v 0.171256 0.006666 -0.157853
v 0.128822 -0.002457 -0.003840
v 0.182892 -0.002439 -0.011041
v 0.104354 0.006645 -0.148475
v 0.059412 -0.008179 -0.066507
v 0.183964 0.026855 0.404834
v 0.260221 0.015577 0.355417
v 0.116206 0.031351 0.377291
v 0.291222 0.014921 0.287280
v 0.172097 -0.010018 0.395613
v 0.246041 -0.009996 0.352114
v 0.106637 -0.012376 0.377993
v 0.280481 -0.009990 0.282628
v 0.233147 -0.007049 0.153936
v 0.270085 -0.007944 0.118333
v 0.235245 0.061038 0.208229
v 0.262771 0.034620 0.160065
v 0.152869 -0.007069 0.178929
v 0.078738 -0.007995 0.167526
v 0.086501 0.059586 0.200377
v 0.163135 0.081580 0.229560
v 0.201611 0.005358 0.059098
v 0.217832 0.143317 0.026774
v 0.067684 0.001237 0.026956
v 0.141916 0.172543 0.087793
v 0.244615 0.001288 -0.008570
v 0.202075 0.165616 0.075785
v 0.138688 0.005339 0.072308
v 0.098718 0.151728 0.041930
v 0.675189 1.575036 -0.008062
v 0.679925 1.487682 -0.009773
v 0.642971 1.493646 -0.086523
v 0.630386 1.576470 -0.081476
v 0.620712 1.440120 0.027176
v 0.678097 1.445091 -0.014538
v 0.613562 1.436299 0.085220
v 0.662797 1.440835 0.032563
v 0.629397 1.445177 -0.015566
v 0.643971 1.454340 -0.081941
v 0.600253 1.441259 0.157703
v 0.603321 1.434583 0.133365
v 0.619020 1.436081 0.137844
v 0.617342 1.437299 0.162240
v 0.623099 1.499881 0.126344
v 0.621126 1.515524 0.163072
v 0.597528 1.493681 0.121460
v 0.592711 1.517505 0.155100
v 0.649080 1.503789 0.090929
v 0.644527 1.617874 0.108599
v 0.647380 1.440309 0.092007
v 0.624684 1.464467 -0.000406
v 0.594448 1.580872 -0.030747
v 0.572676 1.590658 0.029011
v 0.598408 1.478970 0.047424
v 0.590711 1.492445 0.085999
v 0.576614 1.599892 0.096983
v 0.668311 1.592326 0.040533
v 0.672169 1.494272 0.040871
v 0.632985 1.342515 0.023852
v 0.628556 1.340279 0.079591
v 0.666107 1.340911 0.026412
v 0.653567 1.339461 0.088585
v 0.633901 1.257560 0.011986
v 0.626052 1.266221 0.061499
v 0.662336 1.253879 0.017903
v 0.647710 1.264711 0.063708
v 0.663875 1.597994 -0.056076
v 0.680442 1.512830 -0.071603
v 0.677249 1.454484 -0.074980
v 0.678342 1.347197 -0.016647
v 0.631994 1.348162 -0.024324
v 0.645393 1.369363 -0.077692
v 0.672275 1.368608 -0.071653
v 0.678342 1.285908 -0.030987
v 0.647773 1.297230 -0.039177
v 0.647705 1.330097 -0.059677
v 0.673063 1.317649 -0.067525
v 0.081293 3.250865 0.143023
v 0.129190 3.211959 -0.085684
v 0.151132 3.107252 -0.112633
v 0.148090 3.221955 -0.009030
v 0.154187 3.108917 0.142864
v 0.163785 3.115012 0.046330
v 0.143520 3.091951 0.141675
v 0.124730 2.930921 0.156159
v 0.100363 2.880230 0.163088
v 0.139865 2.931732 0.096870
v 0.153937 3.014166 0.070155
v 0.032982 2.981082 0.212819
v 0.080483 2.808391 -0.081286
v 0.079022 2.776484 0.057394
v 0.110130 2.795943 -0.009154
v 0.112603 3.002658 -0.049132
v 0.125845 2.990628 -0.013204
v 0.146808 3.071039 -0.001233
v 0.140812 3.067362 -0.076559
v 0.190879 3.073230 0.014254
v 0.182108 3.011637 0.004772
v 0.172622 3.065169 0.002495
v 0.166898 3.015863 -0.007503
v 0.012896 3.076910 0.212855
v 0.014904 2.989474 0.256682
v 0.016549 3.056505 0.218111
v 0.102371 0.293927 -0.007150
v 0.136108 0.311938 0.045988
v 0.196670 0.310622 0.038675
v 0.214106 0.289947 -0.008980
v 0.116472 0.276211 -0.081638
v 0.175386 0.276604 -0.074905
v 0.076597 0.401145 -0.002240
v 0.132665 0.419075 0.060578
v 0.219547 0.414878 0.051486
v 0.255782 0.388515 -0.003527
v 0.097265 0.381827 -0.121998
v 0.190769 0.383043 -0.113922
v 0.122910 2.784802 -0.005474
v 0.094079 2.803301 -0.093885
v 0.092878 2.766477 0.073848
v -0.245490 1.654493 0.181111
v -0.299212 2.663502 0.077073
v -0.198496 1.701804 -0.181867
v -0.229898 2.677305 -0.159890
v 0.000000 1.638420 -0.225034
v 0.000000 2.701369 -0.233563
v 0.000000 1.534811 0.199989
v 0.000000 2.678467 0.139380
v -0.317461 1.641089 -0.003485
v -0.307283 2.685815 0.000000
v -0.631272 1.658209 -0.032337
v 0.000000 1.454061 -0.000000
v -0.147962 1.924633 -0.107417
v -0.182858 1.939465 0.182874
v 0.000000 1.922627 0.252719
v 0.000000 1.940004 -0.160649
v -0.246426 1.935622 0.001671
v -0.242828 2.403502 -0.187783
v -0.218819 2.307138 0.192327
v 0.000000 2.271366 0.265675
v 0.000000 2.287839 -0.222631
v -0.253951 2.241486 -0.000559
v -0.307041 2.562771 -0.173369
v -0.327222 2.553300 0.091937
v 0.000000 2.615300 0.218337
v 0.000000 2.562562 -0.241440
v -0.369128 2.631075 -0.015827
v -0.166123 1.833102 -0.160419
v -0.203591 1.813817 0.168854
v 0.000000 1.803793 0.249012
v 0.000000 1.817275 -0.213894
v -0.263775 1.810743 -0.001532
v -0.191808 2.105967 -0.097403
v -0.172509 2.185848 0.167119
v 0.000000 2.157596 0.250698
v 0.000000 2.110509 -0.178301
v -0.245417 2.122873 -0.000000
v 0.000000 2.971147 -0.085932
v -0.091603 2.970707 -0.054752
v -0.119548 2.948670 0.017163
v -0.112668 2.872207 0.058448
v -0.000000 2.822193 0.080676
v -0.588761 1.648782 -0.016128
v -0.643966 1.670134 0.031963
v -0.604561 1.660621 0.042952
v -0.656771 1.668895 -0.004764
v -0.584980 1.650316 0.019181
v -0.308964 1.496760 0.033612
v -0.217118 1.510123 -0.135357
v -0.095414 1.461410 0.185153
v -0.259566 1.516477 0.176949
v -0.080691 1.487240 -0.167068
v -0.029905 1.417645 0.029329
v -0.198645 0.226156 -0.010322
v -0.168983 0.207147 -0.060974
v -0.134828 0.246318 0.046381
v -0.188893 0.246337 0.039129
v -0.121045 0.207130 -0.067805
v -0.108684 0.226124 -0.007996
v -0.270748 2.298974 -0.008694
v -0.279587 2.356419 0.136313
v -0.379996 2.425816 0.102123
v -0.445566 2.472072 -0.018895
v -0.288260 2.358225 -0.130660
v -0.388080 2.427154 -0.119647
v -0.397213 2.112200 -0.010517
v -0.483195 2.186687 0.048635
v -0.414908 2.160669 -0.071944
v -0.435991 2.144717 0.076259
v -0.519550 2.215773 -0.023651
v -0.488440 2.199884 -0.072467
v -0.379935 2.211553 0.106081
v -0.484679 2.344983 -0.021273
v -0.426824 2.296358 -0.103547
v -0.365425 2.163901 -0.008667
v -0.446935 2.300755 0.090101
v -0.364677 2.216940 -0.104086
v -0.115049 2.749121 -0.137415
v -0.167648 2.729791 -0.019342
v 0.000000 2.762637 -0.196501
v -0.117813 2.721135 0.067562
v 0.000000 2.722752 0.112423
v -0.425619 2.054320 -0.012060
v -0.505795 2.121278 0.045414
v -0.463139 2.067369 -0.074753
v -0.446433 2.070371 0.065146
v -0.542660 2.161330 -0.024602
v -0.504372 2.128789 -0.072021
v -0.457103 1.944752 -0.013231
v -0.562051 1.991985 0.065959
v -0.508357 1.956163 -0.094087
v -0.482497 1.960044 0.071630
v -0.617615 2.010549 -0.028826
v -0.561001 1.992727 -0.069113
v -0.110336 1.199935 -0.143041
v -0.052728 1.150792 0.023613
v -0.122559 1.170112 0.149484
v -0.229580 1.181337 0.143762
v -0.314516 1.250721 0.027547
v -0.212867 1.245098 -0.106448
v -0.135843 0.884606 -0.138615
v -0.220495 0.950655 -0.113901
v -0.059852 0.902231 0.019109
v -0.119039 0.942043 0.130676
v -0.248400 1.005253 0.123682
v -0.293390 0.975211 0.028470
v -0.084227 0.650003 -0.167168
v -0.213227 0.652672 -0.160408
v -0.058585 0.661886 0.000631
v -0.141596 0.674066 0.084948
v -0.245955 0.664737 0.076625
v -0.308896 0.633866 0.001569
v -0.059237 0.797741 0.015330
v -0.135187 0.856677 0.115351
v -0.244631 0.841487 0.109451
v -0.293448 0.788539 0.021242
v -0.125949 0.818000 -0.136918
v -0.221716 0.816474 -0.117700
v -0.228990 -0.008128 -0.095063
v -0.171256 0.006666 -0.157853
v -0.128821 -0.002457 -0.003840
v -0.182892 -0.002439 -0.011041
v -0.104354 0.006645 -0.148475
v -0.059412 -0.008179 -0.066507
v -0.183964 0.026855 0.404834
v -0.260221 0.015577 0.355416
v -0.116206 0.031351 0.377291
v -0.291222 0.014921 0.287280
v -0.172097 -0.010018 0.395613
v -0.246041 -0.009996 0.352114
v -0.106637 -0.012376 0.377993
v -0.280481 -0.009990 0.282628
v -0.233147 -0.007049 0.153936
v -0.270085 -0.007944 0.118333
v -0.235245 0.061038 0.208229
v -0.262771 0.034620 0.160065
v -0.152869 -0.007069 0.178929
v -0.078738 -0.007995 0.167526
v -0.086501 0.059586 0.200377
v -0.163135 0.081580 0.229560
v -0.201611 0.005358 0.059098
v -0.217832 0.143317 0.026774
v -0.067684 0.001237 0.026956
v -0.141916 0.172543 0.087793
v -0.244615 0.001288 -0.008570
v -0.202075 0.165616 0.075785
v -0.138688 0.005339 0.072308
v -0.098718 0.151728 0.041930
v -0.675189 1.575036 -0.008063
v -0.679925 1.487682 -0.009773
v -0.642971 1.493646 -0.086524
v -0.630386 1.576470 -0.081476
v -0.620712 1.440120 0.027175
v -0.678097 1.445091 -0.014539
v -0.613562 1.436299 0.085219
v -0.662797 1.440835 0.032562
v -0.629397 1.445177 -0.015567
v -0.643971 1.454340 -0.081942
v -0.600253 1.441258 0.157703
v -0.603322 1.434583 0.133364
v -0.619020 1.436081 0.137843
v -0.617342 1.437298 0.162240
v -0.623099 1.499880 0.126343
v -0.621126 1.515523 0.163071
v -0.597528 1.493681 0.121460
v -0.592711 1.517505 0.155099
v -0.649080 1.503789 0.090928
v -0.644527 1.617874 0.108599
v -0.647380 1.440308 0.092006
v -0.624684 1.464467 -0.000406
v -0.594448 1.580872 -0.030747
v -0.572676 1.590658 0.029010
v -0.598408 1.478970 0.047423
v -0.590711 1.492445 0.085999
v -0.576614 1.599892 0.096983
v -0.668311 1.592326 0.040533
v -0.672168 1.494272 0.040871
v -0.632985 1.342515 0.023851
v -0.628556 1.340279 0.079591
v -0.666107 1.340911 0.026411
v -0.653567 1.339461 0.088584
v -0.633901 1.257560 0.011986
v -0.626052 1.266221 0.061498
v -0.662336 1.253879 0.017902
v -0.647710 1.264711 0.063707
v -0.663875 1.597994 -0.056076
v -0.680442 1.512829 -0.071604
v -0.677249 1.454484 -0.074980
v -0.678342 1.347197 -0.016647
v -0.631994 1.348162 -0.024325
v -0.645393 1.369363 -0.077693
v -0.672275 1.368608 -0.071654
v -0.678342 1.285908 -0.030987
v -0.647773 1.297229 -0.039178
v -0.647705 1.330097 -0.059677
v -0.673063 1.317649 -0.067526
v -0.081293 3.250865 0.143023
v -0.129190 3.211959 -0.085684
v 0.000000 3.242245 -0.104845
v -0.151132 3.107252 -0.112633
v -0.148090 3.221955 -0.009030
v -0.154187 3.108917 0.142864
v -0.000000 3.287702 0.173225
v 0.000000 3.302295 0.015910
v -0.000000 3.106401 0.224634
v -0.163785 3.115012 0.046330
v 0.000000 3.107252 -0.156949
v -0.143520 3.091951 0.141675
v -0.124730 2.930921 0.156159
v -0.100363 2.880230 0.163088
v -0.000000 2.837860 0.209229
v -0.000000 3.076920 0.217267
v -0.000000 2.913455 0.225259
v -0.139865 2.931732 0.096870
v -0.153937 3.014166 0.070155
v -0.000000 2.963477 0.223202
v -0.000000 3.062184 0.221259
v -0.032982 2.981082 0.212819
v -0.000000 2.988191 0.261309
v -0.080483 2.808391 -0.081286
v 0.000000 2.814577 -0.127214
v -0.079022 2.776484 0.057394
v -0.110130 2.795943 -0.009154
v 0.000000 2.734965 0.084463
v -0.112603 3.002658 -0.049132
v -0.125845 2.990628 -0.013204
v -0.146808 3.071039 -0.001233
v -0.140812 3.067362 -0.076559
v -0.190879 3.073230 0.014254
v -0.182108 3.011637 0.004772
v -0.172622 3.065169 0.002495
v -0.166898 3.015863 -0.007503
v -0.012896 3.076910 0.212855
v -0.014904 2.989474 0.256682
v -0.016549 3.056505 0.218111
v -0.102371 0.293927 -0.007150
v -0.136108 0.311938 0.045988
v -0.196670 0.310622 0.038675
v -0.214106 0.289947 -0.008980
v -0.116472 0.276211 -0.081638
v -0.175386 0.276604 -0.074905
v -0.076597 0.401145 -0.002240
v -0.132665 0.419075 0.060578
v -0.219547 0.414878 0.051486
v -0.255782 0.388515 -0.003527
v -0.097265 0.381827 -0.121998
v -0.190769 0.383043 -0.113922
v -0.122910 2.784802 -0.005474
v 0.000000 2.732675 0.094239
v -0.094079 2.803301 -0.093885
v 0.000000 2.809181 -0.143409
v -0.092878 2.766477 0.073848
v 0.084837 2.925334 0.178259
v -0.000000 2.953888 0.223596
v -0.000000 2.863533 0.214673
v 0.072707 2.898740 0.181519
v 0.033449 2.957315 0.205943
v -0.094483 2.926685 0.172915
v -0.080897 2.891574 0.174106
v -0.030734 2.956692 0.211836
v 0.025030 3.017578 0.215380
v 0.135389 3.022269 0.147943
v -0.134049 3.010784 0.148976
v -0.024990 3.017765 0.215393
v 0.441212 2.107544 0.070703
v 0.531105 2.188552 -0.024127
v 0.496406 2.164336 -0.072244
v 0.411416 2.083260 -0.011288
v 0.494495 2.153983 0.047025
v 0.439024 2.114019 -0.073348
v 0.249203 2.331778 0.164320
v 0.414076 2.552260 -0.017361
v 0.347560 2.494962 -0.146508
v 0.262349 2.270230 -0.004626
v 0.358415 2.491618 0.097030
v 0.265544 2.380864 -0.159222
v -0.249203 2.331778 0.164320
v -0.409407 2.563246 -0.017361
v -0.347560 2.494962 -0.146508
v -0.262349 2.270230 -0.004626
v -0.355669 2.483378 0.097030
v -0.265544 2.380864 -0.159222
v -0.441212 2.107544 0.070703
v -0.531105 2.188551 -0.024127
v -0.496406 2.164336 -0.072244
v -0.411416 2.083260 -0.011288
v -0.494495 2.153982 0.047025
v -0.439024 2.114019 -0.073348
v 0.577657 1.667177 0.017325
v 0.639275 1.688565 0.033911
v 0.584157 1.666384 -0.020592
v 0.597571 1.677767 0.044595
v 0.654528 1.688460 -0.006141
v 0.627248 1.677365 -0.034442
v -0.577443 1.667669 0.017271
v -0.639138 1.689104 0.033967
v -0.584022 1.666899 -0.020723
v -0.597367 1.678268 0.044642
v -0.654463 1.689032 -0.006182
v -0.627130 1.677925 -0.034504
v 0.664774 1.381158 0.028889
v 0.628042 1.381828 0.025191
v 0.622516 1.378954 0.081858
v 0.651075 1.380080 0.089963
v 0.678243 1.386626 -0.015797
v 0.674278 1.403197 -0.072993
v 0.644820 1.403590 -0.079403
v 0.630948 1.387237 -0.020797
v 0.633400 1.304001 0.018473
v 0.627421 1.306705 0.071389
v 0.664397 1.301456 0.022554
v 0.650912 1.305574 0.077307
v 0.639147 1.325072 -0.031058
v 0.678342 1.319412 -0.023148
v 0.672633 1.345506 -0.069782
v 0.646441 1.351562 -0.069525
v -0.664809 1.380087 0.028823
v -0.628173 1.380781 0.025154
v -0.622677 1.377924 0.081797
v -0.651141 1.378999 0.089926
v -0.678246 1.385577 -0.015821
v -0.674225 1.402276 -0.072958
v -0.644835 1.402679 -0.079359
v -0.630976 1.386197 -0.020891
v -0.633433 1.300908 0.018040
v -0.627330 1.304009 0.070730
v -0.664260 1.298286 0.022244
v -0.650699 1.302852 0.076400
v -0.639722 1.323217 -0.031599
v -0.678342 1.317181 -0.023670
v -0.672661 1.343650 -0.069632
v -0.646525 1.350132 -0.068869
v 0.624377 1.410974 0.026183
v 0.649227 1.410194 0.090985
v 0.678170 1.415859 -0.015168
v 0.644396 1.428965 -0.080672
v 0.630172 1.416207 -0.018181
v 0.663786 1.410997 0.030726
v 0.618039 1.407626 0.083539
v 0.675764 1.428840 -0.073986
v -0.624443 1.410451 0.026165
v -0.649261 1.409654 0.090966
v -0.678171 1.415334 -0.015180
v -0.644403 1.428510 -0.080650
v -0.630186 1.415687 -0.018229
v -0.663803 1.410461 0.030693
v -0.618119 1.407112 0.083508
v -0.675737 1.428380 -0.073969
v 0.059544 0.849986 0.017219
v 0.127113 0.899360 0.123013
v 0.246515 0.923370 0.116566
v 0.293419 0.881875 0.024856
v 0.130896 0.851303 -0.137767
v 0.221105 0.883564 -0.115801
v -0.059544 0.849986 0.017219
v -0.127113 0.899360 0.123013
v -0.246515 0.923370 0.116566
v -0.293419 0.881875 0.024856
v -0.130896 0.851303 -0.137767
v -0.221105 0.883564 -0.115801
v 0.272204 -0.008357 0.151817
v 0.240335 0.051783 0.238225
v 0.156787 -0.007659 0.223088
v 0.092554 0.053841 0.236429
v 0.235775 -0.007641 0.194325
v 0.268569 0.030610 0.185991
v 0.084424 -0.008878 0.210419
v 0.167380 0.070439 0.265279
v 0.273971 -0.008690 0.179736
v 0.244581 0.044048 0.263250
v 0.160056 -0.008163 0.259914
v 0.097605 0.049037 0.266509
v 0.237966 -0.008138 0.228004
v 0.273406 0.027267 0.207616
v 0.089166 -0.009622 0.246188
v 0.170921 0.061123 0.295083
v 0.118758 0.241678 -0.074722
v 0.172185 0.241883 -0.067940
v 0.105528 0.260023 -0.007570
v 0.135469 0.279117 0.046191
v 0.192782 0.278469 0.038908
v 0.206376 0.258049 -0.009648
v 0.039781 1.562826 -0.195110
v 0.014711 1.435852 0.014969
v 0.312748 1.568928 0.014973
v 0.207286 1.605965 -0.158337
v 0.047912 1.498101 0.193488
v 0.252524 1.585485 0.179102
v 0.034544 1.363414 0.028167
v 0.100931 1.402211 0.177904
v 0.253472 1.448369 0.170204
v 0.310092 1.446759 0.032379
v 0.086715 1.428853 -0.162185
v 0.216254 1.456263 -0.129482
v -0.039781 1.562826 -0.195110
v -0.014711 1.435852 0.014969
v -0.312748 1.568928 0.014973
v -0.207286 1.605965 -0.158337
v -0.047912 1.498101 0.193488
v -0.252524 1.585485 0.179102
v -0.035301 1.354563 0.027978
v -0.101831 1.392550 0.176721
v -0.252477 1.437253 0.169104
v -0.310276 1.438599 0.032178
v -0.087698 1.419324 -0.161388
v -0.216113 1.447473 -0.128523
v 0.181070 2.061559 -0.099855
v 0.175043 2.125509 0.170977
v 0.000000 2.100053 0.251193
v 0.000000 2.068753 -0.173978
v 0.245664 2.077016 0.000409
v -0.181070 2.061559 -0.099855
v -0.175043 2.125509 0.170977
v -0.245664 2.077016 0.000409
v 0.157043 1.878868 -0.133918
v 0.193225 1.876641 0.175864
v 0.000000 1.863210 0.250866
v 0.000000 1.878639 -0.187271
v 0.255101 1.873182 0.000069
v -0.157043 1.878868 -0.133918
v -0.193225 1.876641 0.175864
v -0.255101 1.873182 0.000069
v -0.118758 0.241678 -0.074722
v -0.172185 0.241883 -0.067940
v -0.105528 0.260023 -0.007570
v -0.135469 0.279117 0.046191
v -0.192782 0.278469 0.038908
v -0.206376 0.258049 -0.009648
v -0.271904 -0.008288 0.147081
v -0.239616 0.053087 0.233990
v -0.156234 -0.007575 0.216844
v -0.091700 0.054652 0.231340
v -0.235403 -0.007553 0.188613
v -0.267750 0.031181 0.182328
v -0.083620 -0.008750 0.204354
v -0.166780 0.072007 0.260239
v -0.273519 -0.008600 0.172595
v -0.243495 0.046024 0.256853
v -0.159220 -0.008034 0.250496
v -0.096313 0.050264 0.258820
v -0.237406 -0.008009 0.219390
v -0.272169 0.028124 0.202087
v -0.087953 -0.009431 0.237039
v -0.170016 0.063502 0.287466
v 0.088906 2.931338 -0.061188
v 0.000000 2.933172 -0.095945
v 0.104507 2.848990 0.058192
v 0.117263 2.911627 0.010780
v -0.000000 2.801036 0.081594
v -0.088906 2.931338 -0.061188
v -0.104507 2.848990 0.058192
v -0.117263 2.911627 0.010780
v 0.112247 2.830282 -0.003237
v -0.000000 2.754577 0.083612
v -0.112247 2.830282 -0.003237
v 0.082983 2.844885 -0.075320
v 0.000000 2.849780 -0.117933
v 0.086587 2.798006 0.057631
v -0.082983 2.844885 -0.075320
v -0.086587 2.798006 0.057631
v 0.274184 2.563349 0.112424
v 0.234117 2.352704 -0.172352
v 0.207505 2.277505 0.186168
v 0.217127 2.391261 -0.191471
v 0.251900 2.212986 -0.000425
v 0.228783 2.562718 -0.190718
v 0.306669 2.634162 0.081030
v 0.338437 2.666906 -0.001966
v 0.200945 2.304216 0.198318
v 0.244253 2.655992 -0.162398
v -0.251806 2.211667 -0.000418
v -0.335172 2.669316 -0.003000
v -0.237130 2.400789 -0.188601
v -0.203106 2.265985 0.183774
v -0.307241 2.631912 0.081334
v -0.271615 2.563836 0.113417
v -0.192623 2.302856 0.201107
v -0.249869 2.647653 -0.163379
v -0.234430 2.354531 -0.172907
v -0.235898 2.562722 -0.189141
vn 0.2466 0.1133 -0.9625
vn 0.3145 0.2623 -0.9123
vn 0.2840 0.1774 -0.9423
vn 0.7866 0.3725 0.4925
vn 0.7983 0.3224 0.5087
vn 0.8070 0.2756 0.5223
vn 0.8591 -0.1360 -0.4933
vn 0.8534 -0.0660 -0.5171
vn 0.8499 -0.0388 -0.5255
vn 0.3295 0.1571 -0.9310
vn 0.3490 0.2121 -0.9128
vn 0.3200 0.1315 -0.9383
vn 0.3874 0.2193 0.8954
vn 0.9294 -0.0020 -0.3690
vn 0.9311 0.0027 -0.3647
vn 0.9311 0.0028 -0.3648
vn -0.5547 -0.7263 -0.4061
vn -0.7154 -0.5602 -0.4175
vn -0.5220 -0.7524 -0.4016
vn 0.6895 0.5476 -0.4740
vn 0.6726 0.5887 -0.4485
vn 0.6972 0.5268 -0.4862
vn 0.7397 0.3799 -0.5554
vn 0.7395 0.1924 -0.6450
vn 0.7318 0.4444 -0.5167
vn 0.3633 -0.0412 0.9308
vn 0.3618 -0.0305 0.9318
vn 0.3637 -0.0423 0.9305
vn 0.9372 0.1211 0.3272
vn 0.9375 0.1186 0.3271
vn 0.9369 0.1213 0.3279
vn 0.3055 0.4087 -0.8600
vn 0.3273 0.4867 -0.8100
vn 0.2971 0.3800 -0.8760
vn 0.9129 -0.1814 -0.3655
vn 0.9139 -0.1866 -0.3604
vn 0.8789 -0.0655 -0.4724
vn 0.3859 -0.2899 0.8758
vn 0.3579 -0.1374 0.9236
vn 0.3856 -0.1803 0.9049
vn 0.9023 -0.1548 0.4025
vn 0.8758 -0.3176 0.3635
vn 0.9058 -0.0632 0.4190
vn 0.3203 -0.2844 -0.9036
vn 0.2834 -0.3229 -0.9030
vn 0.3223 -0.2823 -0.9036
vn 0.2852 0.2287 0.9308
vn 0.3818 0.1990 0.9026
vn 0.2749 0.2316 0.9332
vn 0.9320 0.1493 0.3302
vn 0.9225 0.1791 0.3418
vn 0.9376 0.1302 0.3225
vn 0.1914 -0.0434 -0.9805
vn 0.1937 -0.0405 -0.9802
vn 0.1731 -0.0673 -0.9826
vn 0.2265 0.1213 -0.9664
vn 0.2383 0.1432 -0.9606
vn 0.1935 0.0610 -0.9792
vn 0.9054 0.2736 0.3247
vn 0.9061 0.2724 0.3238
vn 0.9008 0.2813 0.3308
vn 0.2531 -0.0237 0.9671
vn 0.2366 -0.0523 0.9702
vn 0.1609 -0.1770 0.9710
vn 0.8373 0.2778 -0.4709
vn 0.8385 0.2756 -0.4700
vn 0.8408 0.2715 -0.4683
vn 0.3759 -0.0878 -0.9225
vn 0.3859 -0.0490 -0.9212
vn 0.3739 -0.0955 -0.9226
vn 0.9247 0.0176 0.3803
vn 0.9236 0.0556 0.3793
vn 0.9247 0.0084 0.3805
vn 0.4233 0.0637 0.9038
vn 0.4174 0.0201 0.9085
vn 0.4156 0.0078 0.9095
vn 0.8499 -0.1375 -0.5087
vn 0.8703 -0.0398 -0.4910
vn 0.8398 -0.1747 -0.5141
vn 0.2297 -0.0821 0.9698
vn 0.2025 0.0313 0.9788
vn 0.1997 0.0425 0.9789
vn 0.9953 -0.0958 0.0167
vn 0.9458 -0.2891 -0.1479
vn 0.9288 -0.3245 -0.1788
vn -0.6980 -0.2673 0.6644
vn -0.6944 -0.3091 0.6499
vn -0.6904 -0.3425 0.6372
vn -0.9235 -0.3695 -0.1033
vn -0.9377 -0.3200 -0.1353
vn -0.9110 -0.4045 -0.0800
vn 0.7164 0.0623 -0.6949
vn 0.7146 0.0442 -0.6982
vn 0.7176 0.0746 -0.6925
vn 0.2679 -0.0212 0.9632
vn 0.2537 -0.0021 0.9673
vn 0.2755 -0.0314 0.9608
vn -0.8834 -0.0576 0.4651
vn -0.8799 -0.0111 0.4750
vn -0.8765 0.0199 0.4811
vn -0.5446 -0.7280 0.4165
vn -0.7953 -0.5053 0.3349
vn -0.5060 -0.7513 0.4237
vn 0.0685 -0.0381 0.9969
vn 0.0990 -0.0770 0.9921
vn 0.0583 -0.0252 0.9980
vn 0.9385 0.0450 0.3424
vn 0.9404 0.0727 0.3323
vn 0.9463 0.0334 0.3215
vn 0.2643 -0.2037 -0.9427
vn 0.2585 -0.2062 -0.9438
vn 0.2730 -0.2136 -0.9380
vn -0.9813 -0.0970 -0.1663
vn -0.9812 -0.0920 -0.1696
vn -0.9814 -0.0909 -0.1690
vn 0.1284 0.0014 0.9917
vn 0.1282 -0.0047 0.9917
vn 0.1270 -0.0062 0.9919
vn 0.9374 -0.1937 0.2895
vn 0.9415 -0.1510 0.3012
vn 0.9321 -0.2318 0.2784
vn 0.1345 -0.2026 -0.9700
vn 0.1295 -0.1943 -0.9724
vn 0.1267 -0.1906 -0.9735
vn 0.4122 -0.3851 -0.8257
vn 0.3751 -0.2237 -0.8996
vn 0.4323 -0.5070 -0.7457
vn 0.2831 0.1117 0.9526
vn 0.7177 -0.2272 0.6582
vn 0.2113 0.1571 0.9647
vn 0.7856 0.2756 -0.5539
vn 0.7824 0.2962 -0.5478
vn 0.7892 0.2492 -0.5614
vn 0.9050 -0.4129 -0.1022
vn -0.0126 -0.8186 -0.5742
vn 0.9599 -0.2802 0.0017
vn 0.9352 -0.3412 0.0943
vn 0.7732 -0.5787 0.2593
vn 0.7466 -0.6043 0.2783
vn 0.7831 0.3163 0.5354
vn 0.7851 0.3056 0.5387
vn 0.7864 0.2985 0.5409
vn 0.2085 -0.2434 -0.9473
vn 0.2065 -0.2536 -0.9450
vn 0.1845 -0.3581 -0.9153
vn 0.4631 -0.1090 0.8796
vn 0.4692 -0.0826 0.8792
vn 0.4455 -0.1774 0.8775
vn 0.7436 0.2350 -0.6260
vn 0.7491 0.2565 -0.6108
vn 0.7583 0.2974 -0.5801
vn -0.6660 -0.5606 -0.4922
vn -0.6252 -0.6329 -0.4566
vn -0.7234 -0.4253 -0.5440
vn -0.6930 -0.5646 0.4483
vn -0.6633 -0.6262 0.4097
vn -0.6266 -0.6885 0.3652
vn 0.8852 0.1847 0.4271
vn 0.8829 0.1666 0.4391
vn 0.8892 0.2327 0.3938
vn 0.8209 0.3098 0.4797
vn 0.8210 0.3135 0.4771
vn 0.8168 0.2416 0.5239
vn -0.7671 -0.5689 0.2965
vn -0.7691 -0.5626 0.3032
vn -0.7614 -0.5855 0.2784
vn -0.7892 -0.5154 -0.3340
vn -0.7867 -0.5270 -0.3214
vn -0.7815 -0.5479 -0.2984
vn 0.7790 0.2073 -0.5918
vn 0.7769 0.1976 -0.5978
vn 0.7651 0.1495 -0.6264
vn 0.2738 0.0251 0.9615
vn 0.2689 0.0090 0.9631
vn 0.2834 0.0571 0.9573
vn 0.1539 -0.0866 -0.9843
vn 0.1507 -0.0939 -0.9841
vn 0.1448 -0.1067 -0.9837
vn 0.2611 0.9241 0.2791
vn 0.2733 0.9252 0.2632
vn 0.2808 0.9257 0.2533
vn 0.2745 0.5590 0.7824
vn 0.2001 0.6625 0.7218
vn 0.3154 0.4934 0.8106
vn 0.4202 0.8953 -0.1482
vn 0.4084 0.8995 -0.1551
vn 0.3197 0.9253 -0.2040
vn 0.3924 0.5456 -0.7405
vn 0.3214 0.6369 -0.7008
vn 0.2885 0.6741 -0.6800
vn 0.0144 0.0259 -0.9996
vn 0.0179 0.0107 -0.9998
vn 0.0121 0.0363 -0.9993
vn 0.3730 -0.0476 0.9266
vn 0.3580 0.0345 0.9331
vn 0.3497 0.0749 0.9338
vn 0.7100 0.1935 -0.6771
vn 0.7008 0.2611 -0.6639
vn 0.7136 0.1556 -0.6830
vn -0.7688 -0.3673 -0.5235
vn -0.7627 -0.3735 -0.5281
vn -0.7651 -0.3613 -0.5331
vn -0.8679 -0.3661 0.3359
vn -0.8981 -0.2350 0.3718
vn -0.9050 -0.1844 0.3835
vn 0.7887 0.2602 0.5570
vn 0.7764 0.3023 0.5531
vn 0.7714 0.3178 0.5513
vn 0.1124 0.0725 -0.9910
vn 0.2011 0.1911 -0.9607
vn 0.2563 0.2658 -0.9293
vn 0.1063 0.1670 0.9802
vn 0.0780 0.1253 0.9890
vn 0.1381 0.2138 0.9671
vn 0.5943 0.2960 -0.7478
vn 0.5522 0.2368 -0.7994
vn 0.5252 0.2009 -0.8269
vn -0.8105 -0.2303 -0.5386
vn -0.8088 -0.2314 -0.5406
vn -0.8138 -0.2281 -0.5345
vn -0.9104 -0.2736 0.3104
vn -0.9102 -0.2708 0.3135
vn -0.9107 -0.2799 0.3037
vn 0.7396 0.3700 0.5622
vn 0.7446 0.3877 0.5433
vn 0.7328 0.3479 0.5848
vn -0.8741 -0.0290 0.4848
vn -0.8761 -0.0316 0.4811
vn -0.8724 -0.0268 0.4881
vn 0.8358 -0.0253 -0.5485
vn 0.8299 -0.0162 -0.5577
vn 0.8613 -0.0687 -0.5034
vn 0.2926 -0.0880 -0.9522
vn 0.3247 -0.0634 -0.9437
vn 0.3521 -0.0419 -0.9350
vn 0.8939 -0.0458 0.4459
vn 0.8687 -0.0841 0.4882
vn 0.9250 0.0115 0.3799
vn 0.0853 -0.1103 0.9902
vn 0.0710 -0.1119 0.9912
vn 0.0790 -0.1066 0.9912
vn -0.9419 -0.1011 -0.3204
vn -0.9410 -0.0965 -0.3245
vn -0.9358 -0.0726 -0.3449
vn 0.8300 -0.0308 -0.5569
vn 0.8615 0.0032 -0.5077
vn 0.8871 0.0346 -0.4602
vn 0.3143 0.0280 -0.9489
vn 0.2833 0.0131 -0.9589
vn 0.2740 0.0087 -0.9617
vn 0.8453 -0.0364 0.5330
vn 0.8743 -0.0009 0.4855
vn 0.8229 -0.0612 0.5649
vn 0.0761 -0.0972 0.9923
vn 0.0858 -0.0898 0.9923
vn 0.0642 -0.1063 0.9923
vn -0.9254 -0.0609 -0.3741
vn -0.9161 -0.0431 -0.3987
vn -0.9015 -0.0180 -0.4323
vn 0.8758 0.1113 -0.4697
vn 0.8769 0.1137 -0.4670
vn 0.8622 0.0855 -0.4993
vn 0.1375 0.2101 -0.9680
vn 0.0964 0.1897 -0.9771
vn 0.0482 0.1654 -0.9850
vn 0.8242 -0.0645 0.5627
vn 0.7954 -0.0344 0.6051
vn 0.7651 -0.0055 0.6439
vn 0.0407 -0.1692 0.9847
vn 0.0513 -0.1754 0.9832
vn 0.0620 -0.1818 0.9814
vn -0.9477 0.1721 -0.2688
vn -0.9461 0.1605 -0.2812
vn -0.9172 0.0472 -0.3956
vn -0.7336 -0.1112 0.6704
vn -0.7264 -0.1011 0.6798
vn -0.7495 -0.1342 0.6482
vn 0.8745 -0.1797 -0.4506
vn 0.8708 -0.1925 -0.4524
vn 0.8769 -0.1709 -0.4493
vn -0.7889 -0.0567 0.6119
vn -0.7678 -0.2080 0.6060
vn -0.7582 -0.2514 0.6016
vn -0.9154 0.0330 -0.4012
vn -0.9051 0.1054 -0.4118
vn -0.9167 0.0198 -0.3991
vn 0.0528 -0.1062 0.9929
vn 0.0697 -0.1344 0.9885
vn 0.0415 -0.0874 0.9953
vn 0.8730 -0.0355 0.4865
vn 0.8744 -0.0439 0.4833
vn 0.8700 -0.0188 0.4928
vn 0.2063 -0.0257 -0.9782
vn 0.2198 0.0111 -0.9755
vn 0.1956 -0.0540 -0.9792
vn 0.8893 0.0188 -0.4570
vn 0.8895 0.0200 -0.4566
vn 0.8893 0.0210 -0.4569
vn -0.8836 -0.1179 0.4532
vn -0.8772 -0.1055 0.4683
vn -0.8922 -0.1359 0.4308
vn -0.2766 -0.2687 -0.9227
vn -0.2690 -0.1952 -0.9432
vn -0.2798 -0.3041 -0.9106
vn 0.9956 -0.0002 -0.0940
vn 0.9459 -0.2461 -0.2115
vn 0.9960 0.0639 -0.0622
vn 0.0820 0.4254 -0.9013
vn -0.0923 0.3887 -0.9167
vn -0.1286 0.3794 -0.9163
vn 0.7629 0.3031 -0.5711
vn 0.7412 0.3016 -0.5997
vn 0.7362 0.3012 -0.6060
vn -0.9159 0.2603 -0.3057
vn -0.8792 0.2492 -0.4062
vn -0.9248 0.2631 -0.2747
vn 0.4968 0.8639 0.0828
vn 0.4758 0.8698 0.1308
vn 0.5242 0.8515 0.0147
vn -0.0320 -0.9994 -0.0115
vn -0.0273 -0.9995 -0.0127
vn -0.0265 -0.9996 -0.0132
vn 0.7922 -0.4723 0.3864
vn 0.8136 -0.4394 0.3808
vn 0.8223 -0.4252 0.3782
vn -0.3018 0.0145 0.9533
vn -0.3433 -0.0483 0.9380
vn -0.3805 -0.1073 0.9185
vn 0.4730 -0.3561 0.8059
vn 0.4696 -0.3614 0.8055
vn 0.4681 -0.3636 0.8054
vn 0.0218 -0.9996 -0.0190
vn 0.0363 -0.9992 -0.0192
vn 0.0284 -0.9993 -0.0231
vn -0.1748 0.9573 0.2304
vn -0.1207 0.9564 0.2660
vn -0.0605 0.9507 0.3040
vn 0.3070 0.9208 0.2406
vn 0.3050 0.9207 0.2436
vn 0.3135 0.9210 0.2313
vn -0.0049 -0.9999 -0.0138
vn -0.0068 -0.9999 -0.0135
vn -0.0074 -0.9999 -0.0130
vn -0.9821 0.1196 0.1454
vn -0.9684 0.1770 0.1759
vn -0.9575 0.2127 0.1947
vn -0.0308 -0.9795 -0.1991
vn -0.0315 -0.9798 -0.1975
vn -0.0284 -0.9785 -0.2045
vn 0.0123 -0.9971 0.0755
vn 0.0120 -0.9971 0.0752
vn 0.0100 -0.9973 0.0730
vn -0.9847 0.1666 0.0508
vn -0.9884 0.1391 0.0604
vn -0.9794 0.1980 0.0396
vn -0.0292 -0.9927 -0.1169
vn -0.0312 -0.9929 -0.1146
vn -0.0343 -0.9932 -0.1110
vn 0.2449 0.8234 0.5120
vn 0.3352 0.7884 0.5158
vn 0.3724 0.7715 0.5159
vn -0.6168 0.6865 0.3851
vn -0.4754 0.7270 0.4954
vn -0.4149 0.7363 0.5345
vn 0.0818 -0.9928 -0.0875
vn 0.0569 -0.9930 -0.1033
vn 0.1041 -0.9919 -0.0733
vn -0.1464 -0.9878 -0.0526
vn -0.1263 -0.9891 -0.0761
vn -0.1126 -0.9894 -0.0920
vn 0.8774 0.4697 0.0982
vn 0.8457 0.5042 0.1747
vn 0.8852 0.4589 0.0758
vn 0.9590 0.2376 -0.1548
vn 0.9589 0.2497 -0.1347
vn 0.9584 0.2245 -0.1760
vn 0.9613 0.2123 -0.1758
vn 0.9738 0.1817 -0.1366
vn 0.9533 0.2288 -0.1971
vn 0.9625 0.2384 0.1292
vn 0.9527 0.2651 0.1484
vn 0.9409 0.2936 0.1689
vn 0.0561 -0.9937 0.0967
vn 0.0561 -0.9937 0.0969
vn 0.0562 -0.9938 0.0955
vn -0.0087 -0.9947 0.1020
vn -0.0088 -0.9948 0.1019
vn -0.0092 -0.9948 0.1010
vn -0.8507 0.3046 0.4283
vn -0.8239 0.2917 0.4859
vn -0.7590 0.2617 0.5961
vn 0.1584 0.4713 0.8676
vn 0.1867 0.4553 0.8706
vn 0.2241 0.4331 0.8731
vn 0.0174 -0.9946 0.1021
vn 0.0187 -0.9945 0.1027
vn 0.0136 -0.9949 0.1001
vn -0.9787 0.1924 0.0710
vn -0.9791 0.1875 0.0784
vn -0.9793 0.1857 0.0812
vn -0.9063 -0.2788 -0.3176
vn -0.8840 -0.3057 -0.3538
vn -0.9201 -0.2602 -0.2926
vn -0.9694 0.0914 -0.2278
vn -0.9610 0.0555 -0.2709
vn -0.9767 0.1829 -0.1125
vn 0.3029 -0.0157 -0.9529
vn 0.2799 -0.0378 -0.9593
vn 0.2040 -0.1082 -0.9730
vn -0.9091 -0.4059 -0.0938
vn -0.9063 -0.4105 -0.1001
vn -0.9252 -0.3758 -0.0533
vn -0.9736 -0.0526 -0.2222
vn -0.9726 -0.0575 -0.2254
vn -0.9722 -0.0595 -0.2266
vn 0.9619 -0.1388 0.2355
vn 0.9622 -0.1419 0.2322
vn 0.9504 -0.0746 0.3020
vn 0.9349 -0.1098 0.3374
vn 0.9352 -0.1108 0.3364
vn 0.9480 -0.2042 0.2441
vn -0.9444 -0.1669 -0.2833
vn -0.9120 -0.2334 -0.3373
vn -0.8719 -0.2980 -0.3886
vn 0.2368 -0.1831 -0.9542
vn 0.2708 -0.1685 -0.9478
vn 0.2850 -0.1623 -0.9447
vn -0.9917 -0.1037 -0.0754
vn -0.9901 -0.1109 -0.0860
vn -0.9924 -0.1006 -0.0709
vn 0.9961 -0.0493 0.0737
vn 0.9961 -0.0503 0.0721
vn 0.9962 -0.0509 0.0710
vn -0.0808 -0.9805 0.1792
vn -0.1430 -0.9823 0.1210
vn 0.0160 -0.9637 0.2664
vn -0.2612 0.5135 0.8173
vn -0.2260 0.5031 0.8341
vn -0.2024 0.4958 0.8446
vn 0.9265 -0.1143 0.3586
vn 0.9192 -0.1101 0.3780
vn 0.9797 -0.1598 0.1207
vn 0.2073 -0.9782 0.0138
vn 0.2054 -0.9785 0.0154
vn 0.2377 -0.9713 -0.0118
vn -0.2677 0.0056 0.9635
vn -0.2589 0.0029 0.9659
vn -0.2562 0.0021 0.9666
vn -0.2970 0.7074 0.6414
vn -0.1182 -0.0217 0.9927
vn -0.1409 -0.0096 0.9900
vn -0.1992 0.0220 0.9797
vn 0.4382 0.2090 -0.8742
vn 0.3693 0.1481 -0.9174
vn 0.3205 0.1061 -0.9413
vn 0.3062 0.4880 -0.8173
vn -0.9862 -0.1622 0.0326
vn -0.9763 -0.2098 -0.0526
vn -0.9876 -0.1373 0.0759
vn -0.8930 0.3507 0.2822
vn -0.9114 0.3883 0.1361
vn -0.9097 0.4153 -0.0037
vn -0.8737 -0.2035 -0.4418
vn -0.8885 -0.2470 -0.3867
vn -0.9024 -0.3119 -0.2973
vn -0.5587 0.2498 -0.7908
vn -0.6629 0.3015 -0.6853
vn -0.3829 0.1636 -0.9092
vn 0.9904 0.0428 0.1317
vn 0.9892 0.0471 0.1388
vn 0.9882 0.0507 0.1447
vn 0.9336 0.2759 0.2286
vn 0.9667 0.2216 0.1283
vn 0.9793 0.1897 0.0711
vn 0.9339 0.0007 0.3577
vn 0.9231 0.0182 0.3842
vn 0.9101 0.0372 0.4127
vn 0.4474 0.7404 0.5016
vn 0.7325 0.5649 0.3799
vn 0.9271 0.3128 0.2065
vn 0.9948 -0.0165 -0.1010
vn 0.9948 -0.0383 -0.0939
vn 0.9944 -0.0609 -0.0866
vn 0.9765 0.0407 0.2117
vn 0.9781 0.0318 0.2059
vn 0.9742 0.0523 0.2194
vn -0.3116 -0.0707 0.9476
vn -0.2954 -0.0809 0.9519
vn -0.2681 -0.0980 0.9584
vn -0.9896 0.0333 -0.1397
vn -0.9901 0.0392 -0.1347
vn -0.9914 0.0617 -0.1152
vn -0.1418 -0.9747 0.1726
vn -0.1095 -0.9802 0.1648
vn -0.0847 -0.9837 0.1586
vn -0.2083 -0.2724 0.9394
vn -0.1589 -0.2514 0.9547
vn -0.2469 -0.2885 0.9251
vn 0.9515 -0.1104 0.2872
vn 0.9527 -0.1199 0.2793
vn 0.9451 -0.0721 0.3188
vn 0.9564 0.0097 0.2919
vn 0.9593 0.0046 0.2824
vn 0.9583 -0.0003 0.2858
vn 0.9987 -0.0489 -0.0161
vn 0.9988 -0.0468 -0.0172
vn 0.9990 -0.0406 -0.0203
vn 0.9937 0.1094 -0.0250
vn 0.9861 0.1518 -0.0671
vn 0.9981 0.0535 0.0301
vn 0.9119 0.2966 -0.2836
vn 0.7413 0.4407 -0.5062
vn 0.9713 0.1954 -0.1355
vn -0.9971 -0.0676 -0.0336
vn -0.9965 -0.0801 -0.0251
vn -0.9976 -0.0208 -0.0655
vn 0.2119 -0.0477 -0.9761
vn 0.2150 -0.0480 -0.9754
vn 0.2118 -0.0453 -0.9763
vn -0.9705 -0.0200 -0.2401
vn -0.9727 -0.0089 -0.2317
vn -0.9709 -0.0243 -0.2381
vn -0.9871 -0.1317 -0.0912
vn -0.9859 -0.1375 -0.0957
vn -0.9836 -0.1475 -0.1034
vn -0.9704 -0.0501 -0.2361
vn -0.9654 -0.1310 -0.2253
vn -0.9694 0.0237 -0.2445
vn 0.9615 -0.0666 0.2666
vn 0.9609 -0.0651 0.2692
vn 0.9611 -0.0640 0.2687
vn -0.2357 -0.2368 -0.9425
vn -0.2211 -0.2589 -0.9403
vn -0.1059 -0.4198 -0.9014
vn -0.9293 -0.1971 -0.3122
vn -0.9291 -0.1977 -0.3125
vn -0.9293 -0.1968 -0.3124
vn 0.9938 0.0224 -0.1085
vn 0.9929 0.0128 -0.1186
vn 0.9931 0.0101 -0.1168
vn -0.0332 -0.8182 -0.5740
vn -0.0851 -0.7890 -0.6085
vn 0.0054 -0.8373 -0.5468
vn -0.2382 -0.6748 -0.6985
vn -0.3268 -0.6042 -0.7268
vn -0.1085 -0.7582 -0.6429
vn 0.2405 0.3257 -0.9144
vn 0.2452 0.3203 -0.9150
vn 0.2691 0.2926 -0.9176
vn 0.8958 0.3800 0.2303
vn 0.8961 0.3734 0.2399
vn 0.8836 0.4536 0.1165
vn 0.4661 0.8828 0.0591
vn 0.4581 0.8864 0.0657
vn 0.4823 0.8748 0.0455
vn 0.3690 0.8762 -0.3099
vn 0.3291 0.8737 -0.3584
vn 0.4360 0.8723 -0.2213
vn 0.4420 0.2396 0.8644
vn 0.4460 0.2367 0.8632
vn 0.4528 0.2316 0.8610
vn 0.9760 -0.1271 0.1767
vn 0.9363 -0.3303 0.1191
vn 0.9793 -0.0493 0.1962
vn 0.7855 -0.4375 -0.4376
vn 0.7857 -0.4367 -0.4381
vn 0.7859 -0.4356 -0.4389
vn 0.9738 0.1661 -0.1553
vn 0.9744 0.1643 -0.1533
vn 0.9912 0.1021 -0.0839
vn 0.2625 -0.4591 -0.8487
vn 0.2678 -0.4557 -0.8489
vn 0.2870 -0.4431 -0.8493
vn 0.9256 -0.2453 -0.2881
vn 0.9258 -0.2448 -0.2880
vn 0.9277 -0.2385 -0.2872
vn 0.5832 0.1213 0.8032
vn 0.5525 0.1479 0.8203
vn 0.4854 0.0513 0.8728
vn 0.4258 -0.8977 0.1137
vn 0.4256 -0.8977 0.1139
vn 0.4288 -0.8968 0.1093
vn 0.9110 -0.1770 -0.3725
vn 0.9669 -0.0900 0.2386
vn 0.9665 -0.0912 0.2400
vn 0.9664 -0.0899 0.2409
vn 0.4698 -0.1665 0.8670
vn 0.4770 -0.1779 0.8607
vn 0.4685 -0.1644 0.8680
vn 0.8738 -0.4572 0.1657
vn 0.8780 -0.4441 0.1784
vn 0.8639 -0.4842 0.1387
vn 0.4829 -0.1535 0.8621
vn 0.4497 -0.3203 0.8338
vn 0.4452 -0.3380 0.8292
vn 0.2344 -0.8156 0.5290
vn 0.3804 -0.2052 0.9018
vn 0.4774 -0.0973 0.8733
vn 0.4916 -0.0803 0.8671
vn 0.2369 0.4643 0.8534
vn 0.3050 0.4669 0.8300
vn 0.2260 0.4637 0.8567
vn 0.4753 0.7659 0.4331
vn 0.3065 0.8921 0.3320
vn 0.2801 0.9066 0.3155
vn -0.1964 0.7793 0.5950
vn -0.2816 0.9208 0.2699
vn -0.2911 0.9315 0.2181
vn 0.4059 0.9139 0.0025
vn 0.6399 0.7665 -0.0547
vn 0.6659 0.7435 -0.0616
vn 0.1882 0.9602 -0.2064
vn 0.2170 0.9295 -0.2981
vn 0.1834 0.9642 -0.1916
vn 0.9247 -0.2889 -0.2479
vn 0.9236 -0.3448 -0.1673
vn 0.9028 -0.1770 -0.3920
vn 0.9516 -0.3014 -0.0610
vn 0.1342 0.1600 -0.9780
vn 0.0817 0.1419 -0.9865
vn 0.0558 0.1328 -0.9896
vn 0.8201 -0.4858 -0.3026
vn 0.6131 0.0752 -0.7864
vn 0.5443 0.0609 -0.8367
vn 0.5229 0.0565 -0.8505
vn 0.2153 0.6662 -0.7141
vn 0.2175 0.6660 -0.7135
vn 0.2526 0.6638 -0.7039
vn 0.5160 -0.2392 0.8225
vn 0.4649 -0.2581 0.8469
vn 0.6001 -0.2045 0.7733
vn 0.4351 -0.5661 -0.7001
vn 0.4339 -0.5545 -0.7101
vn 0.4354 -0.5698 -0.6970
vn 0.9215 0.1765 0.3460
vn -0.9810 -0.1730 0.0874
vn -0.9802 -0.1696 0.1018
vn -0.9810 -0.1939 -0.0032
vn 0.2926 0.2677 0.9180
vn 0.2883 0.2716 0.9182
vn 0.2727 0.2855 0.9188
vn 0.5252 -0.7694 0.3636
vn 0.3148 -0.2301 0.9208
vn 0.8346 -0.3066 -0.4576
vn 0.8361 -0.3046 -0.4562
vn 0.8506 -0.2849 -0.4419
vn 0.0925 -0.3465 -0.9335
vn 0.0985 -0.3500 -0.9315
vn 0.0853 -0.3421 -0.9358
vn 0.7738 -0.2792 0.5685
vn 0.7951 -0.3264 0.5112
vn 0.8104 -0.3679 0.4561
vn 0.1029 -0.1382 0.9850
vn 0.1076 -0.1354 0.9849
vn 0.0962 -0.1422 0.9852
vn -0.9655 -0.2257 -0.1298
vn -0.9655 -0.2256 -0.1297
vn -0.9654 -0.2261 -0.1301
vn -0.7493 -0.1513 0.6448
vn -0.7659 -0.1767 0.6182
vn -0.7244 -0.1158 0.6796
vn -0.7146 -0.0457 0.6980
vn -0.7298 -0.0544 0.6815
vn -0.7089 -0.0425 0.7040
vn -0.9864 -0.0688 -0.1495
vn -0.9855 -0.0717 -0.1539
vn -0.9870 -0.0666 -0.1461
vn 0.0763 -0.1000 0.9921
vn 0.0913 -0.1068 0.9901
vn 0.0982 -0.1099 0.9891
vn 0.7370 -0.1505 0.6590
vn 0.7690 -0.1735 0.6152
vn 0.7792 -0.1811 0.6000
vn 0.0619 -0.1714 -0.9833
vn 0.0782 -0.1649 -0.9832
vn 0.0870 -0.1614 -0.9831
vn 0.8449 -0.1633 -0.5094
vn 0.8481 -0.1681 -0.5024
vn 0.8419 -0.1590 -0.5157
vn 0.3849 0.6744 -0.6301
vn 0.3888 0.6832 -0.6181
vn 0.3803 0.6642 -0.6436
vn 0.7800 0.5999 -0.1782
vn 0.7928 0.5671 -0.2232
vn 0.7569 0.6438 -0.1121
vn 0.2305 0.1207 0.9656
vn 0.2153 0.7488 0.6268
vn 0.1909 0.8616 0.4702
vn 0.7913 0.4325 0.4322
vn 0.7669 0.4563 0.4513
vn 0.8241 0.3972 0.4038
vn -0.2777 0.1945 -0.9408
vn -0.2918 0.2509 -0.9230
vn -0.2477 0.1131 -0.9622
vn -0.7697 0.4132 0.4867
vn -0.7977 0.3292 0.5053
vn -0.7341 0.4964 0.4633
vn -0.8534 -0.0660 -0.5171
vn -0.8591 -0.1360 -0.4933
vn -0.8499 -0.0388 -0.5255
vn -0.3295 0.1571 -0.9310
vn -0.3490 0.2121 -0.9128
vn -0.3579 0.2381 -0.9029
vn -0.3874 0.2193 0.8954
vn -0.9311 0.0027 -0.3647
vn -0.9294 -0.0020 -0.3690
vn -0.9311 0.0028 -0.3648
vn 0.5547 -0.7263 -0.4061
vn 0.7154 -0.5602 -0.4175
vn 0.7253 -0.5474 -0.4174
vn -0.6347 0.6340 -0.4418
vn -0.6767 0.5542 -0.4847
vn -0.6904 0.5237 -0.4991
vn -0.7395 0.1924 -0.6450
vn -0.7397 0.3799 -0.5554
vn -0.7318 0.4444 -0.5167
vn -0.3618 -0.0305 0.9318
vn -0.3633 -0.0412 0.9308
vn -0.3637 -0.0423 0.9305
vn -0.9375 0.1186 0.3271
vn -0.9372 0.1211 0.3272
vn -0.9369 0.1213 0.3279
vn -0.3273 0.4867 -0.8100
vn -0.3055 0.4087 -0.8600
vn -0.2971 0.3800 -0.8760
vn -0.9126 -0.1823 -0.3659
vn -0.9134 -0.1867 -0.3616
vn -0.9213 -0.2488 -0.2988
vn -0.3755 -0.1937 0.9064
vn -0.4074 -0.2394 0.8813
vn -0.4400 -0.3023 0.8456
vn -0.8748 -0.3188 0.3649
vn -0.9027 -0.1465 0.4047
vn -0.9058 -0.0632 0.4190
vn -0.3223 -0.2823 -0.9036
vn -0.2834 -0.3229 -0.9030
vn -0.3203 -0.2844 -0.9036
vn -0.2859 0.2274 0.9309
vn -0.3802 0.1994 0.9031
vn -0.3856 0.1977 0.9012
vn -0.9318 0.1498 0.3306
vn -0.9225 0.1785 0.3423
vn -0.9162 0.1963 0.3494
vn -0.1943 -0.0354 -0.9803
vn -0.1896 -0.0425 -0.9809
vn -0.1731 -0.0673 -0.9826
vn -0.2383 0.1432 -0.9606
vn -0.2265 0.1213 -0.9664
vn -0.1935 0.0610 -0.9792
vn -0.9061 0.2724 0.3238
vn -0.9054 0.2736 0.3247
vn -0.9008 0.2813 0.3308
vn -0.2531 -0.0237 0.9671
vn -0.2366 -0.0523 0.9702
vn -0.3544 0.1640 0.9206
vn -0.8373 0.2778 -0.4709
vn -0.8385 0.2756 -0.4700
vn -0.8344 0.2830 -0.4730
vn -0.3859 -0.0490 -0.9212
vn -0.3759 -0.0878 -0.9225
vn -0.3739 -0.0955 -0.9226
vn -0.9236 0.0556 0.3793
vn -0.9247 0.0176 0.3803
vn -0.9247 0.0084 0.3805
vn -0.4233 0.0637 0.9038
vn -0.4174 0.0201 0.9085
vn -0.4247 0.0755 0.9022
vn -0.8703 -0.0398 -0.4910
vn -0.8499 -0.1375 -0.5087
vn -0.8398 -0.1747 -0.5141
vn -0.2025 0.0313 0.9788
vn -0.2297 -0.0821 0.9698
vn -0.1997 0.0425 0.9789
vn -0.9458 -0.2891 -0.1479
vn -0.9953 -0.0958 0.0167
vn -0.9288 -0.3245 -0.1788
vn 0.6951 -0.3085 0.6493
vn 0.6983 -0.2683 0.6637
vn 0.6914 -0.3428 0.6360
vn 0.9236 -0.3688 -0.1044
vn 0.9372 -0.3211 -0.1360
vn 0.9448 -0.2871 -0.1578
vn -0.7163 0.0620 -0.6951
vn -0.7143 0.0444 -0.6984
vn -0.7128 0.0324 -0.7006
vn -0.2676 -0.0210 0.9633
vn -0.2535 -0.0025 0.9673
vn -0.2458 0.0074 0.9693
vn 0.8799 -0.0111 0.4750
vn 0.8834 -0.0576 0.4651
vn 0.8765 0.0199 0.4811
vn 0.5446 -0.7280 0.4165
vn 0.7953 -0.5053 0.3349
vn 0.8359 -0.4510 0.3127
vn -0.0685 -0.0381 0.9969
vn -0.0990 -0.0770 0.9921
vn -0.1067 -0.0868 0.9905
vn -0.9385 0.0450 0.3424
vn -0.9404 0.0727 0.3323
vn -0.9381 0.0856 0.3356
vn -0.2585 -0.2062 -0.9438
vn -0.2643 -0.2037 -0.9427
vn -0.2730 -0.2136 -0.9380
vn 0.9812 -0.0920 -0.1696
vn 0.9813 -0.0970 -0.1664
vn 0.9814 -0.0909 -0.1690
vn -0.1282 -0.0047 0.9917
vn -0.1284 0.0014 0.9917
vn -0.1270 -0.0062 0.9919
vn -0.9374 -0.1937 0.2895
vn -0.9415 -0.1510 0.3012
vn -0.9437 -0.1121 0.3113
vn -0.1295 -0.1943 -0.9724
vn -0.1345 -0.2026 -0.9700
vn -0.1267 -0.1906 -0.9735
vn -0.4122 -0.3851 -0.8257
vn -0.3751 -0.2237 -0.8996
vn -0.3555 -0.1528 -0.9221
vn -0.2762 0.1292 0.9524
vn -0.7163 -0.2249 0.6606
vn -0.7629 -0.2763 0.5845
vn -0.7852 0.2784 -0.5531
vn -0.7822 0.2973 -0.5474
vn -0.7786 0.3179 -0.5410
vn -0.9050 -0.4129 -0.1022
vn 0.0126 -0.8186 -0.5742
vn 0.0764 -0.8101 -0.5813
vn -0.7732 -0.5787 0.2593
vn -0.9352 -0.3412 0.0943
vn -0.7466 -0.6043 0.2783
vn -0.7649 0.3137 0.5626
vn -0.7583 0.3426 0.5546
vn -0.7687 0.2953 0.5673
vn -0.2085 -0.2434 -0.9473
vn -0.2065 -0.2536 -0.9450
vn -0.2223 -0.1675 -0.9605
vn -0.4692 -0.0826 0.8792
vn -0.4631 -0.1090 0.8796
vn -0.4455 -0.1774 0.8775
vn -0.7436 0.2350 -0.6260
vn -0.7491 0.2565 -0.6108
vn -0.7367 0.2107 -0.6426
vn 0.6660 -0.5606 -0.4922
vn 0.6252 -0.6329 -0.4566
vn 0.5585 -0.7269 -0.3997
vn 0.6633 -0.6262 0.4097
vn 0.6930 -0.5646 0.4483
vn 0.6266 -0.6885 0.3652
vn -0.8829 0.1666 0.4391
vn -0.8852 0.1847 0.4271
vn -0.8892 0.2327 0.3938
vn -0.8155 0.3173 0.4840
vn -0.8155 0.3155 0.4852
vn -0.8122 0.2400 0.5318
vn 0.7691 -0.5626 0.3032
vn 0.7671 -0.5689 0.2965
vn 0.7614 -0.5855 0.2784
vn 0.7892 -0.5154 -0.3340
vn 0.7867 -0.5270 -0.3214
vn 0.7929 -0.4956 -0.3546
vn -0.7790 0.2073 -0.5918
vn -0.7769 0.1976 -0.5978
vn -0.7875 0.2529 -0.5621
vn -0.2692 0.0097 0.9630
vn -0.2741 0.0261 0.9613
vn -0.2842 0.0602 0.9569
vn -0.1539 -0.0866 -0.9843
vn -0.1507 -0.0939 -0.9841
vn -0.1596 -0.0739 -0.9844
vn -0.2611 0.9241 0.2791
vn -0.2733 0.9252 0.2632
vn -0.2500 0.9228 0.2933
vn -0.2745 0.5590 0.7824
vn -0.2001 0.6625 0.7218
vn -0.1810 0.6861 0.7046
vn -0.4084 0.8995 -0.1551
vn -0.4202 0.8953 -0.1482
vn -0.3197 0.9253 -0.2040
vn -0.3214 0.6369 -0.7008
vn -0.3924 0.5456 -0.7405
vn -0.2885 0.6741 -0.6800
vn -0.0144 0.0259 -0.9996
vn -0.0179 0.0107 -0.9998
vn -0.0207 -0.0016 -0.9998
vn -0.3580 0.0345 0.9331
vn -0.3730 -0.0476 0.9266
vn -0.3497 0.0749 0.9339
vn -0.7100 0.1935 -0.6771
vn -0.7008 0.2611 -0.6639
vn -0.6927 0.3055 -0.6533
vn 0.7688 -0.3673 -0.5235
vn 0.7627 -0.3735 -0.5281
vn 0.7623 -0.3757 -0.5270
vn 0.8981 -0.2350 0.3718
vn 0.8679 -0.3661 0.3359
vn 0.9050 -0.1844 0.3835
vn -0.7764 0.3023 0.5531
vn -0.7887 0.2602 0.5570
vn -0.7714 0.3178 0.5513
vn -0.1124 0.0725 -0.9910
vn -0.2011 0.1911 -0.9607
vn -0.0604 0.0038 -0.9982
vn -0.0780 0.1253 0.9890
vn -0.1063 0.1670 0.9802
vn -0.1381 0.2138 0.9671
vn -0.5943 0.2960 -0.7478
vn -0.5522 0.2368 -0.7994
vn -0.6140 0.3254 -0.7191
vn 0.8088 -0.2314 -0.5406
vn 0.8105 -0.2303 -0.5386
vn 0.8138 -0.2281 -0.5345
vn 0.9102 -0.2708 0.3135
vn 0.9104 -0.2736 0.3104
vn 0.9107 -0.2799 0.3037
vn -0.7446 0.3877 0.5433
vn -0.7396 0.3700 0.5622
vn -0.7328 0.3479 0.5848
vn 0.8761 -0.0316 0.4811
vn 0.8741 -0.0290 0.4848
vn 0.8724 -0.0268 0.4881
vn -0.8295 -0.0176 -0.5582
vn -0.8335 -0.0242 -0.5520
vn -0.8591 -0.0691 -0.5072
vn -0.2962 -0.0872 -0.9511
vn -0.3250 -0.0641 -0.9436
vn -0.2688 -0.1087 -0.9571
vn -0.8684 -0.0823 0.4890
vn -0.8903 -0.0476 0.4529
vn -0.9212 0.0112 0.3890
vn -0.0709 -0.1118 0.9912
vn -0.0848 -0.1103 0.9903
vn -0.0786 -0.1067 0.9912
vn 0.9413 -0.1004 -0.3222
vn 0.9407 -0.0972 -0.3249
vn 0.9449 -0.1229 -0.3035
vn -0.8300 -0.0308 -0.5569
vn -0.8615 0.0032 -0.5077
vn -0.7964 -0.0631 -0.6015
vn -0.3143 0.0280 -0.9489
vn -0.2833 0.0131 -0.9589
vn -0.3233 0.0323 -0.9457
vn -0.8743 -0.0009 0.4855
vn -0.8453 -0.0364 0.5330
vn -0.8229 -0.0612 0.5649
vn -0.0858 -0.0898 0.9923
vn -0.0761 -0.0972 0.9923
vn -0.0642 -0.1063 0.9923
vn 0.9254 -0.0609 -0.3741
vn 0.9161 -0.0431 -0.3987
vn 0.9345 -0.0805 -0.3468
vn -0.8758 0.1113 -0.4697
vn -0.8769 0.1137 -0.4670
vn -0.8908 0.1438 -0.4310
vn -0.1375 0.2101 -0.9680
vn -0.0964 0.1897 -0.9771
vn -0.1947 0.2380 -0.9515
vn -0.8242 -0.0645 0.5627
vn -0.7954 -0.0344 0.6051
vn -0.8472 -0.0909 0.5234
vn -0.0407 -0.1692 0.9847
vn -0.0513 -0.1754 0.9832
vn -0.0305 -0.1631 0.9861
vn 0.9461 0.1605 -0.2812
vn 0.9477 0.1721 -0.2688
vn 0.9172 0.0472 -0.3956
vn 0.7264 -0.1011 0.6798
vn 0.7336 -0.1112 0.6704
vn 0.7495 -0.1342 0.6482
vn -0.8744 -0.1797 -0.4506
vn -0.8708 -0.1925 -0.4524
vn -0.8683 -0.2009 -0.4536
vn 0.7678 -0.2080 0.6060
vn 0.7889 -0.0567 0.6119
vn 0.7582 -0.2514 0.6016
vn 0.9154 0.0330 -0.4012
vn 0.9051 0.1054 -0.4118
vn 0.9018 0.1234 -0.4141
vn -0.0528 -0.1062 0.9929
vn -0.0697 -0.1344 0.9885
vn -0.0854 -0.1604 0.9834
vn -0.8730 -0.0355 0.4865
vn -0.8744 -0.0439 0.4833
vn -0.8771 -0.0616 0.4764
vn -0.2063 -0.0257 -0.9782
vn -0.2198 0.0111 -0.9755
vn -0.2265 0.0296 -0.9736
vn -0.8895 0.0200 -0.4566
vn -0.8893 0.0188 -0.4570
vn -0.8893 0.0210 -0.4569
vn 0.8770 -0.1062 0.4686
vn 0.8824 -0.1173 0.4556
vn 0.8909 -0.1361 0.4333
vn 0.2761 -0.2677 -0.9231
vn 0.2679 -0.1959 -0.9433
vn 0.2633 -0.1599 -0.9514
vn -0.9456 -0.2453 -0.2137
vn -0.9955 0.0235 -0.0916
vn -0.9944 0.0862 -0.0618
vn -0.0820 0.4254 -0.9013
vn 0.0923 0.3887 -0.9167
vn -0.1270 0.4327 -0.8925
vn -0.7629 0.3031 -0.5711
vn -0.7412 0.3016 -0.5997
vn -0.7682 0.3034 -0.5637
vn 0.8792 0.2492 -0.4062
vn 0.9159 0.2603 -0.3057
vn 0.9248 0.2631 -0.2747
vn -0.4793 0.8673 0.1347
vn -0.5114 0.8563 0.0732
vn -0.5419 0.8404 0.0091
vn 0.0326 -0.9994 -0.0114
vn 0.0273 -0.9995 -0.0127
vn 0.0291 -0.9995 -0.0109
vn -0.8136 -0.4394 0.3808
vn -0.7922 -0.4723 0.3864
vn -0.8223 -0.4252 0.3782
vn 0.3433 -0.0483 0.9380
vn 0.3018 0.0145 0.9533
vn 0.3805 -0.1073 0.9185
vn -0.4696 -0.3614 0.8055
vn -0.4730 -0.3561 0.8059
vn -0.4681 -0.3636 0.8054
vn -0.0362 -0.9992 -0.0191
vn -0.0205 -0.9996 -0.0189
vn -0.0276 -0.9994 -0.0231
vn 0.1882 0.9550 0.2291
vn 0.1217 0.9554 0.2691
vn 0.2456 0.9500 0.1929
vn -0.3052 0.9205 0.2440
vn -0.3083 0.9205 0.2399
vn -0.3151 0.9205 0.2309
vn 0.0050 -0.9999 -0.0138
vn 0.0068 -0.9999 -0.0135
vn 0.0058 -0.9999 -0.0143
vn 0.9830 0.1131 0.1446
vn 0.9683 0.1767 0.1767
vn 0.9871 0.0898 0.1327
vn 0.0308 -0.9795 -0.1991
vn 0.0315 -0.9798 -0.1975
vn 0.0326 -0.9802 -0.1951
vn -0.0123 -0.9971 0.0755
vn -0.0120 -0.9971 0.0752
vn -0.0132 -0.9970 0.0764
vn 0.9884 0.1391 0.0604
vn 0.9847 0.1666 0.0508
vn 0.9794 0.1980 0.0396
vn 0.0292 -0.9927 -0.1169
vn 0.0312 -0.9929 -0.1146
vn 0.0252 -0.9923 -0.1214
vn -0.2449 0.8234 0.5120
vn -0.3352 0.7884 0.5158
vn -0.1979 0.8382 0.5082
vn 0.6168 0.6865 0.3851
vn 0.4754 0.7270 0.4954
vn 0.6721 0.6614 0.3328
vn -0.0569 -0.9930 -0.1033
vn -0.0818 -0.9928 -0.0875
vn -0.1041 -0.9919 -0.0733
vn 0.1464 -0.9878 -0.0526
vn 0.1263 -0.9891 -0.0761
vn 0.1568 -0.9868 -0.0403
vn -0.8457 0.5042 0.1747
vn -0.8774 0.4697 0.0982
vn -0.8852 0.4589 0.0758
vn -0.9589 0.2497 -0.1347
vn -0.9590 0.2376 -0.1548
vn -0.9584 0.2245 -0.1760
vn -0.9613 0.2123 -0.1758
vn -0.9738 0.1817 -0.1366
vn -0.9775 0.1712 -0.1233
vn -0.9625 0.2384 0.1292
vn -0.9527 0.2651 0.1484
vn -0.9724 0.2074 0.1071
vn -0.0561 -0.9937 0.0967
vn -0.0561 -0.9937 0.0969
vn -0.0561 -0.9936 0.0980
vn 0.0088 -0.9948 0.1019
vn 0.0087 -0.9947 0.1020
vn 0.0092 -0.9948 0.1010
vn 0.8507 0.3046 0.4283
vn 0.8239 0.2917 0.4859
vn 0.8935 0.3266 0.3083
vn -0.1584 0.4713 0.8676
vn -0.1867 0.4553 0.8706
vn -0.1154 0.4946 0.8614
vn -0.0187 -0.9945 0.1027
vn -0.0174 -0.9946 0.1021
vn -0.0136 -0.9949 0.1001
vn 0.9791 0.1875 0.0784
vn 0.9787 0.1924 0.0710
vn 0.9793 0.1857 0.0812
vn 0.8840 -0.3057 -0.3538
vn 0.9063 -0.2788 -0.3176
vn 0.9201 -0.2602 -0.2926
vn 0.9610 0.0555 -0.2710
vn 0.9694 0.0914 -0.2278
vn 0.9767 0.1829 -0.1125
vn -0.3029 -0.0157 -0.9529
vn -0.2799 -0.0378 -0.9593
vn -0.3543 0.0347 -0.9345
vn 0.9063 -0.4105 -0.1001
vn 0.9091 -0.4059 -0.0938
vn 0.9252 -0.3758 -0.0533
vn 0.9726 -0.0575 -0.2254
vn 0.9736 -0.0526 -0.2222
vn 0.9722 -0.0594 -0.2266
vn -0.9619 -0.1388 0.2355
vn -0.9622 -0.1419 0.2322
vn -0.9651 -0.1962 0.1733
vn -0.9349 -0.1098 0.3374
vn -0.9352 -0.1108 0.3364
vn -0.9067 -0.0171 0.4215
vn 0.9120 -0.2334 -0.3373
vn 0.9444 -0.1669 -0.2833
vn 0.8719 -0.2980 -0.3886
vn -0.2368 -0.1831 -0.9542
vn -0.2708 -0.1685 -0.9478
vn -0.2278 -0.1868 -0.9556
vn 0.9901 -0.1109 -0.0860
vn 0.9917 -0.1037 -0.0754
vn 0.9924 -0.1006 -0.0709
vn -0.9961 -0.0493 0.0737
vn -0.9961 -0.0503 0.0721
vn -0.9960 -0.0490 0.0744
vn 0.0808 -0.9805 0.1792
vn 0.1430 -0.9823 0.1210
vn 0.2338 -0.9717 0.0324
vn 0.2612 0.5135 0.8173
vn 0.2260 0.5031 0.8341
vn 0.2756 0.5176 0.8100
vn -0.9192 -0.1101 0.3780
vn -0.9265 -0.1143 0.3586
vn -0.9797 -0.1598 0.1207
vn -0.2073 -0.9782 0.0138
vn -0.2054 -0.9785 0.0154
vn -0.1883 -0.9817 0.0298
vn 0.2677 0.0056 0.9635
vn 0.2589 0.0029 0.9659
vn 0.2697 0.0062 0.9629
vn 0.2970 0.7074 0.6414
vn 0.1409 -0.0096 0.9900
vn 0.1182 -0.0217 0.9927
vn 0.1992 0.0220 0.9797
vn -0.4382 0.2090 -0.8742
vn -0.3693 0.1481 -0.9174
vn -0.4799 0.2468 -0.8419
vn -0.3062 0.4880 -0.8173
vn 0.9763 -0.2098 -0.0526
vn 0.9862 -0.1622 0.0326
vn 0.9876 -0.1373 0.0759
vn 0.8930 0.3507 0.2822
vn 0.9114 0.3883 0.1361
vn 0.7977 0.2546 0.5467
vn 0.8737 -0.2035 -0.4418
vn 0.8885 -0.2470 -0.3867
vn 0.8164 -0.0893 -0.5706
vn 0.6629 0.3015 -0.6853
vn 0.5587 0.2498 -0.7908
vn 0.3829 0.1636 -0.9092
vn -0.9904 0.0428 0.1317
vn -0.9892 0.0471 0.1388
vn -0.9912 0.0394 0.1263
vn -0.9336 0.2759 0.2286
vn -0.9667 0.2216 0.1283
vn -0.8995 0.3148 0.3030
vn -0.9339 0.0007 0.3577
vn -0.9231 0.0182 0.3842
vn -0.9423 -0.0142 0.3346
vn -0.4474 0.7404 0.5016
vn -0.7325 0.5649 0.3799
vn 0.0422 0.8253 0.5631
vn -0.9947 -0.0159 -0.1015
vn -0.9948 -0.0389 -0.0946
vn -0.9942 0.0048 -0.1078
vn -0.9781 0.0316 0.2055
vn -0.9765 0.0410 0.2115
vn -0.9743 0.0524 0.2189
vn 0.2970 -0.0807 0.9514
vn 0.3117 -0.0711 0.9475
vn 0.2698 -0.0983 0.9579
vn 0.9899 0.0408 -0.1355
vn 0.9893 0.0324 -0.1421
vn 0.9910 0.0624 -0.1185
vn 0.1095 -0.9802 0.1648
vn 0.1418 -0.9747 0.1726
vn 0.0847 -0.9837 0.1586
vn 0.1585 -0.2528 0.9544
vn 0.2005 -0.2722 0.9411
vn 0.2392 -0.2897 0.9267
vn -0.9505 -0.1090 0.2911
vn -0.9519 -0.1227 0.2806
vn -0.9545 -0.1588 0.2524
vn -0.9565 0.0098 0.2915
vn -0.9593 0.0045 0.2823
vn -0.9612 0.0149 0.2753
vn -0.9987 -0.0489 -0.0161
vn -0.9988 -0.0468 -0.0172
vn -0.9985 -0.0539 -0.0136
vn -0.9937 0.1094 -0.0250
vn -0.9861 0.1518 -0.0671
vn -0.9690 0.2117 -0.1271
vn -0.9119 0.2966 -0.2836
vn -0.7413 0.4407 -0.5062
vn -0.5040 0.5390 -0.6749
vn 0.9964 -0.0811 -0.0235
vn 0.9972 -0.0668 -0.0329
vn 0.9978 -0.0210 -0.0632
vn -0.2121 -0.0477 -0.9761
vn -0.2150 -0.0480 -0.9754
vn -0.2176 -0.0504 -0.9747
vn 0.9727 -0.0088 -0.2321
vn 0.9705 -0.0202 -0.2403
vn 0.9709 -0.0243 -0.2384
vn 0.9871 -0.1315 -0.0909
vn 0.9858 -0.1378 -0.0956
vn 0.9891 -0.1215 -0.0835
vn 0.9697 -0.0436 -0.2402
vn 0.9631 -0.1350 -0.2327
vn 0.9477 -0.2286 -0.2228
vn -0.9609 -0.0650 0.2693
vn -0.9615 -0.0667 0.2667
vn -0.9610 -0.0641 0.2689
vn 0.2281 -0.2675 -0.9362
vn 0.2516 -0.2277 -0.9407
vn 0.1303 -0.4198 -0.8982
vn 0.9293 -0.1970 -0.3123
vn 0.9291 -0.1978 -0.3126
vn 0.9291 -0.1977 -0.3125
vn -0.9928 0.0123 -0.1194
vn -0.9938 0.0227 -0.1089
vn -0.9930 0.0104 -0.1173
vn 0.0851 -0.7890 -0.6085
vn 0.0332 -0.8182 -0.5740
vn -0.0054 -0.8373 -0.5468
vn 0.3268 -0.6042 -0.7268
vn 0.2382 -0.6748 -0.6985
vn 0.1085 -0.7582 -0.6429
vn -0.2405 0.3257 -0.9144
vn -0.2452 0.3203 -0.9150
vn -0.2175 0.3515 -0.9106
vn -0.8958 0.3800 0.2303
vn -0.8961 0.3734 0.2399
vn -0.8922 0.3039 0.3341
vn -0.4581 0.8864 0.0657
vn -0.4661 0.8828 0.0591
vn -0.4823 0.8748 0.0455
vn -0.3690 0.8762 -0.3099
vn -0.3291 0.8737 -0.3584
vn -0.2660 0.8631 -0.4292
vn -0.4460 0.2367 0.8632
vn -0.4420 0.2396 0.8644
vn -0.4528 0.2316 0.8610
vn -0.9760 -0.1271 0.1767
vn -0.9363 -0.3303 0.1191
vn -0.8439 -0.5341 0.0502
vn -0.7857 -0.4367 -0.4381
vn -0.7855 -0.4375 -0.4376
vn -0.7859 -0.4356 -0.4389
vn -0.9738 0.1661 -0.1553
vn -0.9744 0.1643 -0.1533
vn -0.9284 0.2623 -0.2631
vn -0.2678 -0.4557 -0.8489
vn -0.2625 -0.4591 -0.8487
vn -0.2870 -0.4431 -0.8493
vn -0.9256 -0.2453 -0.2881
vn -0.9258 -0.2448 -0.2880
vn -0.9238 -0.2513 -0.2889
vn -0.4927 0.0506 0.8687
vn -0.5560 0.2148 0.8029
vn -0.5432 0.2098 0.8130
vn -0.4258 -0.8977 0.1137
vn -0.4256 -0.8977 0.1139
vn -0.4223 -0.8987 0.1186
vn -0.9110 -0.1770 -0.3725
vn -0.9669 -0.0902 0.2389
vn -0.9665 -0.0911 0.2400
vn -0.9665 -0.0912 0.2400
vn -0.4847 -0.1688 0.8583
vn -0.4530 -0.1033 0.8855
vn -0.4484 -0.0940 0.8889
vn -0.8780 -0.4441 0.1784
vn -0.8738 -0.4572 0.1657
vn -0.8639 -0.4842 0.1387
vn -0.4497 -0.3203 0.8338
vn -0.4829 -0.1535 0.8621
vn -0.4452 -0.3380 0.8292
vn -0.2344 -0.8156 0.5290
vn -0.4916 -0.0803 0.8671
vn -0.3050 0.4669 0.8300
vn -0.2369 0.4643 0.8534
vn -0.2260 0.4637 0.8567
vn -0.3065 0.8921 0.3320
vn -0.4753 0.7659 0.4331
vn -0.2801 0.9066 0.3155
vn 0.2816 0.9208 0.2699
vn 0.1964 0.7793 0.5950
vn 0.2911 0.9315 0.2181
vn -0.6399 0.7665 -0.0547
vn -0.4059 0.9139 0.0025
vn -0.6659 0.7435 -0.0616
vn -0.1882 0.9602 -0.2064
vn -0.2170 0.9295 -0.2981
vn -0.2202 0.9254 -0.3084
vn -0.9247 -0.2889 -0.2479
vn -0.9236 -0.3448 -0.1673
vn -0.9072 -0.4175 -0.0518
vn -0.9516 -0.3014 -0.0610
vn -0.0817 0.1419 -0.9865
vn -0.1342 0.1600 -0.9780
vn -0.0558 0.1328 -0.9896
vn -0.8201 -0.4858 -0.3026
vn -0.5443 0.0609 -0.8367
vn -0.6131 0.0752 -0.7864
vn -0.5229 0.0565 -0.8505
vn -0.2175 0.6660 -0.7135
vn -0.2153 0.6662 -0.7141
vn -0.2526 0.6638 -0.7039
vn -0.5160 -0.2392 0.8225
vn -0.4649 -0.2581 0.8469
vn -0.4388 -0.2671 0.8580
vn -0.4339 -0.5545 -0.7101
vn -0.4351 -0.5661 -0.7001
vn -0.4354 -0.5698 -0.6970
vn -0.9215 0.1765 0.3460
vn 0.9810 -0.1730 0.0874
vn 0.9802 -0.1696 0.1018
vn 0.9704 -0.1469 0.1917
vn -0.2883 0.2716 0.9182
vn -0.2926 0.2677 0.9180
vn -0.2727 0.2855 0.9188
vn -0.5252 -0.7694 0.3636
vn -0.3148 -0.2301 0.9208
vn -0.8346 -0.3066 -0.4576
vn -0.8361 -0.3046 -0.4562
vn -0.8227 -0.3219 -0.4685
vn -0.0985 -0.3500 -0.9315
vn -0.0925 -0.3465 -0.9335
vn -0.0853 -0.3421 -0.9358
vn -0.7738 -0.2792 0.5685
vn -0.7951 -0.3264 0.5112
vn -0.7537 -0.2405 0.6117
vn -0.1076 -0.1354 0.9849
vn -0.1029 -0.1382 0.9850
vn -0.0962 -0.1422 0.9852
vn 0.9655 -0.2256 -0.1297
vn 0.9655 -0.2257 -0.1298
vn 0.9654 -0.2261 -0.1301
vn 0.7659 -0.1767 0.6182
vn 0.7493 -0.1513 0.6448
vn 0.7244 -0.1158 0.6796
vn 0.7298 -0.0544 0.6815
vn 0.7146 -0.0457 0.6980
vn 0.7089 -0.0425 0.7040
vn 0.9855 -0.0717 -0.1539
vn 0.9864 -0.0688 -0.1495
vn 0.9870 -0.0666 -0.1461
vn -0.0763 -0.1000 0.9921
vn -0.0913 -0.1068 0.9901
vn -0.0705 -0.0973 0.9928
vn -0.7370 -0.1505 0.6590
vn -0.7690 -0.1735 0.6152
vn -0.7282 -0.1444 0.6700
vn -0.0619 -0.1714 -0.9833
vn -0.0782 -0.1649 -0.9832
vn -0.0551 -0.1741 -0.9832
vn -0.8481 -0.1681 -0.5024
vn -0.8449 -0.1633 -0.5094
vn -0.8419 -0.1590 -0.5157
vn -0.3849 0.6744 -0.6301
vn -0.3888 0.6832 -0.6181
vn -0.3926 0.6916 -0.6063
vn -0.7800 0.5999 -0.1782
vn -0.7928 0.5671 -0.2232
vn -0.8039 0.5292 -0.2715
vn -0.2153 0.7488 0.6268
vn -0.2305 0.1207 0.9656
vn -0.1909 0.8616 0.4702
vn -0.7913 0.4325 0.4322
vn -0.7669 0.4563 0.4513
vn -0.7386 0.4818 0.4715
vn 0.4905 -0.1351 0.8609
vn 0.4824 -0.1705 0.8592
vn 0.4796 -0.1820 0.8584
vn 0.4770 0.0232 0.8786
vn 0.4733 0.0268 0.8805
vn 0.4826 0.0175 0.8756
vn -0.4942 -0.1671 0.8531
vn -0.4914 -0.1768 0.8528
vn -0.4955 -0.1628 0.8532
vn -0.4508 -0.0437 0.8915
vn -0.4320 -0.0272 0.9015
vn -0.3541 0.0384 0.9344
vn 0.4198 -0.2005 0.8852
vn 0.4502 -0.0530 0.8914
vn 0.4635 0.0364 0.8853
vn 0.4939 -0.1197 0.8612
vn -0.4762 -0.1239 0.8706
vn -0.4559 -0.1286 0.8807
vn -0.4273 -0.1350 0.8940
vn -0.3365 -0.0507 0.9403
vn -0.3475 0.0032 0.9377
vn -0.3327 -0.0686 0.9405
vn 0.9660 -0.0892 0.2427
vn 0.5286 0.0224 0.8486
vn 0.5232 0.0399 0.8512
vn 0.5310 0.0142 0.8472
vn -0.9660 -0.0890 0.2428
vn -0.9652 -0.0906 0.2452
vn -0.5292 0.0223 0.8482
vn -0.5248 0.0419 0.8502
vn -0.5219 0.0540 0.8513
vn 0.8019 0.2665 0.5348
vn 0.7909 0.3082 0.5287
vn 0.7862 0.3245 0.5260
vn -0.8282 -0.3619 0.4279
vn -0.8609 -0.2314 0.4531
vn -0.8677 -0.1905 0.4591
vn -0.7686 -0.3695 -0.5222
vn -0.7623 -0.3757 -0.5270
vn 0.7569 0.2103 -0.6187
vn 0.7520 0.2744 -0.5994
vn 0.7583 0.1660 -0.6304
vn 0.4500 -0.0249 0.8927
vn 0.4390 0.0569 0.8967
vn 0.4312 0.1048 0.8961
vn -0.0045 0.0178 -0.9998
vn -0.0039 0.0042 -1.0000
vn -0.0049 0.0275 -0.9996
vn 0.7161 0.4098 0.5651
vn 0.7157 0.4109 0.5648
vn 0.7154 0.4117 0.5646
vn 0.9323 -0.3053 0.1940
vn 0.7788 -0.5405 0.3184
vn 0.7590 -0.5616 0.3294
vn 0.8861 -0.3784 -0.2677
vn 0.1116 -0.7506 -0.6512
vn 0.9335 -0.3004 -0.1957
vn 0.7490 0.3966 -0.5307
vn 0.8016 0.3423 -0.4902
vn 0.8286 0.3106 -0.4658
vn 0.3126 0.1938 0.9299
vn 0.6470 0.0212 0.7622
vn 0.2675 0.2129 0.9398
vn 0.5508 -0.2752 -0.7880
vn 0.4620 -0.1333 -0.8768
vn 0.5863 -0.3395 -0.7355
vn -0.7185 0.3901 0.5758
vn -0.7292 0.3612 0.5812
vn -0.7110 0.4093 0.5719
vn -0.7788 -0.5405 0.3184
vn -0.9323 -0.3053 0.1940
vn -0.7590 -0.5616 0.3294
vn -0.8861 -0.3784 -0.2677
vn -0.1116 -0.7506 -0.6512
vn -0.0743 -0.7519 -0.6551
vn -0.7897 0.3270 -0.5191
vn -0.7630 0.4073 -0.5019
vn -0.7446 0.4533 -0.4900
vn -0.3552 0.1750 0.9183
vn -0.6483 0.0203 0.7611
vn -0.6768 0.0022 0.7362
vn -0.5508 -0.2752 -0.7880
vn -0.4620 -0.1333 -0.8768
vn -0.4354 -0.0945 -0.8953
vn -0.7909 0.3082 0.5287
vn -0.8018 0.2665 0.5348
vn -0.7862 0.3245 0.5260
vn 0.8609 -0.2314 0.4531
vn 0.8282 -0.3619 0.4279
vn 0.8677 -0.1905 0.4591
vn 0.7686 -0.3695 -0.5222
vn 0.7650 -0.3798 -0.5201
vn -0.7569 0.2103 -0.6187
vn -0.7520 0.2744 -0.5994
vn -0.7453 0.3265 -0.5813
vn -0.4390 0.0569 0.8967
vn -0.4500 -0.0249 0.8927
vn -0.4312 0.1049 0.8961
vn 0.0045 0.0178 -0.9998
vn 0.0039 0.0042 -1.0000
vn 0.0034 -0.0070 -1.0000
vn 0.3868 -0.0322 -0.9216
vn -0.1457 -0.2660 -0.9529
vn -0.2237 -0.2942 -0.9292
vn 0.1097 -0.0551 0.9924
vn 0.2314 -0.0399 0.9720
vn 0.2569 -0.0366 0.9657
vn 0.5886 0.0136 -0.8083
vn 0.6893 0.0625 -0.7218
vn 0.7043 0.0703 -0.7064
vn -0.7880 -0.3462 -0.5092
vn -0.8899 -0.4004 -0.2183
vn -0.9014 -0.4076 -0.1460
vn -0.8576 -0.3749 0.3521
vn -0.7627 -0.2744 0.5856
vn -0.8636 -0.3834 0.3275
vn 0.8476 0.1559 0.5072
vn 0.9119 0.1367 0.3869
vn 0.9266 0.1310 0.3525
vn -0.3868 -0.0323 -0.9216
vn 0.1440 -0.2656 -0.9533
vn -0.4332 -0.0081 -0.9013
vn -0.1097 -0.0551 0.9924
vn -0.2309 -0.0401 0.9722
vn -0.0937 -0.0570 0.9940
vn -0.5886 0.0137 -0.8083
vn -0.6889 0.0624 -0.7222
vn -0.5779 0.0088 -0.8160
vn 0.7880 -0.3462 -0.5092
vn 0.8896 -0.4004 -0.2199
vn 0.7725 -0.3384 -0.5374
vn 0.7634 -0.2749 0.5845
vn 0.8576 -0.3749 0.3521
vn 0.8636 -0.3834 0.3275
vn -0.8476 0.1558 0.5072
vn -0.9116 0.1368 0.3876
vn -0.8380 0.1581 0.5222
vn -0.9860 -0.1242 -0.1114
vn -0.9839 -0.1388 -0.1127
vn -0.9823 -0.1422 -0.1217
vn -0.9749 -0.0085 -0.2226
vn -0.9736 -0.0243 -0.2271
vn 0.2091 -0.0463 -0.9768
vn 0.2070 -0.0489 -0.9771
vn -0.9923 -0.0540 -0.1115
vn -0.9918 -0.0840 -0.0963
vn -0.9912 -0.0147 -0.1312
vn 0.9549 0.0103 0.2967
vn 0.9548 -0.0008 0.2974
vn -0.2466 -0.0715 0.9665
vn -0.2479 -0.0703 0.9662
vn -0.2241 -0.0919 0.9702
vn 0.9721 0.0423 0.2306
vn 0.9743 0.0281 0.2237
vn 0.9706 0.0516 0.2352
vn 0.9978 -0.0117 -0.0646
vn 0.9974 -0.0431 -0.0577
vn 0.9967 -0.0598 -0.0540
vn 0.9940 0.0209 -0.1075
vn 0.9942 0.0067 -0.1070
vn -0.9294 -0.1972 -0.3119
vn -0.9292 -0.1977 -0.3123
vn 0.0606 -0.2136 -0.9750
vn 0.0976 -0.2676 -0.9586
vn 0.1902 -0.4001 -0.8965
vn 0.9617 -0.0658 0.2660
vn 0.9624 -0.0619 0.2644
vn -0.9931 -0.0795 -0.0862
vn -0.9839 -0.1693 -0.0566
vn -0.9936 0.0051 -0.1131
vn 0.9698 -0.0918 0.2258
vn 0.9709 -0.1149 0.2101
vn 0.9677 -0.0657 0.2433
vn -0.3015 -0.2547 0.9188
vn -0.2836 -0.2437 0.9275
vn -0.3333 -0.2741 0.9021
vn -0.9948 0.0222 -0.0997
vn -0.9953 0.0348 -0.0903
vn -0.9956 0.0525 -0.0770
vn 0.9860 -0.1243 -0.1111
vn 0.9839 -0.1387 -0.1123
vn 0.9874 -0.1207 -0.1019
vn 0.9748 -0.0085 -0.2228
vn 0.9735 -0.0243 -0.2273
vn -0.2092 -0.0464 -0.9768
vn -0.2071 -0.0489 -0.9771
vn 0.9920 -0.0836 -0.0946
vn 0.9925 -0.0546 -0.1096
vn 0.9914 -0.0148 -0.1300
vn -0.9534 0.0100 0.3016
vn -0.9584 -0.0003 0.2856
vn 0.2488 -0.0706 0.9660
vn 0.2481 -0.0713 0.9661
vn 0.2248 -0.0920 0.9701
vn -0.9743 0.0283 0.2233
vn -0.9722 0.0421 0.2302
vn -0.9707 0.0516 0.2349
vn -0.9978 -0.0119 -0.0655
vn -0.9974 -0.0428 -0.0585
vn -0.9976 0.0040 -0.0690
vn -0.9939 0.0206 -0.1079
vn -0.9942 0.0067 -0.1070
vn 0.9294 -0.1972 -0.3119
vn 0.9293 -0.1978 -0.3119
vn -0.0822 -0.2596 -0.9622
vn -0.0542 -0.2222 -0.9735
vn -0.1902 -0.4001 -0.8965
vn -0.9617 -0.0657 0.2661
vn -0.9624 -0.0619 0.2644
vn 0.9923 -0.0839 -0.0914
vn 0.9848 -0.1619 -0.0633
vn 0.9563 -0.2920 -0.0146
vn -0.9693 -0.0939 0.2272
vn -0.9705 -0.1132 0.2130
vn -0.9712 -0.1402 0.1926
vn 0.2767 -0.2429 0.9297
vn 0.3009 -0.2563 0.9185
vn 0.3333 -0.2741 0.9021
vn 0.9952 0.0337 -0.0923
vn 0.9946 0.0236 -0.1006
vn 0.9956 0.0525 -0.0770
vn 0.9993 -0.0120 -0.0359
vn 0.9987 -0.0423 -0.0276
vn 0.9980 -0.0587 -0.0231
vn 0.9682 0.0413 0.2466
vn 0.9705 0.0271 0.2397
vn 0.9666 0.0508 0.2512
vn -0.2085 -0.0694 0.9756
vn -0.2060 -0.0658 0.9763
vn -0.1914 -0.0450 0.9805
vn 0.9529 0.0071 0.3032
vn 0.9512 -0.0043 0.3086
vn -0.9826 -0.0496 -0.1788
vn -0.9834 -0.0787 -0.1636
vn -0.9798 -0.0082 -0.2000
vn 0.2066 -0.0472 -0.9773
vn 0.2047 -0.0497 -0.9776
vn -0.9750 -0.0109 -0.2219
vn -0.9756 -0.0272 -0.2180
vn -0.9845 -0.1276 -0.1203
vn -0.9807 -0.1455 -0.1304
vn -0.9993 -0.0122 -0.0362
vn -0.9987 -0.0420 -0.0279
vn -0.9992 0.0034 -0.0406
vn -0.9705 0.0273 0.2395
vn -0.9683 0.0412 0.2464
vn -0.9666 0.0508 0.2512
vn 0.2087 -0.0692 0.9755
vn 0.2065 -0.0661 0.9762
vn -0.9529 0.0070 0.3031
vn -0.9548 -0.0007 0.2972
vn 0.9835 -0.0782 -0.1631
vn 0.9827 -0.0502 -0.1780
vn 0.9798 -0.0082 -0.2000
vn -0.2066 -0.0473 -0.9773
vn -0.2047 -0.0497 -0.9776
vn 0.9750 -0.0109 -0.2220
vn 0.9756 -0.0272 -0.2180
vn 0.9845 -0.1277 -0.1202
vn 0.9824 -0.1422 -0.1215
vn 0.8891 0.0201 -0.4573
vn 0.2579 -0.0370 -0.9655
vn 0.2586 0.0129 -0.9659
vn 0.2573 -0.0628 -0.9643
vn 0.8905 -0.0343 0.4537
vn 0.8919 -0.0413 0.4503
vn 0.8869 -0.0176 0.4616
vn 0.0892 -0.1368 0.9866
vn 0.0946 -0.1024 0.9902
vn 0.0968 -0.0884 0.9914
vn -0.9022 0.1043 -0.4186
vn -0.9005 0.0333 -0.4335
vn -0.8998 0.0211 -0.4359
vn -0.8388 -0.0562 0.5415
vn -0.8246 -0.2024 0.5282
vn -0.8163 -0.2481 0.5216
vn -0.8891 0.0201 -0.4573
vn -0.8887 0.0180 -0.4581
vn -0.2579 -0.0370 -0.9655
vn -0.2586 0.0129 -0.9659
vn -0.2587 0.0297 -0.9655
vn -0.8905 -0.0343 0.4537
vn -0.8919 -0.0413 0.4503
vn -0.8953 -0.0590 0.4416
vn -0.0946 -0.1024 0.9902
vn -0.0892 -0.1368 0.9866
vn -0.0968 -0.0884 0.9914
vn 0.9005 0.0333 -0.4335
vn 0.9022 0.1043 -0.4186
vn 0.8998 0.0211 -0.4359
vn 0.8246 -0.2024 0.5282
vn 0.8388 -0.0562 0.5415
vn 0.8163 -0.2481 0.5216
vn -0.9856 0.0535 0.1606
vn -0.9883 0.0511 0.1439
vn -0.9832 0.0553 0.1739
vn -0.0044 -0.9999 -0.0133
vn -0.0046 -0.9999 -0.0142
vn -0.0048 -0.9999 -0.0133
vn 0.3257 0.9141 0.2417
vn 0.3206 0.9184 0.2320
vn 0.3284 0.9168 0.2272
vn -0.3254 0.8998 0.2905
vn -0.3365 0.9132 0.2300
vn -0.3201 0.8929 0.3166
vn 0.0184 -0.9997 -0.0175
vn 0.0210 -0.9995 -0.0218
vn 0.0160 -0.9996 -0.0227
vn -0.0341 -0.9993 -0.0117
vn -0.0322 -0.9994 -0.0108
vn -0.0337 -0.9994 -0.0121
vn 0.6978 0.7128 0.0704
vn 0.6733 0.7394 -0.0027
vn 0.6621 0.7487 -0.0323
vn 0.9604 0.2384 -0.1441
vn 0.9694 0.2294 -0.0868
vn 0.9726 0.2248 -0.0588
vn -0.9834 0.0777 0.1640
vn -0.9867 0.0749 0.1442
vn -0.9809 0.0797 0.1774
vn -0.0061 -0.9999 -0.0143
vn 0.3253 0.9135 0.2445
vn 0.3200 0.9181 0.2338
vn -0.2756 0.9154 0.2934
vn -0.2824 0.9335 0.2211
vn -0.2731 0.9085 0.3164
vn 0.0192 -0.9997 -0.0165
vn -0.0288 -0.9995 -0.0108
vn 0.6501 0.7534 0.0989
vn 0.6036 0.7971 0.0138
vn 0.5910 0.8066 -0.0075
vn 0.9748 0.1589 -0.1567
vn 0.9845 0.1498 -0.0911
vn 0.9875 0.1454 -0.0608
vn 0.8678 -0.1799 -0.4633
vn 0.8641 -0.1925 -0.4651
vn 0.8698 -0.1729 -0.4622
vn 0.1198 -0.1994 -0.9726
vn 0.1128 -0.1879 -0.9757
vn 0.9130 -0.1896 0.3611
vn 0.9162 -0.1468 0.3728
vn 0.9087 -0.2275 0.3501
vn 0.1240 0.0001 0.9923
vn 0.1197 -0.0073 0.9928
vn -0.9815 -0.0959 -0.1660
vn -0.9823 -0.0894 -0.1647
vn -0.8553 -0.0563 0.5151
vn -0.8510 -0.0104 0.5251
vn -0.8471 0.0198 0.5311
vn 0.2650 -0.2130 -0.9404
vn 0.2752 -0.2252 -0.9347
vn 0.9368 0.0716 0.3424
vn 0.9320 0.0315 0.3611
vn 0.0826 -0.0255 0.9963
vn 0.0966 -0.0433 0.9944
vn 0.0790 -0.0210 0.9967
vn -0.5702 -0.7424 0.3517
vn -0.8020 -0.5508 0.2309
vn -0.5345 -0.7622 0.3652
vn -0.4490 -0.7384 -0.5032
vn -0.6960 -0.5574 -0.4526
vn -0.4188 -0.7542 -0.5058
vn 0.8210 -0.1629 -0.5472
vn 0.8210 -0.0880 -0.5641
vn 0.8200 -0.0644 -0.5688
vn -0.9019 -0.0956 0.4212
vn -0.9000 -0.1263 0.4171
vn -0.8994 -0.1347 0.4159
vn -0.9541 -0.0824 -0.2879
vn -0.9504 -0.1158 -0.2887
vn -0.9548 -0.0755 -0.2876
vn 0.0844 -0.1116 0.9902
vn 0.0850 -0.1057 0.9908
vn 0.9289 -0.0218 0.3696
vn 0.9335 -0.0915 0.3468
vn 0.2523 -0.0673 -0.9653
vn 0.2455 -0.0961 -0.9646
vn 0.2552 -0.0544 -0.9654
vn 0.8677 0.0148 -0.4969
vn 0.8736 -0.0513 -0.4839
vn 0.8744 -0.0664 -0.4806
vn -0.2650 -0.2130 -0.9404
vn -0.2752 -0.2252 -0.9347
vn -0.9368 0.0716 0.3424
vn -0.9320 0.0315 0.3611
vn -0.0826 -0.0255 0.9963
vn -0.0966 -0.0434 0.9944
vn -0.0992 -0.0466 0.9940
vn 0.5702 -0.7424 0.3517
vn 0.8020 -0.5508 0.2309
vn 0.8369 -0.5076 0.2050
vn 0.4490 -0.7384 -0.5032
vn 0.6960 -0.5574 -0.4526
vn 0.7047 -0.5488 -0.4496
vn -0.8210 -0.0880 -0.5641
vn -0.8210 -0.1629 -0.5472
vn -0.8200 -0.0644 -0.5688
vn 0.8999 -0.1248 0.4179
vn 0.9009 -0.0972 0.4231
vn 0.8994 -0.1347 0.4159
vn 0.9535 -0.0836 -0.2897
vn 0.9504 -0.1147 -0.2890
vn 0.9496 -0.1221 -0.2888
vn -0.0841 -0.1114 0.9902
vn -0.0850 -0.1057 0.9908
vn -0.9268 -0.0271 0.3745
vn -0.9325 -0.0874 0.3504
vn -0.9339 -0.1170 0.3379
vn -0.2543 -0.0690 -0.9647
vn -0.2469 -0.0940 -0.9645
vn -0.2424 -0.1090 -0.9640
vn -0.8731 -0.0489 -0.4851
vn -0.8661 0.0121 -0.4997
vn -0.8744 -0.0664 -0.4806
vn -0.7913 -0.0782 -0.6064
vn -0.7951 -0.0727 -0.6020
vn -0.7418 -0.1432 -0.6551
vn -0.3830 0.0436 0.9227
vn -0.3807 0.0405 0.9238
vn -0.4063 0.0753 0.9106
vn -0.9351 0.0400 0.3520
vn -0.9368 0.0343 0.3483
vn -0.9436 0.0080 0.3309
vn -0.3593 -0.0612 -0.9312
vn -0.3509 -0.0710 -0.9337
vn -0.3280 -0.0973 -0.9397
vn 0.7951 -0.0727 -0.6020
vn 0.7913 -0.0782 -0.6064
vn 0.7418 -0.1432 -0.6551
vn 0.3830 0.0436 0.9227
vn 0.3807 0.0405 0.9238
vn 0.3562 0.0080 0.9344
vn 0.9368 0.0343 0.3483
vn 0.9351 0.0400 0.3520
vn 0.9436 0.0080 0.3309
vn 0.3509 -0.0710 -0.9337
vn 0.3593 -0.0612 -0.9312
vn 0.3280 -0.0973 -0.9397
vn -0.2686 0.4912 -0.8286
vn -0.2542 0.4113 -0.8753
vn -0.2493 0.3854 -0.8884
vn -0.9372 0.1188 0.3278
vn -0.9366 0.1217 0.3286
vn -0.3643 -0.0317 0.9307
vn -0.3678 -0.0429 0.9289
vn -0.8095 0.1861 -0.5569
vn -0.8081 0.3602 -0.4661
vn -0.8014 0.4108 -0.4347
vn 0.2542 0.4113 -0.8753
vn 0.2686 0.4912 -0.8286
vn 0.2493 0.3854 -0.8884
vn 0.9372 0.1188 0.3278
vn 0.9366 0.1217 0.3286
vn 0.3643 -0.0317 0.9307
vn 0.3678 -0.0429 0.9289
vn 0.8081 0.3602 -0.4661
vn 0.8095 0.1861 -0.5569
vn 0.8014 0.4108 -0.4347
vn -0.8678 -0.1799 -0.4633
vn -0.8641 -0.1925 -0.4651
vn -0.8621 -0.1992 -0.4660
vn -0.1198 -0.1994 -0.9726
vn -0.1128 -0.1879 -0.9757
vn -0.9130 -0.1896 0.3611
vn -0.9162 -0.1468 0.3728
vn -0.9175 -0.1082 0.3826
vn -0.1240 0.0001 0.9923
vn -0.1197 -0.0073 0.9928
vn 0.9815 -0.0959 -0.1660
vn 0.9823 -0.0894 -0.1647
vn 0.8510 -0.0104 0.5251
vn 0.8553 -0.0563 0.5151
vn 0.8471 0.0198 0.5311
vn 0.9854 0.0510 0.1621
vn 0.9886 0.0499 0.1420
vn 0.9900 0.0494 0.1323
vn 0.0043 -0.9999 -0.0133
vn 0.0045 -0.9999 -0.0142
vn 0.0042 -0.9999 -0.0143
vn -0.3217 0.9181 0.2314
vn -0.3264 0.9137 0.2422
vn -0.3284 0.9168 0.2272
vn 0.3306 0.8966 0.2946
vn 0.3387 0.9134 0.2260
vn 0.3409 0.9178 0.2035
vn -0.0202 -0.9996 -0.0219
vn -0.0180 -0.9997 -0.0171
vn -0.0160 -0.9996 -0.0226
vn 0.0340 -0.9994 -0.0117
vn 0.0323 -0.9994 -0.0105
vn 0.0337 -0.9994 -0.0098
vn -0.6729 0.7397 -0.0081
vn -0.7052 0.7053 0.0719
vn -0.6620 0.7488 -0.0324
vn -0.9695 0.2310 -0.0814
vn -0.9573 0.2485 -0.1478
vn -0.9726 0.2248 -0.0589
vn 0.9837 0.0722 0.1647
vn 0.9873 0.0704 0.1427
vn 0.9887 0.0696 0.1325
vn 0.0047 -0.9999 -0.0133
vn -0.3212 0.9179 0.2331
vn -0.3261 0.9132 0.2444
vn 0.2871 0.9111 0.2959
vn 0.2917 0.9310 0.2196
vn 0.2926 0.9354 0.1985
vn -0.0186 -0.9997 -0.0163
vn 0.0339 -0.9994 -0.0122
vn -0.6135 0.7896 0.0082
vn -0.6630 0.7425 0.0955
vn -0.6017 0.7987 -0.0110
vn -0.9828 0.1635 -0.0860
vn -0.9710 0.1794 -0.1579
vn -0.9856 0.1577 -0.0604
vn -0.9590 -0.2137 0.1859
vn -0.9658 -0.1876 0.1788
vn -0.9206 -0.3259 0.2153
vn -0.2670 0.0089 0.9637
vn -0.2636 -0.0730 0.9619
vn -0.2679 0.0418 0.9626
vn -0.9270 0.0016 -0.3750
vn -0.9271 0.0074 -0.3749
vn -0.4076 0.1737 -0.8965
vn -0.4126 0.1791 -0.8931
vn -0.4554 0.2270 -0.8608
vn 0.9658 -0.1876 0.1788
vn 0.9590 -0.2137 0.1859
vn 0.9206 -0.3259 0.2153
vn 0.2636 -0.0730 0.9619
vn 0.2670 0.0089 0.9637
vn 0.2679 0.0418 0.9626
vn 0.9270 0.0016 -0.3750
vn 0.9271 0.0074 -0.3749
vn 0.4076 0.1737 -0.8965
vn 0.4126 0.1791 -0.8931
vn 0.3635 0.1260 -0.9230
vn 0.4683 0.1380 -0.8727
vn 0.4880 0.1959 -0.8506
vn 0.4591 0.1126 -0.8812
vn 0.9265 0.0050 -0.3764
vn 0.3417 -0.1166 0.9325
vn 0.3085 0.0250 0.9509
vn 0.3043 0.0413 0.9517
vn 0.9307 -0.1516 0.3328
vn 0.9049 -0.2718 0.3274
vn 0.8914 -0.3169 0.3240
vn -0.4683 0.1380 -0.8727
vn -0.4880 0.1959 -0.8506
vn -0.4961 0.2214 -0.8396
vn -0.9265 0.0050 -0.3764
vn -0.9249 -0.0012 -0.3803
vn -0.3085 0.0250 0.9509
vn -0.3417 -0.1166 0.9325
vn -0.3043 0.0413 0.9517
vn -0.9049 -0.2718 0.3274
vn -0.9307 -0.1516 0.3328
vn -0.8914 -0.3169 0.3240
vn 0.9373 -0.2331 -0.2591
vn 0.9825 -0.0826 -0.1669
vn 0.9845 -0.0716 -0.1600
vn 0.3356 0.1570 0.9288
vn 0.3485 0.1657 0.9226
vn 0.2959 0.1302 0.9463
vn 0.3476 -0.3162 0.8827
vn 0.2093 0.2521 -0.9448
vn 0.7177 0.5802 -0.3851
vn 0.4971 0.7985 -0.3396
vn 0.4737 0.8151 -0.3335
vn 0.8814 -0.3720 0.2910
vn 0.9616 -0.0947 0.2575
vn 0.8715 -0.3936 0.2927
vn 0.2892 0.2748 0.9170
vn 0.2275 0.7380 0.6353
vn 0.2594 0.6913 0.6744
vn 0.2096 0.0005 -0.9778
vn 0.1591 -0.0042 -0.9873
vn 0.1446 -0.0055 -0.9895
vn 0.6097 0.7191 0.3335
vn 0.8130 0.4024 0.4208
vn 0.8560 0.2765 0.4367
vn -0.3476 -0.3162 0.8827
vn -0.2093 0.2521 -0.9448
vn -0.7166 0.5800 -0.3873
vn -0.4848 0.7985 -0.3569
vn -0.7425 0.5458 -0.3884
vn -0.8820 -0.3697 0.2924
vn -0.9550 -0.1053 0.2774
vn -0.9594 -0.0677 0.2736
vn -0.2600 0.3616 0.8953
vn -0.3408 0.6545 0.6749
vn -0.2628 0.2655 0.9276
vn -0.2148 0.0010 -0.9767
vn -0.1565 -0.0016 -0.9877
vn -0.2164 0.0011 -0.9763
vn -0.6169 0.7150 0.3290
vn -0.8296 0.3887 0.4008
vn -0.5103 0.8103 0.2880
vn -0.9374 -0.2329 -0.2589
vn -0.9828 -0.0821 -0.1652
vn -0.9343 -0.2402 -0.2634
vn -0.3349 0.1552 0.9294
vn -0.3496 0.1647 0.9223
vn -0.3846 0.1873 0.9039
vn 0.2161 0.0553 -0.9748
vn 0.3193 0.3201 -0.8920
vn 0.7663 0.4410 0.4673
vn 0.8602 -0.1693 -0.4810
vn 0.3579 0.2381 -0.9029
vn 0.9316 -0.0044 -0.3634
vn -0.7253 -0.5474 -0.4174
vn 0.6589 0.6181 -0.4288
vn 0.7311 0.1188 -0.6719
vn 0.3590 -0.0291 0.9329
vn 0.9378 0.1183 0.3265
vn 0.3364 0.5210 -0.7845
vn 0.9219 -0.2484 -0.2972
vn 0.4544 -0.3443 0.8216
vn 0.8529 -0.3963 0.3399
vn 0.3741 -0.2249 -0.8997
vn 0.3856 0.1977 0.9012
vn 0.9165 0.1964 0.3485
vn 0.2164 -0.0104 -0.9762
vn 0.2796 0.2215 -0.9342
vn 0.9110 0.2639 0.3170
vn 0.3544 0.1640 0.9206
vn 0.8344 0.2830 -0.4730
vn 0.3874 -0.0428 -0.9209
vn 0.9232 0.0630 0.3790
vn 0.4247 0.0755 0.9022
vn 0.8760 0.0004 -0.4822
vn 0.2320 -0.0922 0.9683
vn 0.9969 -0.0683 0.0396
vn -0.7000 -0.2296 0.6762
vn -0.9452 -0.2868 -0.1560
vn 0.7132 0.0324 -0.7002
vn 0.2463 0.0076 0.9692
vn -0.8846 -0.0881 0.4580
vn -0.8359 -0.4510 0.3127
vn 0.1067 -0.0868 0.9905
vn 0.9381 0.0856 0.3356
vn 0.2536 -0.2009 -0.9462
vn -0.9803 -0.0991 -0.1711
vn 0.1330 0.0032 0.9911
vn 0.9437 -0.1121 0.3113
vn 0.1381 -0.2070 -0.9686
vn 0.3555 -0.1528 -0.9221
vn 0.7625 -0.2744 0.5859
vn 0.7789 0.3163 -0.5415
vn -0.0764 -0.8101 -0.5813
vn 0.9606 -0.2736 0.0498
vn 0.7815 0.3246 0.5328
vn 0.2223 -0.1675 -0.9605
vn 0.4901 0.0223 0.8714
vn 0.7367 0.2107 -0.6426
vn -0.5585 -0.7269 -0.3996
vn -0.7293 -0.4663 0.5007
vn 0.8715 0.1027 0.4796
vn 0.8193 0.3806 0.4288
vn -0.7749 -0.5431 0.3235
vn -0.7929 -0.4956 -0.3546
vn 0.7875 0.2529 -0.5621
vn 0.2594 -0.0218 0.9655
vn 0.1596 -0.0739 -0.9844
vn 0.2500 0.9228 0.2933
vn 0.1810 0.6861 0.7046
vn 0.5153 0.8523 -0.0900
vn 0.4474 0.4629 -0.7652
vn 0.0207 -0.0016 -0.9998
vn 0.3788 -0.0845 0.9216
vn 0.6927 0.3055 -0.6533
vn -0.8481 -0.4247 0.3169
vn 0.7924 0.2463 0.5581
vn 0.0604 0.0038 -0.9982
vn 0.0420 0.0723 0.9965
vn 0.6140 0.3254 -0.7191
vn -0.8061 -0.2332 -0.5439
vn -0.9097 -0.2648 0.3199
vn 0.7501 0.4089 0.5198
vn -0.8778 -0.0338 0.4778
vn 0.7956 0.0329 -0.6049
vn 0.2649 -0.1088 -0.9581
vn 0.8355 -0.1277 0.5344
vn 0.0651 -0.1153 0.9912
vn -0.9456 -0.1228 -0.3014
vn 0.7964 -0.0631 -0.6015
vn 0.3233 0.0323 -0.9457
vn 0.9090 0.0500 0.4138
vn 0.0943 -0.0833 0.9921
vn -0.9345 -0.0805 -0.3468
vn 0.8908 0.1438 -0.4310
vn 0.1947 0.2380 -0.9515
vn 0.8472 -0.0909 0.5234
vn 0.0305 -0.1631 0.9861
vn -0.9501 0.2655 -0.1640
vn -0.7054 -0.0729 0.7050
vn 0.8683 -0.2009 -0.4536
vn -0.7913 -0.0174 0.6112
vn -0.9018 0.1234 -0.4141
vn 0.0854 -0.1604 0.9834
vn 0.8771 -0.0616 0.4764
vn 0.2265 0.0296 -0.9736
vn 0.8899 0.0179 -0.4558
vn -0.8657 -0.0846 0.4933
vn -0.2648 -0.1602 -0.9509
vn 0.9043 -0.3422 -0.2553
vn 0.1270 0.4327 -0.8925
vn 0.7682 0.3034 -0.5637
vn -0.8680 0.2459 -0.4314
vn 0.4456 0.8739 0.1943
vn 0.7837 -0.4847 0.3884
vn -0.2617 0.0727 0.9624
vn 0.4743 -0.3542 0.8060
vn 0.0406 -0.9990 -0.0173
vn -0.2317 0.9538 0.1912
vn 0.2993 0.9203 0.2518
vn -0.9865 0.0959 0.1328
vn -0.0326 -0.9802 -0.1951
vn 0.0132 -0.9970 0.0764
vn -0.9938 0.0738 0.0830
vn -0.0252 -0.9923 -0.1214
vn 0.1979 0.8382 0.5082
vn -0.6721 0.6614 0.3328
vn 0.0308 -0.9923 -0.1196
vn -0.1568 -0.9868 -0.0403
vn 0.8356 0.5132 0.1960
vn 0.9579 0.2674 -0.1049
vn 0.9775 0.1712 -0.1233
vn 0.9724 0.2074 0.1071
vn 0.0561 -0.9936 0.0980
vn -0.0083 -0.9947 0.1029
vn -0.8935 0.3266 0.3083
vn 0.1154 0.4946 0.8614
vn 0.0222 -0.9943 0.1046
vn -0.9785 0.1951 0.0669
vn -0.8672 -0.3238 -0.3782
vn -0.9398 -0.0052 -0.3416
vn 0.3543 0.0347 -0.9345
vn -0.8883 -0.4379 -0.1383
vn -0.9740 -0.0505 -0.2208
vn 0.9651 -0.1962 0.1733
vn 0.9067 -0.0171 0.4215
vn -0.9754 -0.0755 -0.2071
vn 0.2278 -0.1868 -0.9556
vn -0.9889 -0.1157 -0.0930
vn 0.9960 -0.0490 0.0744
vn -0.2338 -0.9717 0.0324
vn -0.2756 0.5176 0.8100
vn 0.8080 -0.0586 0.5863
vn 0.1883 -0.9817 0.0298
vn -0.2697 0.0062 0.9629
vn -0.0755 -0.0445 0.9962
vn 0.4799 0.2468 -0.8419
vn -0.9646 -0.2401 -0.1086
vn -0.7977 0.2546 0.5467
vn -0.8164 -0.0893 -0.5706
vn -0.7511 0.3461 -0.5622
vn 0.9912 0.0394 0.1263
vn 0.8995 0.3148 0.3030
vn 0.9423 -0.0142 0.3346
vn -0.0422 0.8253 0.5631
vn 0.9942 0.0048 -0.1078
vn 0.9800 0.0203 0.1981
vn -0.3394 -0.0527 0.9392
vn -0.9873 0.0115 -0.1585
vn -0.1626 -0.9706 0.1776
vn -0.1147 -0.2321 0.9659
vn 0.9561 -0.1572 0.2473
vn 0.9612 0.0149 0.2753
vn 0.9985 -0.0539 -0.0136
vn 0.9690 0.2117 -0.1271
vn 0.5040 0.5390 -0.6749
vn -0.9921 -0.1249 0.0058
vn 0.2176 -0.0504 -0.9747
vn -0.9695 -0.0038 -0.2449
vn -0.9891 -0.1215 -0.0835
vn -0.9496 -0.2331 -0.2094
vn 0.9605 -0.0680 0.2699
vn -0.3309 -0.0813 -0.9402
vn 0.9925 0.0279 -0.1192
vn -0.1166 -0.7693 -0.6281
vn -0.4632 -0.4697 -0.7516
vn 0.2175 0.3515 -0.9106
vn 0.8922 0.3039 0.3341
vn 0.4368 0.8957 0.0831
vn 0.2660 0.8631 -0.4292
vn 0.4335 0.2458 0.8670
vn 0.8439 -0.5341 0.0502
vn 0.7852 -0.4393 -0.4365
vn 0.9284 0.2623 -0.2631
vn 0.2487 -0.4679 -0.8481
vn 0.9238 -0.2513 -0.2889
vn 0.4763 0.0235 0.8790
vn 0.9722 0.2037 0.1153
vn 0.4223 -0.8987 0.1186
vn 0.8903 -0.3976 0.2218
vn 0.4860 -0.1325 0.8639
vn 0.3299 -0.2564 0.9085
vn 0.3173 0.4671 0.8253
vn 0.5086 0.7328 0.4520
vn -0.1874 0.7613 0.6208
vn 0.3608 0.9326 0.0126
vn 0.2202 0.9254 -0.3084
vn 0.9072 -0.4175 -0.0518
vn 0.1797 0.1754 -0.9680
vn 0.6395 0.0808 -0.7645
vn 0.1718 0.6676 -0.7244
vn 0.4388 -0.2671 0.8580
vn 0.4324 -0.5404 -0.7218
vn -0.9704 -0.1469 0.1917
vn 0.3137 0.2483 0.9165
vn 0.8227 -0.3219 -0.4685
vn 0.1085 -0.3559 -0.9282
vn 0.7537 -0.2405 0.6117
vn 0.1161 -0.1304 0.9847
vn -0.9657 -0.2250 -0.1293
vn -0.7895 -0.2161 0.5745
vn -0.7365 -0.0583 0.6740
vn -0.9846 -0.0745 -0.1579
vn 0.0705 -0.0973 0.9928
vn 0.7282 -0.1444 0.6700
vn 0.0551 -0.1741 -0.9832
vn 0.8522 -0.1743 -0.4933
vn 0.3926 0.6916 -0.6063
vn 0.8039 0.5292 -0.2715
vn 0.2195 -0.0145 0.9755
vn 0.7386 0.4818 0.4715
vn -0.2161 0.0553 -0.9748
vn -0.2093 0.2522 -0.9448
vn -0.8118 0.2758 0.5147
vn -0.8602 -0.1693 -0.4810
vn -0.3200 0.1315 -0.9383
vn -0.9316 -0.0044 -0.3634
vn 0.5220 -0.7524 -0.4016
vn -0.6070 0.6780 -0.4145
vn -0.7311 0.1188 -0.6719
vn -0.3590 -0.0291 0.9329
vn -0.9378 0.1183 0.3265
vn -0.3364 0.5210 -0.7845
vn -0.8789 -0.0655 -0.4724
vn -0.4544 -0.3443 0.8216
vn -0.3334 -0.1230 0.9347
vn -0.8519 -0.3964 0.3421
vn -0.3741 -0.2249 -0.8997
vn -0.2752 0.2303 0.9334
vn -0.9376 0.1302 0.3225
vn -0.2164 -0.0016 -0.9763
vn -0.2796 0.2215 -0.9342
vn -0.9110 0.2639 0.3170
vn -0.1609 -0.1770 0.9710
vn -0.8408 0.2715 -0.4683
vn -0.3874 -0.0428 -0.9209
vn -0.9232 0.0630 0.3790
vn -0.4156 0.0078 0.9095
vn -0.8760 0.0004 -0.4822
vn -0.2320 -0.0922 0.9683
vn -0.9969 -0.0683 0.0396
vn 0.7000 -0.2296 0.6762
vn 0.9110 -0.4045 -0.0800
vn -0.7176 0.0746 -0.6925
vn -0.2755 -0.0314 0.9608
vn 0.8846 -0.0881 0.4580
vn 0.5060 -0.7513 0.4237
vn -0.0583 -0.0252 0.9980
vn -0.9463 0.0334 0.3215
vn -0.2536 -0.2009 -0.9462
vn 0.9803 -0.0991 -0.1711
vn -0.1330 0.0032 0.9911
vn -0.9321 -0.2318 0.2784
vn -0.1381 -0.2070 -0.9686
vn -0.4323 -0.5070 -0.7457
vn -0.2081 0.1731 0.9627
vn -0.7892 0.2492 -0.5614
vn -0.9599 -0.2802 0.0017
vn -0.9606 -0.2736 0.0498
vn -0.7523 0.3664 0.5476
vn -0.1845 -0.3581 -0.9153
vn -0.4901 0.0223 0.8714
vn -0.7583 0.2974 -0.5801
vn 0.7234 -0.4253 -0.5440
vn 0.7293 -0.4663 0.5007
vn -0.8715 0.1027 0.4796
vn -0.8120 0.3932 0.4313
vn 0.7749 -0.5431 0.3235
vn 0.7815 -0.5479 -0.2984
vn -0.7651 0.1495 -0.6264
vn -0.2594 -0.0218 0.9655
vn -0.1448 -0.1067 -0.9837
vn -0.2808 0.9257 0.2533
vn -0.3154 0.4934 0.8106
vn -0.5153 0.8523 -0.0900
vn -0.4474 0.4629 -0.7652
vn -0.0121 0.0363 -0.9993
vn -0.3788 -0.0845 0.9216
vn -0.7136 0.1556 -0.6830
vn 0.7651 -0.3613 -0.5331
vn 0.8481 -0.4247 0.3169
vn -0.7924 0.2463 0.5581
vn -0.2563 0.2658 -0.9293
vn -0.0420 0.0723 0.9965
vn -0.5252 0.2009 -0.8269
vn 0.8061 -0.2332 -0.5439
vn 0.9097 -0.2648 0.3199
vn -0.7501 0.4089 0.5198
vn 0.8778 -0.0338 0.4778
vn -0.7956 0.0329 -0.6049
vn -0.3521 -0.0419 -0.9350
vn -0.8355 -0.1277 0.5344
vn -0.0651 -0.1153 0.9912
vn 0.9358 -0.0726 -0.3449
vn -0.8871 0.0346 -0.4602
vn -0.2740 0.0087 -0.9617
vn -0.9090 0.0500 0.4138
vn -0.0943 -0.0833 0.9921
vn 0.9015 -0.0180 -0.4323
vn -0.8622 0.0855 -0.4993
vn -0.0482 0.1654 -0.9850
vn -0.7651 -0.0055 0.6439
vn -0.0620 -0.1818 0.9814
vn 0.9501 0.2655 -0.1640
vn 0.7054 -0.0729 0.7050
vn -0.8769 -0.1709 -0.4493
vn 0.7913 -0.0174 0.6112
vn 0.9167 0.0198 -0.3991
vn -0.0415 -0.0874 0.9953
vn -0.8700 -0.0188 0.4928
vn -0.1956 -0.0540 -0.9792
vn -0.8899 0.0179 -0.4558
vn 0.8657 -0.0846 0.4933
vn 0.2798 -0.3041 -0.9106
vn -0.9043 -0.3422 -0.2553
vn 0.1286 0.3794 -0.9163
vn -0.7362 0.3012 -0.6060
vn 0.8680 0.2459 -0.4314
vn -0.4456 0.8739 0.1943
vn 0.0265 -0.9996 -0.0132
vn -0.7837 -0.4847 0.3884
vn 0.2617 0.0727 0.9624
vn -0.4743 -0.3542 0.8060
vn -0.0406 -0.9990 -0.0173
vn 0.0605 0.9507 0.3040
vn -0.2993 0.9203 0.2518
vn 0.0074 -0.9999 -0.0130
vn 0.9575 0.2127 0.1947
vn 0.0284 -0.9785 -0.2045
vn -0.0100 -0.9973 0.0730
vn 0.9938 0.0738 0.0830
vn 0.0343 -0.9932 -0.1110
vn -0.3724 0.7715 0.5159
vn 0.4149 0.7363 0.5345
vn -0.0308 -0.9923 -0.1196
vn 0.1126 -0.9894 -0.0920
vn -0.8356 0.5132 0.1960
vn -0.9579 0.2674 -0.1049
vn -0.9533 0.2288 -0.1971
vn -0.9409 0.2936 0.1689
vn -0.0562 -0.9938 0.0955
vn 0.0083 -0.9947 0.1029
vn 0.7590 0.2617 0.5961
vn -0.2241 0.4331 0.8731
vn -0.0222 -0.9943 0.1046
vn 0.9785 0.1951 0.0669
vn 0.8672 -0.3238 -0.3782
vn 0.9398 -0.0052 -0.3416
vn -0.2040 -0.1082 -0.9730
vn 0.8883 -0.4379 -0.1383
vn 0.9740 -0.0505 -0.2208
vn -0.9504 -0.0746 0.3020
vn -0.9480 -0.2042 0.2441
vn 0.9754 -0.0755 -0.2071
vn -0.2850 -0.1623 -0.9447
vn 0.9889 -0.1157 -0.0930
vn -0.9962 -0.0509 0.0710
vn -0.0160 -0.9637 0.2664
vn 0.2024 0.4958 0.8446
vn -0.8080 -0.0586 0.5863
vn -0.2377 -0.9713 -0.0118
vn 0.2561 0.0021 0.9666
vn 0.0755 -0.0445 0.9962
vn -0.3205 0.1061 -0.9413
vn 0.9646 -0.2401 -0.1086
vn 0.9097 0.4153 -0.0037
vn 0.9024 -0.3119 -0.2973
vn 0.7511 0.3461 -0.5622
vn -0.9882 0.0507 0.1447
vn -0.9793 0.1897 0.0711
vn -0.9101 0.0372 0.4127
vn -0.9271 0.3128 0.2065
vn -0.9943 -0.0610 -0.0878
vn -0.9800 0.0203 0.1981
vn 0.3394 -0.0527 0.9392
vn 0.9873 0.0115 -0.1585
vn 0.1626 -0.9706 0.1776
vn 0.1147 -0.2321 0.9659
vn -0.9451 -0.0721 0.3188
vn -0.9990 -0.0406 -0.0203
vn -0.9981 0.0535 0.0301
vn -0.9713 0.1954 -0.1355
vn 0.9921 -0.1249 0.0058
vn -0.2120 -0.0453 -0.9762
vn 0.9695 -0.0038 -0.2449
vn 0.9837 -0.1476 -0.1029
vn 0.9694 0.0237 -0.2445
vn -0.9605 -0.0680 0.2699
vn 0.3309 -0.0813 -0.9402
vn 0.9293 -0.1968 -0.3124
vn -0.9925 0.0279 -0.1192
vn 0.1166 -0.7693 -0.6281
vn 0.4632 -0.4697 -0.7516
vn -0.2691 0.2926 -0.9176
vn -0.8836 0.4536 0.1165
vn -0.4368 0.8957 0.0831
vn -0.4360 0.8723 -0.2213
vn -0.4335 0.2458 0.8670
vn -0.9793 -0.0493 0.1962
vn -0.7852 -0.4393 -0.4365
vn -0.9912 0.1021 -0.0839
vn -0.2487 -0.4679 -0.8481
vn -0.9277 -0.2385 -0.2872
vn -0.4763 0.0235 0.8790
vn -0.4288 -0.8968 0.1093
vn -0.4902 -0.1808 0.8526
vn -0.8903 -0.3976 0.2218
vn -0.4860 -0.1325 0.8639
vn -0.3173 0.4671 0.8253
vn -0.5086 0.7328 0.4520
vn 0.1874 0.7613 0.6208
vn -0.3608 0.9326 0.0126
vn -0.1834 0.9642 -0.1916
vn -0.9028 -0.1770 -0.3920
vn -0.1797 0.1754 -0.9680
vn -0.6395 0.0808 -0.7645
vn -0.1718 0.6676 -0.7244
vn -0.6001 -0.2045 0.7733
vn -0.4324 -0.5404 -0.7218
vn 0.9810 -0.1939 -0.0032
vn -0.3137 0.2483 0.9165
vn -0.8506 -0.2849 -0.4419
vn -0.1085 -0.3559 -0.9282
vn -0.8104 -0.3679 0.4561
vn -0.1161 -0.1304 0.9847
vn 0.9657 -0.2250 -0.1293
vn 0.7895 -0.2161 0.5745
vn 0.7365 -0.0583 0.6740
vn 0.9846 -0.0745 -0.1579
vn -0.0982 -0.1099 0.9891
vn -0.7792 -0.1811 0.6000
vn -0.0870 -0.1614 -0.9831
vn -0.8522 -0.1743 -0.4933
vn -0.3803 0.6642 -0.6436
vn -0.7569 0.6438 -0.1121
vn -0.2195 -0.0145 0.9755
vn -0.8241 0.3972 0.4038
vn 0.4082 -0.2463 0.8790
vn -0.4939 -0.1197 0.8612
vn 0.9652 -0.0906 0.2452
vn 0.5190 0.0532 0.8531
vn -0.5310 0.0142 0.8472
vn 0.8053 0.2518 0.5367
vn -0.8118 -0.4095 0.4163
vn -0.7650 -0.3798 -0.5201
vn 0.7453 0.3265 -0.5813
vn 0.4546 -0.0689 0.8880
vn -0.0034 -0.0070 -1.0000
vn 0.7163 0.4089 0.5654
vn 0.9525 -0.2547 0.1669
vn 0.0743 -0.7519 -0.6551
vn 0.7084 0.4334 -0.5571
vn 0.6768 0.0022 0.7362
vn 0.4354 -0.0945 -0.8953
vn -0.7359 0.3419 0.5844
vn -0.9525 -0.2547 0.1669
vn -0.9335 -0.3004 -0.1957
vn -0.8044 0.2713 -0.5286
vn -0.3112 0.1944 0.9303
vn -0.5864 -0.3395 -0.7355
vn -0.8053 0.2518 0.5367
vn 0.8118 -0.4095 0.4163
vn -0.7583 0.1660 -0.6304
vn -0.4546 -0.0689 0.8880
vn 0.0049 0.0276 -0.9996
vn 0.4332 -0.0081 -0.9013
vn 0.0937 -0.0570 0.9940
vn 0.5779 0.0088 -0.8160
vn -0.7725 -0.3384 -0.5374
vn -0.7336 -0.2490 0.6324
vn 0.8380 0.1581 0.5222
vn 0.2220 -0.2939 -0.9297
vn -0.2564 -0.0368 0.9659
vn -0.7039 0.0702 -0.7068
vn 0.9011 -0.4076 -0.1478
vn 0.7344 -0.2495 0.6312
vn -0.9263 0.1310 0.3533
vn -0.9874 -0.1207 -0.1024
vn -0.9896 -0.1218 -0.0769
vn -0.2709 -0.0492 0.9614
vn 0.9755 0.0188 0.2191
vn 0.9977 0.0040 -0.0680
vn -0.9293 -0.1978 -0.3119
vn -0.0285 -0.0811 -0.9963
vn -0.9563 -0.2920 -0.0146
vn 0.9712 -0.1402 0.1926
vn -0.2482 -0.2220 0.9429
vn -0.9936 0.0050 -0.1125
vn 0.9897 -0.1219 -0.0746
vn 0.2725 -0.0493 0.9609
vn -0.9756 0.0189 0.2186
vn -0.9967 -0.0598 -0.0546
vn 0.0492 -0.0814 -0.9955
vn 0.9924 0.0065 -0.1228
vn -0.9666 -0.0661 0.2476
vn 0.2403 -0.2227 0.9448
vn 0.9933 0.0054 -0.1154
vn 0.9992 0.0034 -0.0401
vn 0.9718 0.0177 0.2350
vn -0.9827 -0.1187 -0.1424
vn -0.9980 -0.0587 -0.0231
vn -0.9719 0.0177 0.2347
vn 0.1914 -0.0450 0.9805
vn -0.9512 -0.0043 0.3086
vn 0.9828 -0.1188 -0.1412
vn 0.9807 -0.1455 -0.1304
vn 0.8887 0.0180 -0.4581
vn 0.2587 0.0297 -0.9655
vn 0.8953 -0.0590 0.4416
vn -0.8396 -0.0147 0.5431
vn -0.2573 -0.0628 -0.9643
vn -0.8869 -0.0176 0.4616
vn 0.8396 -0.0147 0.5431
vn -0.9900 0.0494 0.1322
vn -0.0042 -0.9999 -0.0144
vn -0.3409 0.9178 0.2035
vn -0.0340 -0.9994 -0.0102
vn 0.7056 0.7019 0.0969
vn 0.9539 0.2431 -0.1757
vn -0.9885 0.0732 0.1326
vn 0.3192 0.9147 0.2480
vn -0.2843 0.9382 0.1976
vn 0.6593 0.7426 0.1176
vn 0.9678 0.1635 -0.1912
vn 0.8621 -0.1992 -0.4660
vn 0.9175 -0.1082 0.3826
vn -0.8571 -0.0861 0.5079
vn 0.0992 -0.0466 0.9940
vn -0.8369 -0.5076 0.2050
vn -0.7047 -0.5488 -0.4496
vn 0.8197 -0.1916 -0.5398
vn -0.9023 -0.0862 0.4224
vn -0.9496 -0.1221 -0.2888
vn 0.9339 -0.1170 0.3379
vn 0.2424 -0.1090 -0.9640
vn 0.8655 0.0319 -0.4999
vn -0.0790 -0.0210 0.9967
vn 0.5345 -0.7622 0.3652
vn 0.4188 -0.7542 -0.5058
vn -0.8197 -0.1916 -0.5398
vn 0.9011 -0.0862 0.4250
vn 0.9541 -0.0754 -0.2898
vn -0.2587 -0.0540 -0.9645
vn -0.8631 0.0319 -0.5040
vn -0.8407 -0.0003 -0.5415
vn -0.3562 0.0080 0.9344
vn -0.9283 0.0624 0.3666
vn -0.3772 -0.0401 -0.9253
vn 0.8407 -0.0003 -0.5415
vn 0.4063 0.0753 0.9106
vn 0.9283 0.0624 0.3666
vn 0.3772 -0.0401 -0.9253
vn -0.2737 0.5221 -0.8078
vn -0.8030 0.1265 -0.5823
vn 0.2737 0.5221 -0.8078
vn 0.8030 0.1265 -0.5823
vn -0.8698 -0.1729 -0.4622
vn -0.9087 -0.2275 0.3501
vn 0.8571 -0.0861 0.5079
vn 0.9835 0.0516 0.1733
vn 0.3277 0.8901 0.3167
vn -0.7129 0.6950 0.0935
vn -0.9513 0.2550 -0.1734
vn 0.9816 0.0731 0.1765
vn -0.3206 0.9143 0.2475
vn 0.2855 0.9046 0.3165
vn -0.6716 0.7323 0.1123
vn -0.9647 0.1856 -0.1870
vn -0.9848 -0.0867 0.1505
vn -0.2620 -0.1027 0.9596
vn -0.3635 0.1260 -0.9230
vn 0.9848 -0.0867 0.1505
vn 0.2620 -0.1027 0.9596
vn 0.4554 0.2270 -0.8608
vn 0.4961 0.2214 -0.8396
vn 0.9249 -0.0012 -0.3803
vn 0.3448 -0.1314 0.9294
vn 0.9357 -0.1152 0.3334
vn -0.4591 0.1126 -0.8812
vn -0.3448 -0.1314 0.9294
vn -0.9357 -0.1152 0.3334
vn 0.9343 -0.2402 -0.2634
vn 0.3849 0.1905 0.9031
vn 0.7425 0.5458 -0.3884
vn 0.9650 -0.0682 0.2532
vn 0.2092 0.1827 0.9607
vn 0.2164 0.0011 -0.9763
vn 0.5101 0.8105 0.2881
vn -0.4488 0.8223 -0.3498
vn -0.8715 -0.3936 0.2927
vn -0.3628 0.7277 0.5822
vn -0.1431 -0.0022 -0.9897
vn -0.8691 0.2762 0.4104
vn -0.9848 -0.0716 -0.1585
vn -0.2959 0.1302 0.9463
s 1
f 224//1 688//2 684//3
f 16//4 685//5 15//6
f 603//7 32//8 604//9
f 663//10 256//11 23//12
f 15//13 685//13 679//13
f 663//14 24//15 666//16
f 602//17 35//18 36//19
f 688//20 16//21 14//22
f 8//23 637//24 633//25
f 9//26 635//27 634//28
f 10//29 634//30 637//31
f 234//32 633//33 636//34
f 20//35 683//36 22//37
f 681//38 238//39 253//40
f 683//41 21//42 22//43
f 239//44 680//45 20//46
f 12//47 679//48 687//49
f 511//50 27//51 29//52
f 244//53 682//54 239//55
f 249//56 3//57 223//58
f 19//59 1//60 5//61
f 1//62 248//63 225//64
f 3//65 19//66 5//67
f 254//68 625//69 628//70
f 22//71 626//72 629//73
f 626//74 253//75 627//76
f 20//77 629//78 625//79
f 665//80 260//81 667//82
f 666//83 25//84 665//85
f 507//86 28//87 510//88
f 507//89 26//90 30//91
f 512//92 29//93 7//94
f 508//95 28//96 27//97
f 597//98 39//99 598//100
f 605//101 36//102 33//103
f 606//104 33//105 34//106
f 603//107 34//108 31//109
f 604//110 35//111 601//112
f 595//113 42//114 597//115
f 598//116 40//117 599//118
f 600//119 40//120 37//121
f 596//122 41//123 595//124
f 494//125 48//126 47//127
f 493//128 44//129 45//130
f 491//131 46//132 48//133
f 492//134 47//135 43//136
f 492//137 44//138 489//139
f 493//140 46//141 490//142
f 60//143 54//144 51//145
f 55//146 50//147 59//148
f 57//149 53//150 54//151
f 58//152 51//153 49//154
f 58//155 52//156 55//157
f 59//158 53//159 56//160
f 45//161 56//162 46//163
f 43//164 55//165 44//166
f 43//167 60//168 58//169
f 48//170 56//171 57//172
f 44//173 59//174 45//175
f 47//176 57//177 60//178
f 2//179 62//180 63//181
f 226//182 63//183 300//184
f 4//185 62//186 6//187
f 224//188 61//189 4//190
f 488//191 69//192 66//193
f 483//194 65//195 487//196
f 485//197 68//198 69//199
f 486//200 66//201 64//202
f 486//203 67//204 483//205
f 487//206 68//207 484//208
f 66//209 75//210 72//211
f 67//212 71//213 65//214
f 69//215 74//216 75//217
f 66//218 70//219 64//220
f 64//221 73//222 67//223
f 65//224 74//225 68//226
f 77//227 85//228 78//229
f 610//230 81//231 612//232
f 611//233 81//234 76//235
f 609//236 80//237 610//238
f 608//239 79//240 609//241
f 607//242 76//243 77//244
f 81//245 87//246 83//247
f 76//248 83//249 82//250
f 79//251 87//252 80//253
f 78//254 86//255 79//256
f 77//257 82//258 84//259
f 99//260 93//261 89//262
f 98//263 89//264 88//265
f 97//266 92//267 93//268
f 96//269 91//270 92//271
f 98//272 90//273 94//274
f 94//275 91//276 95//277
f 596//278 37//279 38//280
f 567//281 95//282 568//283
f 567//284 98//285 94//286
f 569//287 95//288 96//289
f 570//290 96//291 97//292
f 571//293 99//294 98//295
f 570//296 99//297 572//298
f 607//299 78//300 608//301
f 509//302 7//303 26//304
f 592//305 113//306 587//307
f 41//308 101//309 104//310
f 38//311 100//312 101//313
f 41//314 105//315 42//316
f 588//317 109//318 592//319
f 591//320 113//321 111//322
f 107//323 113//324 109//325
f 108//326 110//327 106//328
f 106//329 111//330 107//331
f 589//332 112//333 593//334
f 594//335 108//336 106//337
f 594//338 107//339 588//340
f 589//341 111//342 110//343
f 590//344 112//345 108//346
f 100//347 104//348 101//349
f 102//350 100//351 103//352
f 124//353 120//354 129//355
f 128//356 114//357 118//358
f 127//359 121//360 116//361
f 125//362 120//363 121//364
f 128//365 119//366 124//367
f 122//368 115//369 114//370
f 127//371 117//372 123//373
f 123//374 115//375 126//376
f 100//377 123//378 126//379
f 37//380 127//381 123//382
f 103//383 126//384 122//385
f 102//386 124//387 105//388
f 39//389 129//390 125//391
f 40//392 125//393 127//394
f 103//395 128//396 102//397
f 105//398 129//399 42//400
f 152//401 154//402 153//403
f 26//404 153//405 30//406
f 132//407 169//408 139//409
f 154//410 136//411 155//412
f 132//413 138//414 151//415
f 131//416 137//417 135//418
f 158//419 150//420 137//421
f 151//422 134//423 154//424
f 146//425 142//426 141//427
f 146//428 140//429 147//430
f 144//431 143//432 142//433
f 142//434 140//435 141//436
f 149//437 147//438 145//439
f 144//440 149//441 145//442
f 155//443 144//444 146//445
f 145//446 140//447 143//448
f 149//449 28//449 156//449
f 148//450 136//451 150//452
f 133//453 168//454 132//455
f 7//456 167//456 133//456
f 153//457 155//458 156//459
f 28//460 153//461 156//462
f 152//463 132//464 151//465
f 7//466 152//467 26//468
f 130//469 158//470 131//471
f 29//472 157//473 130//474
f 157//475 148//476 158//477
f 27//478 149//479 157//480
f 523//481 173//482 524//483
f 162//484 519//485 522//486
f 160//487 522//488 521//489
f 527//490 164//491 528//492
f 163//493 166//494 164//495
f 528//496 166//497 530//498
f 529//499 166//500 165//501
f 519//502 170//503 523//504
f 169//505 131//506 135//507
f 168//508 130//509 131//510
f 167//511 29//512 130//513
f 171//514 520//515 526//516
f 524//517 172//518 525//519
f 172//520 526//521 525//522
f 520//523 160//524 521//525
f 527//526 175//527 163//528
f 529//529 174//530 532//531
f 533//532 176//533 534//534
f 531//535 176//536 175//537
f 532//538 177//539 533//540
f 163//541 174//542 165//543
f 175//544 177//545 174//546
f 425//547 179//548 180//549
f 183//550 178//551 182//552
f 422//553 178//554 181//555
f 179//556 422//557 181//558
f 178//559 423//560 182//561
f 183//562 184//563 188//564
f 23//565 194//566 24//567
f 180//568 181//569 183//570
f 425//571 23//572 256//573
f 24//574 187//575 25//576
f 201//577 479//578 480//579
f 260//580 186//581 429//582
f 188//583 24//583 183//583
f 188//584 184//585 480//586
f 474//587 429//588 186//589
f 187//590 186//591 25//592
f 423//593 184//594 182//595
f 434//596 202//596 437//596
f 189//597 471//598 185//599
f 202//600 435//601 437//602
f 216//603 191//604 218//605
f 218//606 442//607 467//608
f 217//609 192//610 216//611
f 217//612 439//613 190//614
f 193//615 195//616 194//617
f 180//618 195//618 196//618
f 195//619 200//620 194//621
f 23//622 196//622 193//622
f 198//623 199//624 197//625
f 183//626 199//627 195//628
f 183//629 198//630 197//631
f 194//632 198//633 24//634
f 202//635 479//635 203//635
f 156//636 146//637 147//638
f 201//639 435//640 203//641
f 202//642 434//642 189//642
f 201//643 423//643 430//643
f 215//644 207//645 209//646
f 215//647 208//648 214//649
f 213//650 206//651 207//652
f 211//653 206//654 212//655
f 214//656 204//657 210//658
f 210//659 205//660 211//661
f 90//662 211//663 91//664
f 88//665 210//666 90//667
f 92//668 211//669 212//670
f 93//671 212//672 213//673
f 88//674 215//675 214//676
f 93//677 215//678 89//679
f 61//680 469//681 217//682
f 62//683 217//684 216//685
f 63//686 467//687 300//688
f 63//689 216//690 218//691
f 698//692 222//693 224//694
f 245//695 693//696 690//697
f 267//698 615//699 616//700
f 668//701 256//702 664//703
f 242//704 694//704 693//704
f 258//705 668//706 670//707
f 614//708 270//709 613//710
f 245//711 696//712 241//713
f 640//714 231//715 638//716
f 635//717 232//718 639//719
f 639//720 235//721 640//722
f 638//723 234//724 636//725
f 251//726 689//727 697//728
f 253//729 695//730 692//731
f 252//732 689//733 255//734
f 251//735 691//736 239//737
f 237//738 694//739 242//740
f 517//741 262//742 514//743
f 691//744 244//745 239//746
f 221//747 249//748 223//749
f 219//750 250//751 227//752
f 219//753 248//754 247//755
f 221//756 250//757 246//758
f 630//759 254//760 628//761
f 631//762 255//763 632//764
f 631//765 253//766 252//767
f 632//768 251//769 630//770
f 260//771 669//772 667//773
f 259//774 670//775 669//776
f 263//777 513//778 516//779
f 513//780 261//781 515//782
f 518//783 264//784 517//785
f 514//786 263//787 516//788
f 274//789 643//790 644//791
f 617//792 271//793 614//794
f 618//795 268//796 617//797
f 615//798 269//799 618//800
f 270//801 616//802 613//803
f 277//804 641//805 643//806
f 275//807 644//808 645//809
f 646//810 275//811 645//812
f 276//813 642//814 641//815
f 500//816 283//817 497//818
f 499//819 279//820 495//821
f 497//822 281//823 496//824
f 498//825 282//826 500//827
f 279//828 498//829 495//830
f 281//831 499//832 496//833
f 295//834 289//835 292//836
f 285//837 290//838 294//839
f 292//840 288//841 291//842
f 293//843 286//844 295//845
f 287//846 293//847 290//848
f 288//849 294//850 291//851
f 291//852 280//853 281//854
f 290//855 278//856 279//857
f 278//858 295//859 282//860
f 283//861 291//862 281//863
f 294//864 279//865 280//866
f 282//867 292//868 283//869
f 220//870 297//871 228//872
f 226//873 299//874 220//875
f 297//876 222//877 228//878
f 296//879 224//880 222//881
f 506//882 306//883 503//884
f 302//885 501//886 505//887
f 503//888 305//889 502//890
f 504//891 303//892 506//893
f 304//894 504//895 501//896
f 305//897 505//898 502//899
f 303//900 312//901 306//902
f 308//903 304//904 302//905
f 306//906 311//907 305//908
f 307//909 303//910 301//911
f 310//912 301//913 304//914
f 311//915 302//916 305//917
f 322//918 314//919 315//920
f 318//921 622//922 624//923
f 623//924 318//925 624//926
f 317//927 621//928 622//929
f 316//930 620//931 621//932
f 619//933 313//934 623//935
f 318//936 324//937 317//938
f 313//939 320//940 318//941
f 324//942 316//943 317//944
f 323//945 315//946 316//947
f 314//948 319//949 313//950
f 336//951 330//952 334//953
f 335//954 326//955 336//956
f 334//957 329//958 333//959
f 333//960 328//961 332//962
f 327//963 335//964 331//965
f 328//966 331//967 332//968
f 642//969 272//970 646//971
f 332//972 573//973 574//974
f 573//975 335//976 577//977
f 575//978 332//979 574//980
f 576//981 333//982 575//983
f 577//984 336//985 578//986
f 336//987 576//988 578//989
f 315//990 619//991 620//992
f 515//993 229//994 518//995
f 350//996 660//997 655//998
f 276//999 338//1000 273//1001
f 273//1002 337//1003 272//1004
f 342//1005 276//1006 277//1007
f 346//1008 656//1009 660//1010
f 659//1011 350//1012 655//1013
f 350//1014 344//1015 346//1016
f 347//1017 345//1018 343//1019
f 348//1020 343//1021 344//1022
f 349//1023 657//1024 661//1025
f 662//1026 345//1027 658//1028
f 344//1029 662//1030 656//1031
f 657//1032 348//1033 659//1034
f 658//1035 349//1036 661//1037
f 337//1038 341//1039 342//1040
f 339//1041 337//1042 342//1043
f 357//1044 361//1045 366//1046
f 365//1047 351//1048 359//1049
f 364//1050 358//1051 362//1052
f 362//1053 357//1054 366//1055
f 356//1056 365//1057 361//1058
f 359//1059 352//1060 363//1061
f 354//1062 364//1063 360//1064
f 352//1065 360//1066 363//1067
f 337//1068 360//1069 272//1070
f 272//1071 364//1072 275//1073
f 340//1074 363//1075 337//1076
f 361//1077 339//1078 342//1079
f 274//1080 366//1081 277//1082
f 275//1083 362//1084 274//1085
f 365//1086 340//1087 339//1088
f 366//1089 342//1090 277//1091
f 391//1092 389//1093 390//1094
f 390//1095 261//1096 265//1097
f 369//1098 406//1099 405//1100
f 373//1101 391//1102 392//1103
f 375//1104 369//1105 388//1106
f 368//1107 374//1108 395//1109
f 395//1110 387//1111 385//1112
f 371//1113 388//1114 391//1115
f 383//1116 379//1117 381//1118
f 377//1119 383//1120 384//1121
f 381//1122 380//1123 382//1124
f 379//1125 377//1126 380//1127
f 386//1128 384//1129 393//1130
f 386//1131 381//1132 382//1133
f 392//1134 381//1135 385//1136
f 382//1137 377//1138 384//1139
f 386//1140 393//1140 263//1140
f 373//1141 385//1142 387//1143
f 370//1144 405//1145 404//1146
f 229//1147 370//1147 404//1147
f 392//1148 390//1149 393//1150
f 263//1151 390//1152 265//1153
f 389//1154 369//1155 370//1156
f 389//1157 229//1158 261//1159
f 367//1160 395//1161 394//1162
f 264//1163 394//1164 262//1165
f 394//1166 385//1167 386//1168
f 262//1169 386//1170 263//1171
f 539//1172 410//1173 407//1174
f 535//1175 399//1176 538//1177
f 538//1178 397//1179 537//1180
f 401//1181 543//1182 544//1183
f 403//1184 400//1185 401//1186
f 403//1187 544//1188 546//1189
f 545//1190 403//1191 546//1192
f 535//1193 407//1194 398//1195
f 406//1196 368//1197 405//1198
f 405//1199 367//1200 404//1201
f 404//1202 264//1203 229//1204
f 536//1205 408//1206 542//1207
f 540//1208 409//1209 410//1210
f 542//1211 409//1212 541//1213
f 536//1214 397//1215 396//1216
f 543//1217 412//1218 547//1219
f 411//1220 545//1221 548//1222
f 413//1223 549//1224 550//1225
f 547//1226 413//1227 550//1228
f 414//1229 548//1230 549//1231
f 411//1232 400//1233 402//1234
f 414//1235 412//1236 411//1237
f 425//1238 416//1239 417//1240
f 424//1241 415//1242 419//1243
f 415//1244 422//1245 419//1246
f 416//1247 422//1248 417//1249
f 423//1250 415//1251 420//1252
f 424//1253 426//1254 420//1255
f 444//1256 257//1257 258//1258
f 418//1259 419//1260 416//1261
f 257//1262 425//1263 256//1264
f 258//1265 432//1266 433//1267
f 481//1268 453//1269 451//1270
f 260//1271 428//1272 259//1273
f 433//1274 424//1274 258//1274
f 433//1275 481//1276 426//1277
f 429//1278 477//1279 428//1280
f 428//1281 432//1282 259//1283
f 426//1284 423//1285 420//1286
f 434//1287 437//1287 452//1287
f 476//1288 436//1288 427//1288
f 435//1289 452//1290 437//1291
f 440//1292 466//1293 470//1294
f 442//1295 470//1296 467//1297
f 441//1298 468//1299 466//1300
f 468//1301 439//1302 469//1303
f 443//1304 445//1305 446//1306
f 418//1307 445//1307 424//1307
f 450//1308 445//1309 444//1310
f 257//1311 446//1311 418//1311
f 449//1312 448//1313 447//1314
f 449//1315 424//1316 445//1317
f 424//1318 448//1319 258//1320
f 448//1321 444//1322 258//1323
f 482//1324 452//1324 453//1324
f 393//1325 383//1326 392//1327
f 435//1328 451//1329 453//1330
f 452//1331 436//1331 434//1331
f 451//1332 430//1332 423//1332
f 465//1333 457//1334 463//1335
f 458//1336 465//1337 464//1338
f 463//1339 456//1340 462//1341
f 456//1342 461//1343 462//1344
f 454//1345 464//1346 460//1347
f 455//1348 460//1349 461//1350
f 461//1351 327//1352 328//1353
f 460//1354 325//1355 327//1356
f 329//1357 461//1358 328//1359
f 330//1360 462//1361 329//1362
f 325//1363 465//1364 326//1365
f 465//1366 330//1367 326//1368
f 296//1369 469//1370 298//1371
f 297//1372 468//1373 296//1374
f 467//1375 299//1376 300//1377
f 299//1378 466//1379 297//1380
f 474//1381 431//1382 473//1383
f 475//1384 431//1385 471//1386
f 477//1387 431//1388 476//1389
f 478//1390 431//1391 472//1392
f 475//1393 434//1394 472//1395
f 186//1396 471//1396 474//1396
f 476//1397 428//1398 477//1399
f 478//1400 434//1401 436//1402
f 480//586 187//1403 188//584
f 480//1404 189//1405 185//1406
f 481//1276 432//1407 427//1408
f 481//1409 436//1410 482//1411
f 50//1412 484//1413 53//1414
f 49//1415 483//1416 52//1417
f 49//1418 488//1419 486//200
f 54//1420 484//1421 485//1422
f 52//1423 487//1424 50//1425
f 51//1426 485//1427 488//1428
f 15//1429 490//1430 16//1431
f 13//1432 489//1433 12//1434
f 13//1435 494//1436 492//1437
f 16//1438 491//1439 14//1440
f 15//1441 489//1442 493//1443
f 11//1444 491//1445 494//1446
f 496//1447 242//1448 245//1449
f 495//1450 240//1451 237//1452
f 240//1453 500//1454 236//1455
f 241//1456 496//1457 245//1458
f 242//1459 495//1460 237//1461
f 236//1462 497//1463 241//1464
f 502//1465 285//1466 288//1467
f 501//1468 284//1469 287//1470
f 284//1471 506//893 286//1472
f 289//1473 502//1474 288//1475
f 505//1476 287//1477 285//1478
f 286//1479 503//1480 289//1481
f 72//1482 512//1483 509//1484
f 71//1485 510//1486 508//1487
f 75//1488 511//1489 512//1490
f 70//1491 509//1492 507//1493
f 70//1494 510//1495 73//1496
f 74//1497 508//1498 511//1499
f 309//1500 518//1501 312//1502
f 308//1503 516//1504 310//1505
f 312//1506 517//1507 311//1508
f 307//1509 515//1510 309//1511
f 516//1512 307//1513 310//1514
f 311//1515 514//1516 308//1517
f 551//1518 521//1519 557//1520
f 525//522 555//1521 554//1522
f 524//517 554//1523 558//1524
f 526//1525 551//1526 555//1527
f 556//1528 523//504 553//1529
f 521//1530 552//1531 557//1532
f 522//1533 556//1534 552//1535
f 553//1536 524//1537 558//1538
f 170//1539 533//540 173//1540
f 171//1541 534//1542 531//535
f 173//1543 534//1544 172//1545
f 161//1546 532//531 170//1547
f 159//1548 531//1549 527//1550
f 161//1551 530//1552 529//1553
f 160//1554 530//1555 162//1556
f 159//1557 528//1558 160//1559
f 559//1560 537//1561 536//1562
f 563//1563 541//1213 562//1564
f 562//1565 540//1208 566//1566
f 559//1567 542//1568 563//1569
f 564//1570 539//1571 535//1193
f 560//1572 537//1573 565//1574
f 564//1575 538//1576 560//1577
f 561//1578 540//1579 539//1580
f 549//1231 407//1581 410//1582
f 408//1583 550//1228 409//1584
f 550//1585 410//1586 409//1587
f 548//1222 398//1588 407//1589
f 396//1590 547//1591 408//1592
f 398//1593 546//1594 399//1595
f 546//1596 397//1597 399//1598
f 544//1599 396//1600 397//1601
f 135//1602 558//1603 169//1604
f 552//1605 137//1606 150//1607
f 136//1608 552//1609 150//1610
f 137//1611 553//1529 135//1612
f 555//1613 134//1614 138//1615
f 558//1524 139//1616 169//1617
f 554//1522 138//1618 139//1619
f 134//1620 557//1520 136//1621
f 372//1622 566//1623 561//1624
f 374//1625 560//1626 387//1627
f 373//1628 560//1629 565//1574
f 374//1630 561//1631 564//1570
f 371//1632 563//1633 375//1634
f 376//1635 566//1566 406//1636
f 375//1637 562//1564 376//1638
f 371//1639 565//1640 559//1560
f 83//1641 570//296 572//298
f 82//1642 572//1643 571//1644
f 87//1645 569//1646 570//1647
f 85//1648 569//1649 86//1650
f 82//1651 567//1652 84//1653
f 84//1654 568//1655 85//1656
f 320//1657 576//988 324//1658
f 319//1659 578//1660 320//1661
f 324//1662 575//1663 323//1664
f 575//1665 322//1666 323//1667
f 573//1668 319//1669 321//1670
f 574//1671 321//1672 322//1673
f 120//1674 585//1675 582//1676
f 118//1677 583//1678 581//1679
f 121//1680 580//1681 116//1682
f 121//1683 582//1684 586//1685
f 118//1686 585//1687 119//1688
f 114//1689 579//1690 583//1691
f 116//1692 584//1693 117//1694
f 117//1695 579//1696 115//1697
f 582//1698 593//1699 590//1700
f 581//1679 591//1701 589//341
f 586//1702 588//1703 580//1681
f 586//1704 590//1705 594//1706
f 581//1707 593//334 585//1687
f 583//1691 587//1708 591//320
f 580//1709 592//1710 584//1711
f 584//1712 587//1713 579//1714
f 209//1715 600//1716 596//1717
f 209//1718 595//124 208//1719
f 207//1720 599//1721 600//1722
f 205//1723 599//118 206//1724
f 208//1725 597//115 204//1726
f 204//1727 598//1728 205//1729
f 3//1730 601//112 223//1731
f 1//1732 603//107 5//1733
f 1//1734 605//1735 606//1736
f 225//1737 602//1738 605//1739
f 230//1740 601//1741 602//1742
f 5//1743 604//1744 3//1745
f 36//1746 608//1747 33//1748
f 36//1749 611//1750 607//1751
f 33//1752 609//241 34//1753
f 31//1754 609//1755 610//238
f 35//1756 612//1757 611//1758
f 31//1759 612//1760 32//1761
f 613//803 221//1762 223//1763
f 615//798 219//1764 227//1765
f 219//1766 617//1767 225//1768
f 225//1769 614//1770 230//1771
f 230//1772 613//1773 223//1774
f 616//1775 227//1776 221//1777
f 620//1778 271//1779 268//1780
f 271//1781 623//1782 270//1783
f 621//932 268//1784 269//1785
f 266//1786 621//1787 269//1788
f 270//1789 624//1790 267//1791
f 624//1792 266//1793 267//1794
f 235//1795 630//1796 231//1797
f 232//1798 627//1799 631//1800
f 232//1801 632//1802 235//1803
f 231//1804 628//1805 234//1806
f 625//1807 10//1808 8//1809
f 9//1810 627//1811 233//1812
f 629//1813 9//1814 10//1815
f 628//1816 8//1817 234//1818
f 246//1819 636//1820 249//1821
f 247//1822 640//722 250//1823
f 248//1824 639//719 247//1825
f 250//1826 638//1827 246//1828
f 636//1829 17//1830 249//1831
f 637//31 18//1832 19//1833
f 634//28 248//1834 18//1835
f 633//1836 19//1837 17//1838
f 459//1839 646//1840 457//1841
f 641//815 459//1842 458//1843
f 457//1844 645//1845 456//1846
f 645//809 455//1847 456//1848
f 643//806 458//1849 454//1850
f 644//1851 454//1852 455//1853
f 357//1854 653//1855 356//1856
f 355//1857 651//1858 351//1859
f 648//1860 358//1861 353//1862
f 358//1863 650//1864 357//1865
f 653//1866 355//1867 356//1868
f 351//1869 647//1870 352//1871
f 652//1872 353//1873 354//1874
f 647//1875 354//1876 352//1877
f 650//1878 661//1879 653//1880
f 649//1881 659//1034 651//1858
f 656//1882 654//1883 648//1860
f 654//1884 658//1885 650//1886
f 661//1025 649//1887 653//1866
f 651//1888 655//1013 647//1870
f 660//1889 648//1890 652//1891
f 655//1892 652//1893 647//1894
f 669//1895 673//1896 678//1897
f 667//1898 678//1899 672//1900
f 670//707 677//1901 673//1902
f 677//1903 664//1904 675//1905
f 671//1906 665//1907 676//1908
f 676//1909 667//1910 672//1911
f 674//1912 666//16 671//1913
f 674//1914 664//1915 663//1916
f 190//1917 675//1918 674//1919
f 192//1920 674//1912 671//1913
f 191//1921 672//1922 442//1923
f 192//1924 676//1925 191//1926
f 438//1927 675//1928 439//1929
f 441//1930 677//1901 438//1931
f 672//1932 440//1933 442//1934
f 678//1935 441//1936 440//1937
f 680//1938 13//1939 683//1940
f 687//1941 243//1942 238//1943
f 687//1944 681//1944 12//1944
f 684//1945 688//1945 14//1945
f 688//1946 6//1947 686//1948
f 681//1949 13//1950 12//1951
f 685//1952 226//1953 243//1954
f 684//1955 11//1956 682//1957
f 680//45 682//45 11//45
f 686//1958 2//1959 685//1960
f 692//1961 695//1961 237//1961
f 696//1962 698//1962 241//1962
f 696//1963 228//1964 222//1965
f 692//1966 240//1967 689//1968
f 694//1969 226//1970 220//1971
f 698//1972 236//1973 241//1974
f 691//736 697//736 236//736
f 690//1975 220//1976 228//1977
f 697//1978 240//1979 236//1980
f 695//1981 243//1982 694//1983
f 684//3 244//1984 224//1
f 224//1 4//1985 688//2
f 16//4 686//1986 685//5
f 603//7 31//1987 32//8
f 663//10 664//1988 256//11
f 663//14 23//1989 24//15
f 602//17 601//1990 35//18
f 688//20 686//1991 16//21
f 8//23 10//1992 637//24
f 9//26 233//1993 635//27
f 10//29 9//1994 634//30
f 234//32 8//1995 633//33
f 20//35 680//1996 683//36
f 253//40 21//1997 681//38
f 681//38 687//1944 238//39
f 683//41 681//1998 21//42
f 20//46 254//1999 239//44
f 239//44 682//45 680//45
f 12//47 15//2000 679//48
f 511//50 508//2001 27//51
f 244//53 684//2002 682//54
f 249//56 17//2003 3//57
f 19//59 18//2004 1//60
f 1//62 18//2005 248//63
f 3//65 17//2006 19//66
f 254//68 20//2007 625//69
f 22//71 21//2008 626//72
f 626//74 21//2009 253//75
f 20//77 22//2010 629//78
f 665//80 25//2011 260//81
f 666//83 24//2012 25//84
f 507//86 30//2013 28//87
f 507//89 509//2014 26//90
f 512//92 511//2015 29//93
f 508//95 510//2016 28//96
f 597//98 42//2017 39//99
f 605//101 602//2018 36//102
f 606//104 605//2019 33//105
f 603//107 606//2020 34//108
f 604//110 32//2021 35//111
f 595//113 41//2022 42//114
f 598//116 39//2023 40//117
f 600//119 599//2024 40//120
f 596//122 38//2025 41//123
f 494//125 491//2026 48//126
f 493//128 489//2027 44//129
f 491//131 490//2028 46//132
f 492//134 494//2029 47//135
f 492//137 43//2030 44//138
f 493//140 45//2031 46//141
f 60//143 57//2032 54//144
f 55//146 52//2033 50//147
f 57//149 56//2034 53//150
f 58//152 60//2035 51//153
f 58//155 49//2036 52//156
f 59//158 50//2037 53//159
f 45//161 59//2038 56//162
f 43//164 58//2039 55//165
f 43//167 47//2040 60//168
f 48//170 46//2041 56//171
f 44//173 55//2042 59//174
f 47//176 48//2043 57//177
f 2//179 6//2044 62//180
f 226//182 2//2045 63//183
f 4//185 61//2046 62//186
f 224//188 298//2047 61//189
f 488//191 485//2048 69//192
f 483//194 67//2049 65//195
f 485//197 484//2050 68//198
f 486//200 488//1419 66//201
f 486//203 64//2051 67//204
f 487//206 65//2052 68//207
f 66//209 69//2053 75//210
f 67//212 73//2054 71//213
f 69//215 68//2055 74//216
f 66//218 72//2056 70//219
f 64//221 70//2057 73//222
f 65//224 71//2058 74//225
f 77//227 84//2059 85//228
f 610//230 80//2060 81//231
f 611//233 612//2061 81//234
f 609//236 79//2062 80//237
f 608//239 78//2063 79//240
f 607//242 611//2064 76//243
f 81//245 80//2065 87//246
f 76//248 81//2066 83//249
f 79//251 86//2067 87//252
f 78//254 85//2068 86//255
f 77//257 76//2069 82//258
f 99//260 97//2070 93//261
f 98//263 99//2071 89//264
f 97//266 96//2072 92//267
f 96//269 95//2073 91//270
f 98//272 88//2074 90//273
f 94//275 90//2075 91//276
f 596//278 600//2076 37//279
f 567//281 94//2077 95//282
f 567//284 571//2078 98//285
f 569//287 568//2079 95//288
f 570//290 569//2080 96//291
f 571//293 572//2081 99//294
f 570//296 97//2082 99//297
f 607//299 77//2083 78//300
f 509//302 512//2084 7//303
f 592//305 109//2085 113//306
f 41//308 38//2086 101//309
f 38//311 37//2087 100//312
f 41//314 104//2088 105//315
f 588//317 107//2089 109//318
f 591//320 587//1708 113//321
f 107//323 111//2090 113//324
f 108//326 112//2091 110//327
f 106//329 110//2092 111//330
f 589//332 110//2093 112//333
f 594//335 590//2094 108//336
f 594//338 106//2095 107//339
f 589//341 591//1701 111//342
f 590//344 593//2096 112//345
f 100//347 105//2097 104//348
f 102//350 105//2098 100//351
f 124//353 119//2099 120//354
f 128//356 122//2100 114//357
f 127//359 125//2101 121//360
f 125//362 129//2102 120//363
f 128//365 118//2103 119//366
f 122//368 126//2104 115//369
f 127//371 116//2105 117//372
f 123//374 117//2106 115//375
f 100//377 37//2107 123//378
f 37//380 40//2108 127//381
f 103//383 100//2109 126//384
f 102//386 128//2110 124//387
f 39//389 42//2111 129//390
f 40//392 39//2112 125//393
f 103//395 122//2113 128//396
f 105//398 124//2114 129//399
f 152//401 151//2115 154//402
f 26//404 152//2116 153//405
f 132//407 168//2117 169//408
f 154//410 134//2118 136//411
f 132//413 139//2119 138//414
f 131//416 158//2120 137//417
f 158//419 148//2121 150//420
f 151//422 138//2122 134//423
f 146//425 144//2123 142//426
f 146//428 141//2124 140//429
f 144//431 145//2125 143//432
f 142//434 143//2126 140//435
f 149//437 156//2127 147//438
f 144//440 148//2128 149//441
f 155//443 148//2129 144//444
f 145//446 147//2130 140//447
f 148//450 155//2131 136//451
f 133//453 167//2132 168//454
f 153//457 154//2133 155//458
f 28//460 30//2134 153//461
f 152//463 133//2135 132//464
f 7//466 133//2136 152//467
f 130//469 157//2137 158//470
f 29//472 27//2138 157//473
f 157//475 149//2139 148//476
f 27//478 28//2140 149//479
f 523//481 170//2141 173//482
f 162//484 161//2142 519//485
f 160//487 162//2143 522//488
f 527//490 163//2144 164//491
f 163//493 165//2145 166//494
f 528//496 164//2146 166//497
f 529//499 530//2147 166//500
f 519//502 161//2148 170//503
f 169//505 168//2149 131//506
f 168//508 167//2150 130//509
f 167//511 7//2151 29//512
f 171//514 159//2152 520//515
f 524//517 173//2153 172//518
f 172//520 171//2154 526//521
f 520//523 159//2155 160//524
f 527//526 531//2156 175//527
f 529//529 165//2157 174//530
f 533//532 177//2158 176//533
f 531//535 534//1542 176//536
f 532//538 174//2159 177//539
f 163//541 175//2160 174//542
f 175//544 176//2161 177//545
f 425//547 417//2162 179//548
f 183//550 181//2163 178//551
f 422//553 421//2164 178//554
f 179//556 417//2165 422//557
f 178//559 421//2166 423//560
f 183//562 182//2167 184//563
f 23//565 193//2168 194//566
f 180//568 179//2169 181//569
f 425//571 180//2170 23//572
f 24//574 188//2171 187//575
f 480//579 184//2172 201//577
f 201//577 203//2173 479//578
f 260//580 25//2174 186//581
f 474//587 473//1383 429//588
f 187//590 185//2175 186//591
f 423//593 201//2176 184//594
f 189//597 475//2177 471//598
f 202//600 203//2178 435//601
f 216//603 192//2179 191//604
f 218//606 191//2180 442//607
f 217//609 190//2181 192//610
f 217//612 469//2182 439//613
f 193//615 196//2183 195//616
f 180//618 183//618 195//618
f 195//619 199//2184 200//620
f 23//622 180//622 196//622
f 198//623 200//2185 199//624
f 183//626 197//2186 199//627
f 183//629 24//2187 198//630
f 194//632 200//2188 198//633
f 202//635 189//635 479//635
f 156//636 155//2189 146//637
f 201//639 430//2190 435//640
f 215//644 213//2191 207//645
f 215//647 209//2192 208//648
f 213//650 212//2193 206//651
f 211//653 205//2194 206//654
f 214//656 208//2195 204//657
f 210//659 204//2196 205//660
f 90//662 210//2197 211//663
f 88//665 214//2198 210//666
f 92//668 91//2199 211//669
f 93//671 92//2200 212//672
f 88//674 89//2201 215//675
f 93//677 213//2202 215//678
f 61//680 298//2203 469//681
f 62//683 61//2204 217//684
f 63//686 218//2205 467//687
f 63//689 62//2206 216//690
f 224//694 244//2207 698//692
f 698//692 696//2208 222//693
f 245//695 242//2209 693//696
f 267//698 266//2210 615//699
f 668//701 257//2211 256//702
f 258//705 257//2212 668//706
f 614//708 271//2213 270//709
f 245//711 690//2214 696//712
f 640//714 235//2215 231//715
f 635//717 233//2216 232//718
f 639//720 232//2217 235//721
f 638//723 231//2218 234//724
f 251//726 255//2219 689//727
f 692//731 252//2220 253//729
f 253//729 238//2221 695//730
f 252//732 692//2222 689//733
f 239//737 254//2223 251//735
f 251//735 697//736 691//736
f 237//738 695//2224 694//739
f 517//741 264//2225 262//742
f 691//744 698//2226 244//745
f 221//747 246//2227 249//748
f 219//750 247//2228 250//751
f 219//753 225//2229 248//754
f 221//756 227//2230 250//757
f 630//759 251//2231 254//760
f 631//762 252//2232 255//763
f 631//765 627//2233 253//766
f 632//768 255//2234 251//769
f 260//771 259//2235 669//772
f 259//774 258//2236 670//775
f 263//777 265//2237 513//778
f 513//780 265//2238 261//781
f 518//783 229//2239 264//784
f 514//786 262//2240 263//787
f 274//789 277//2241 643//790
f 617//792 268//2242 271//793
f 618//795 269//2243 268//796
f 615//798 266//2244 269//799
f 270//801 267//2245 616//802
f 277//804 276//2246 641//805
f 275//807 274//2247 644//808
f 646//810 272//2248 275//811
f 276//813 273//2249 642//814
f 500//816 282//2250 283//817
f 499//819 280//2251 279//820
f 497//822 283//2252 281//823
f 498//825 278//2253 282//826
f 279//828 278//2254 498//829
f 281//831 280//2255 499//832
f 295//834 286//2256 289//835
f 285//837 287//2257 290//838
f 292//840 289//2258 288//841
f 293//843 284//2259 286//844
f 287//846 284//2260 293//847
f 288//849 285//2261 294//850
f 291//852 294//2262 280//853
f 290//855 293//2263 278//856
f 278//858 293//2264 295//859
f 283//861 292//2265 291//862
f 294//864 290//2266 279//865
f 282//867 295//2267 292//868
f 220//870 299//2268 297//871
f 226//873 300//2269 299//874
f 297//876 296//2270 222//877
f 296//879 298//2271 224//880
f 506//882 303//2272 306//883
f 302//885 304//2273 501//886
f 503//888 306//2274 305//889
f 504//891 301//2275 303//892
f 304//894 301//2276 504//895
f 305//897 302//2277 505//898
f 303//900 309//2278 312//901
f 308//903 310//2279 304//904
f 306//906 312//2280 311//907
f 307//909 309//2281 303//910
f 310//912 307//2282 301//913
f 311//915 308//2283 302//916
f 322//918 321//2284 314//919
f 318//921 317//2285 622//922
f 623//924 313//2286 318//925
f 317//927 316//2287 621//928
f 316//930 315//2288 620//931
f 619//933 314//2289 313//934
f 318//936 320//2290 324//937
f 313//939 319//2291 320//940
f 324//942 323//2292 316//943
f 323//945 322//2293 315//946
f 314//948 321//2294 319//949
f 336//951 326//2295 330//952
f 335//954 325//2296 326//955
f 334//957 330//2297 329//958
f 333//960 329//2298 328//961
f 327//963 325//2299 335//964
f 328//966 327//2300 331//967
f 642//969 273//2301 272//970
f 332//972 331//2302 573//973
f 573//975 331//2303 335//976
f 575//978 333//2304 332//979
f 576//981 334//2305 333//982
f 577//984 335//2306 336//985
f 336//987 334//2307 576//988
f 315//990 314//2308 619//991
f 515//993 261//2309 229//994
f 350//996 346//2310 660//997
f 276//999 341//2311 338//1000
f 273//1002 338//2312 337//1003
f 342//1005 341//2313 276//1006
f 346//1008 344//2314 656//1009
f 659//1011 348//2315 350//1012
f 350//1014 348//2316 344//1015
f 347//1017 349//2317 345//1018
f 348//1020 347//2318 343//1021
f 349//1023 347//2319 657//1024
f 662//1026 343//2320 345//1027
f 344//1029 343//2321 662//1030
f 657//1032 347//2322 348//1033
f 658//1035 345//2323 349//1036
f 337//1038 338//2324 341//1039
f 339//1041 340//2325 337//1042
f 357//1044 356//2326 361//1045
f 365//1047 355//2327 351//1048
f 364//1050 353//2328 358//1051
f 362//1053 358//2329 357//1054
f 356//1056 355//2330 365//1057
f 359//1059 351//2331 352//1060
f 354//1062 353//2332 364//1063
f 352//1065 354//2333 360//1066
f 337//1068 363//2334 360//1069
f 272//1071 360//2335 364//1072
f 340//1074 359//2336 363//1075
f 361//1077 365//2337 339//1078
f 274//1080 362//2338 366//1081
f 275//1083 364//2339 362//1084
f 365//1086 359//2340 340//1087
f 366//1089 361//2341 342//1090
f 391//1092 388//2342 389//1093
f 390//1095 389//2343 261//1096
f 369//1098 376//2344 406//1099
f 373//1101 371//2345 391//1102
f 375//1104 376//2346 369//1105
f 368//1107 372//2347 374//1108
f 395//1110 374//2348 387//1111
f 371//1113 375//2349 388//1114
f 383//1116 378//2350 379//1117
f 377//1119 378//2351 383//1120
f 381//1122 379//2352 380//1123
f 379//1125 378//2353 377//1126
f 386//1128 382//2354 384//1129
f 386//1131 385//2355 381//1132
f 392//1134 383//2356 381//1135
f 382//1137 380//2357 377//1138
f 373//1141 392//2358 385//1142
f 370//1144 369//2359 405//1145
f 392//1148 391//2360 390//1149
f 263//1151 393//2361 390//1152
f 389//1154 388//2362 369//1155
f 389//1157 370//2363 229//1158
f 367//1160 368//2364 395//1161
f 264//1163 367//2365 394//1164
f 394//1166 395//2366 385//1167
f 262//1169 394//2367 386//1170
f 539//1172 540//2368 410//1173
f 535//1175 398//2369 399//1176
f 538//1178 399//2370 397//1179
f 401//1181 400//2371 543//1182
f 403//1184 402//2372 400//1185
f 403//1187 401//2373 544//1188
f 545//1190 402//2374 403//1191
f 535//1193 539//1571 407//1194
f 406//1196 372//2375 368//1197
f 405//1199 368//2376 367//1200
f 404//1202 367//2377 264//1203
f 536//1205 396//2378 408//1206
f 540//1208 541//2379 409//1209
f 542//1211 408//2380 409//1212
f 536//1214 537//2381 397//1215
f 543//1217 400//2382 412//1218
f 411//1220 402//2383 545//1221
f 413//1223 414//2384 549//1224
f 547//1226 412//2385 413//1227
f 414//1229 411//2386 548//1230
f 411//1232 412//2387 400//1233
f 414//1235 413//2388 412//1236
f 425//1238 418//2389 416//1239
f 424//1241 420//2390 415//1242
f 415//1244 421//2391 422//1245
f 416//1247 419//2392 422//1248
f 423//1250 421//2393 415//1251
f 424//1253 433//2394 426//1254
f 444//1256 443//2395 257//1257
f 418//1259 424//2396 419//1260
f 257//1262 418//2397 425//1263
f 258//1265 259//2398 432//1266
f 451//1270 426//2399 481//1268
f 481//1268 482//1411 453//1269
f 260//1271 429//2400 428//1272
f 429//1278 473//2401 477//1279
f 428//1281 427//2402 432//1282
f 426//1284 451//2403 423//1285
f 476//1288 478//1288 436//1288
f 435//1289 453//2404 452//1290
f 440//1292 441//2405 466//1293
f 442//1295 440//2406 470//1296
f 441//1298 438//2407 468//1299
f 468//1301 438//2408 439//1302
f 443//1304 444//2409 445//1305
f 418//1307 446//1307 445//1307
f 450//1308 449//2410 445//1309
f 257//1311 443//1311 446//1311
f 449//1312 450//2411 448//1313
f 449//1315 447//2412 424//1316
f 424//1318 447//2413 448//1319
f 448//1321 450//2414 444//1322
f 482//1324 436//1324 452//1324
f 393//1325 384//2415 383//1326
f 435//1328 430//2416 451//1329
f 465//1333 459//2417 457//1334
f 458//1336 459//2418 465//1337
f 463//1339 457//2419 456//1340
f 456//1342 455//2420 461//1343
f 454//1345 458//2421 464//1346
f 455//1348 454//2422 460//1349
f 461//1351 460//2423 327//1352
f 460//1354 464//2424 325//1355
f 329//1357 462//2425 461//1358
f 330//1360 463//2426 462//1361
f 325//1363 464//2427 465//1364
f 465//1366 463//2428 330//1367
f 296//1369 468//2429 469//1370
f 297//1372 466//2430 468//1373
f 467//1375 470//2431 299//1376
f 299//1378 470//2432 466//1379
f 474//1381 471//1396 431//1382
f 475//1384 472//1395 431//1385
f 477//1387 473//2401 431//1388
f 478//1390 476//1288 431//1391
f 475//1393 189//2433 434//1394
f 186//1396 185//1396 471//1396
f 476//1397 427//2434 428//1398
f 478//1400 472//1392 434//1401
f 480//586 185//2435 187//1403
f 480//1404 479//2436 189//1405
f 481//1276 433//1275 432//1407
f 481//1409 427//2437 436//1410
f 50//1412 487//2438 484//1413
f 49//1415 486//2439 483//1416
f 49//1418 51//2440 488//1419
f 54//1420 53//2441 484//1421
f 52//1423 483//2442 487//1424
f 51//1426 54//2443 485//1427
f 15//1429 493//2444 490//1430
f 13//1432 492//2445 489//1433
f 13//1435 11//2446 494//1436
f 16//1438 490//2447 491//1439
f 15//1441 12//2448 489//1442
f 11//1444 14//2449 491//1445
f 496//1447 499//2450 242//1448
f 495//1450 498//2451 240//1451
f 240//1453 498//2452 500//1454
f 241//1456 497//2453 496//1457
f 242//1459 499//2454 495//1460
f 236//1462 500//2455 497//1463
f 502//1465 505//2456 285//1466
f 501//1468 504//2457 284//1469
f 284//1471 504//891 506//893
f 289//1473 503//2458 502//1474
f 505//1476 501//2459 287//1477
f 286//1479 506//2460 503//1480
f 72//1482 75//2461 512//1483
f 71//1485 73//2462 510//1486
f 75//1488 74//2463 511//1489
f 70//1491 72//2464 509//1492
f 70//1494 507//2465 510//1495
f 74//1497 71//2466 508//1498
f 309//1500 515//2467 518//1501
f 308//1503 514//2468 516//1504
f 312//1506 518//2469 517//1507
f 307//1509 513//2470 515//1510
f 516//1512 513//2471 307//1513
f 311//1515 517//2472 514//1516
f 551//1518 520//2473 521//1519
f 525//522 526//521 555//1521
f 524//517 525//519 554//1523
f 526//1525 520//2474 551//1526
f 556//1528 519//502 523//504
f 521//1530 522//2475 552//1531
f 522//1533 519//2476 556//1534
f 553//1536 523//2477 524//1537
f 170//1539 532//538 533//540
f 171//1541 172//2478 534//1542
f 173//1543 533//2479 534//1544
f 161//1546 529//529 532//531
f 159//1548 171//2480 531//1549
f 161//1551 162//2481 530//1552
f 160//1554 528//2482 530//1555
f 159//1557 527//2483 528//1558
f 559//1560 565//1640 537//1561
f 563//1563 542//1211 541//1213
f 562//1565 541//2379 540//1208
f 559//1567 536//2484 542//1568
f 564//1570 561//1631 539//1571
f 560//1572 538//2485 537//1573
f 564//1575 535//2486 538//1576
f 561//1578 566//2487 540//1579
f 549//1231 548//1230 407//1581
f 408//1583 547//1226 550//1228
f 550//1585 549//2488 410//1586
f 548//1222 545//1221 398//1588
f 396//1590 543//2489 547//1591
f 398//1593 545//2490 546//1594
f 546//1596 544//2491 397//1597
f 544//1599 543//2492 396//1600
f 135//1602 553//2493 558//1603
f 552//1605 556//2494 137//1606
f 136//1608 557//1532 552//1609
f 137//1611 556//1528 553//1529
f 555//1613 551//2495 134//1614
f 558//1524 554//1523 139//1616
f 554//1522 555//1521 138//1618
f 134//1620 551//1518 557//1520
f 372//1622 406//2496 566//1623
f 374//1625 564//2497 560//1626
f 373//1628 387//2498 560//1629
f 374//1630 372//2499 561//1631
f 371//1632 559//2500 563//1633
f 376//1635 562//1565 566//1566
f 375//1637 563//1563 562//1564
f 371//1639 373//2501 565//1640
f 83//1641 87//2502 570//296
f 82//1642 83//2503 572//1643
f 87//1645 86//2504 569//1646
f 85//1648 568//2079 569//1649
f 82//1651 571//2078 567//1652
f 84//1654 567//2505 568//1655
f 320//1657 578//989 576//988
f 319//1659 577//2506 578//1660
f 324//1662 576//2507 575//1663
f 575//1665 574//980 322//1666
f 573//1668 577//977 319//1669
f 574//1671 573//2508 321//1672
f 120//1674 119//2509 585//1675
f 118//1677 114//2510 583//1678
f 121//1680 586//1702 580//1681
f 121//1683 120//2511 582//1684
f 118//1686 581//1707 585//1687
f 114//1689 115//2512 579//1690
f 116//1692 580//2513 584//1693
f 117//1695 584//2514 579//1696
f 582//1698 585//2515 593//1699
f 581//1679 583//1678 591//1701
f 586//1702 594//2516 588//1703
f 586//1704 582//2517 590//1705
f 581//1707 589//332 593//334
f 583//1691 579//1690 587//1708
f 580//1709 588//2518 592//1710
f 584//1712 592//2519 587//1713
f 209//1715 207//2520 600//1716
f 209//1718 596//122 595//124
f 207//1720 206//2521 599//1721
f 205//1723 598//116 599//118
f 208//1725 595//113 597//115
f 204//1727 597//2522 598//1728
f 3//1730 604//110 601//112
f 1//1732 606//2020 603//107
f 1//1734 225//2523 605//1735
f 225//1737 230//2524 602//1738
f 230//1740 223//2525 601//1741
f 5//1743 603//2526 604//1744
f 36//1746 607//2527 608//1747
f 36//1749 35//2528 611//1750
f 33//1752 608//239 609//241
f 31//1754 34//2529 609//1755
f 35//1756 32//2530 612//1757
f 31//1759 610//2531 612//1760
f 613//803 616//802 221//1762
f 615//798 618//800 219//1764
f 219//1766 618//2532 617//1767
f 225//1769 617//2533 614//1770
f 230//1772 614//2534 613//1773
f 616//1775 615//2535 227//1776
f 620//1778 619//2536 271//1779
f 271//1781 619//2537 623//1782
f 621//932 620//931 268//1784
f 266//1786 622//929 621//1787
f 270//1789 623//2538 624//1790
f 624//1792 622//2539 266//1793
f 235//1795 632//2540 630//1796
f 232//1798 233//2541 627//1799
f 232//1801 631//2542 632//1802
f 231//1804 630//2543 628//1805
f 625//1807 629//2544 10//1808
f 9//1810 626//2545 627//1811
f 629//1813 626//2546 9//1814
f 628//1816 625//2547 8//1817
f 246//1819 638//2548 636//1820
f 247//1822 639//720 640//722
f 248//1824 635//717 639//719
f 250//1826 640//2549 638//1827
f 636//1829 633//2550 17//1830
f 637//31 634//30 18//1832
f 634//28 635//27 248//1834
f 633//1836 637//2551 19//1837
f 459//1839 642//2552 646//1840
f 641//815 642//814 459//1842
f 457//1844 646//2553 645//1845
f 645//809 644//808 455//1847
f 643//806 641//805 458//1849
f 644//1851 643//2554 454//1852
f 357//1854 650//2555 653//1855
f 355//1857 649//1881 651//1858
f 648//1860 654//1883 358//1861
f 358//1863 654//2556 650//1864
f 653//1866 649//1887 355//1867
f 351//1869 651//1888 647//1870
f 652//1872 648//2557 353//1873
f 647//1875 652//2558 354//1876
f 650//1878 658//2559 661//1879
f 649//1881 657//1032 659//1034
f 656//1882 662//2560 654//1883
f 654//1884 662//2561 658//1885
f 661//1025 657//1024 649//1887
f 651//1888 659//1011 655//1013
f 660//1889 656//2562 648//1890
f 655//1892 660//2563 652//1893
f 669//1895 670//2564 673//1896
f 667//1898 669//2565 678//1899
f 670//707 668//706 677//1901
f 677//1903 668//2566 664//1904
f 671//1906 666//2567 665//1907
f 676//1909 665//2568 667//1910
f 674//1912 663//14 666//16
f 674//1914 675//2569 664//1915
f 190//1917 439//2570 675//1918
f 192//1920 190//2571 674//1912
f 191//1921 676//2572 672//1922
f 192//1924 671//2573 676//1925
f 438//1927 677//2574 675//1928
f 441//1930 673//1902 677//1901
f 672//1932 678//2575 440//1933
f 678//1935 673//2576 441//1936
f 680//1938 11//2577 13//1939
f 687//1941 679//2578 243//1942
f 688//1946 4//2579 6//1947
f 681//1949 683//2580 13//1950
f 243//1954 679//13 685//1952
f 685//1952 2//2581 226//1953
f 684//1955 14//2582 11//1956
f 686//1958 6//2583 2//1959
f 696//1963 690//2584 228//1964
f 692//1966 237//2585 240//1967
f 220//1971 693//704 694//1969
f 694//1969 243//2586 226//1970
f 698//1972 691//2587 236//1973
f 690//1975 693//2588 220//1976
f 697//1978 689//2589 240//1979
f 695//1981 238//2590 243//1982
